pixel,row,col,x_um,y_um,dV_pos_d1_V,dV_neg_d1_V,deltaNu_pos_d1_MHz,deltaNu_neg_d1_MHz,dV_pos_d2_V,dV_neg_d2_V,deltaNu_pos_d2_MHz,deltaNu_neg_d2_MHz,dV_pos_d3_V,dV_neg_d3_V,deltaNu_pos_d3_MHz,deltaNu_neg_d3_MHz,dV_pos_d4_V,dV_neg_d4_V,deltaNu_pos_d4_MHz,deltaNu_neg_d4_MHz,Bx_pos_nT,Bx_neg_nT,Bx_odd_nT,Bx_even_nT,By_pos_nT,By_neg_nT,By_odd_nT,By_even_nT,Bz_pos_nT,Bz_neg_nT,Bz_odd_nT,Bz_even_nT
960,0,0,-100.0,-100.0,-0.00014887343096080577,5.283590700825274e-05,0.024820511997432022,-0.008808920808299224,0.00030261850585282306,-0.0005116075148906599,-0.04412956702194156,0.07460554354952952,-4.597814463020009e-05,7.734322552399832e-05,0.017310117378068417,-0.02911862414168498,6.76659418858911e-05,-4.381550653526587e-05,-0.0350600735159894,0.02270233499235515,469.14930856721276,-43.12485454301245,256.1370815551126,213.01222701210014,428.76497247644426,-1474.1384208646193,951.4516966705318,-522.6867241940876,-1841.5963550200488,2053.942028028794,-1947.7691915244213,106.17283650437264
899,0,1,-93.33333333333333,-100.0,0.0007240456521085478,-0.0012240366144422267,-0.12071451352242978,0.20407412711579065,-4.73617641759483e-05,4.579404514998843e-05,0.006906564225442275,-0.0066779504411242875,0.00017861199973935393,-0.00020729128619572707,-0.0672448770059534,0.07804222037141374,-4.4745953421205523e-05,3.8892393123286555e-05,0.023184431824448008,-0.020151499027600217,1236.4349435666666,-1716.006783165256,1476.2208633659611,-239.78591979929467,2635.231773892515,-4559.213813190786,3597.2227935416504,-961.9910196491355,3269.190604359794,-4672.657685298716,3970.924144829255,-701.7335404694611
898,0,2,-86.66666666666667,-100.0,0.0006376348676974658,-0.0010795005391726557,-0.10630791392073571,0.17997674877811667,-5.943740516421568e-05,4.206504163688477e-05,0.008667503487312201,-0.006134165750915697,0.00014739599549922532,-0.0001791971004033381,-0.05549249548171102,0.06746515908242717,-4.0761781411162e-05,5.2345281635961366e-05,0.021120093995410875,-0.027121907583387023,980.3351767389404,-1272.2244243828723,1126.2798005609063,-145.94462382196593,2260.7407404563514,-4011.7723404504222,3136.256540453387,-875.5157999970354,2878.517953442041,-4243.83988417138,3561.1789188067105,-682.6609653646694
837,0,3,-80.0,-100.0,0.0006635648410893903,-0.0010987513910270144,-0.1106310171871392,0.18318629393555777,-5.033969317471226e-05,5.1396412152446456e-05,0.007340822920121873,-0.007494919745165212,0.00014993729646992787,-0.00019233135374290965,-0.05644925914517921,0.07241001861971123,-5.0640568004695066e-05,3.987726896360996e-05,0.026238636271850493,-0.020661797390461846,900.0331199997524,-1532.2648259489433,1216.148972974348,-316.11585297459544,2388.605101936791,-4058.8837855156585,3223.7444437262247,-835.1393417894337,3013.8964544924256,-4288.705959133825,3651.301206813125,-637.4047523206996
836,0,4,-73.33333333333333,-100.0,0.0006869424729524927,-0.0010764213389641243,-0.11452858835470667,0.17946337761964268,-6.75001031646758e-05,5.883817456447427e-05,0.009843252375458593,-0.008580120242727193,0.0001382422224400607,-0.0001744734288135595,-0.05204623014454336,0.06568676392681215,-6.111113412916531e-05,5.110187970017281e-05,0.03166380006691027,-0.026477657875724862,678.2355543910453,-1237.8024660810547,958.01901023605,-279.7834558450047,2418.1472121059405,-3944.362872785842,3181.2550424458914,-763.1078303399506,3133.265068654059,-4240.26058925435,3686.7628289542045,-553.4977603001453
775,0,5,-66.66666666666666,-100.0,0.0008229726417953865,-0.0015520457496877931,-0.13720784291334343,0.258760545129313,-7.128942106459325e-05,6.356112549996621e-05,0.010395832455650969,-0.009268848049580149,0.0002292763182226533,-0.00030661826608072417,-0.08631927217521182,0.11543741529385092,-7.877095837748887e-05,5.5845006976080905e-05,0.040813968071218724,-0.02893523677515796,1300.333971787073,-2474.7447396734824,1887.5393557302777,-587.2053839432047,2937.3007107896906,-5768.532659457486,4352.916685123589,-1415.6159743338978,4106.526864814302,-6215.94069191989,5161.2337783670955,-1054.706913552794
774,0,6,-60.0,-100.0,0.0008969135837880407,-0.00148172972081202,-0.1495354424452792,0.24703729923473572,-7.333062281555875e-05,6.711293986010531e-05,0.010693492207888147,-0.009786794000749053,0.00020464945987655283,-0.00025618928428367525,-0.07704761034429797,0.09645162103911668,-8.657101337778775e-05,6.827303289629028e-05,0.0448554473459831,-0.03537462844365723,1021.1940353117375,-1871.767820666643,1446.4809279891901,-425.2868926774528,3208.483397529528,-5477.952472438628,4343.217934984078,-1134.7345374545503,4234.843214371729,-5872.7262674024405,5053.784740887085,-818.9415265153557
713,0,7,-53.33333333333333,-100.0,0.0009299045099639911,-0.001965430982834079,-0.155035763581642,0.3276810574910514,-5.773761332970914e-05,3.729042190755829e-05,0.008419630088186086,-0.005437903304057702,0.0002847325286231685,-0.00039169651628729685,-0.10719774648287766,0.14746816619172676,-9.35146930616177e-05,7.905147566158495e-05,0.04845320884019383,-0.04095931381427362,1647.7408397454417,-3085.055791602673,2366.3983156740574,-718.6574759286156,3397.098102882083,-7446.03976032138,5421.5689316017315,-2024.4708287196484,4756.054948737132,-7853.620927877898,6304.837938307515,-1548.782989570383
712,0,8,-46.666666666666664,-100.0,0.0009954588746937268,-0.0019467220907043862,-0.1659651341601088,0.3245618690733011,-4.179022553792931e-05,2.7795649684678862e-05,0.006094090490404492,-0.004053321135208433,0.0002544873981048065,-0.00031740290350364754,-0.09581088510343955,0.11949767786364789,-0.00010225350645812068,8.435911461456648e-05,0.05298109142905337,-0.043709385810635826,1314.257318206798,-2381.6610539347053,1847.9591860707515,-533.7018678639537,3694.268428494236,-7393.350771967509,5543.809600230872,-1849.5411717366364,4798.9705776887795,-7435.745143650032,6117.357860669406,-1318.3872829806264
651,0,9,-40.0,-100.0,0.001087362752519144,-0.002705625215547546,-0.18128755460447166,0.45108789855681175,5.640498617812356e-06,-5.6373657279345924e-05,-0.0008225298750003629,0.008220730190211044,0.0003271075029591971,-0.00043482622781285487,-0.12315132150311657,0.16370588902709446,-0.00013897369781125515,9.895556018649516e-05,0.07200709731149758,-0.051272310977434725,1564.1034532775263,-3508.4310386524958,2536.267245965011,-972.1637926874847,4206.827481013187,-10589.773562566017,7398.3005217896025,-3191.473040776415,5589.002501176631,-9943.015154852681,7766.008828014656,-2177.006326838025
650,0,10,-33.33333333333333,-100.0,0.0011785068535006302,-0.002691723621862033,-0.19648330335094694,0.44877019370761306,3.724519180533806e-05,-9.643410442606592e-05,-0.005431307591010636,0.014062574469720876,0.00030671452472830565,-0.00037199263369376166,-0.11547365530531052,0.14004993469845892,-0.00013280953103702992,9.974896628115017e-05,0.06881322851656373,-0.05168340221818842,1503.3809453045915,-2970.6952071703395,2237.0380762374652,-733.657130932874,4657.371528275642,-10658.417974254682,7657.894751265162,-3000.52322298952,5600.024527065519,-9492.624824373575,7546.324675719547,-1946.3001486540284
589,0,11,-26.666666666666657,-100.0,0.0014126435660759844,-0.003925794394973936,-0.23551910071257184,0.65451723824082,0.0002952448616128512,-0.0004803594751651109,-0.0430542999071074,0.07004877508790887,0.00038366722990369225,-0.00043039949047301847,-0.1444452540912017,0.16203928539245988,-0.00015724804005254645,0.00010803066186350241,0.08147566842097054,-0.05597443619867981,2069.4938456781615,-3946.3167727945943,3007.905309236378,-938.4114635582164,6408.793987571055,-16650.146321744123,11529.470154657589,-5120.676167086534,6204.520136145358,-12190.997395483613,9197.758765814486,-2993.2386296691275
588,0,12,-20.0,-100.0,0.001557519436934701,-0.0037630551359604113,-0.25967313053226404,0.6273849843206304,0.00033395109037709006,-0.0005595029169175042,-0.04869866429124985,0.08158992590853303,0.0003909711654140713,-0.00041225203941175825,-0.14719508190664293,0.15520702822963317,-0.00016486826142154834,0.00012266469986259868,0.08542396964843081,-0.0635568393070163,2108.0592724745884,-3600.6928082240406,2854.3760403493143,-746.3167678747261,7090.248389970412,-16282.145492605567,11686.19694128799,-4595.948551317577,6589.109854670225,-11602.1514841038,9095.630669387014,-2506.5208147167878
527,0,13,-13.333333333333329,-100.0,0.00213957952286576,-0.005805133658165588,-0.35671549230789656,0.9678448913233507,0.0006293594902066214,-0.0012214023714595813,-0.09177681227953556,0.178111902509683,0.00031721040965189737,-0.000319006503179842,-0.1194252066668401,0.12010141032927082,-9.571710602780166e-05,4.7398102970404456e-05,0.04959435545479639,-0.024558602575327645,2591.947131124464,-4623.147121090799,3607.547126107632,-1015.5999949831678,10288.574600507225,-26270.06830019378,18279.3214503505,-7990.746849843277,6511.230967347095,-14334.468907152286,10422.849937249692,-3911.6189699025954
526,0,14,-6.666666666666657,-100.0,0.002193235390122269,-0.004891598460162518,-0.3656611187261083,0.8155382561113149,0.0006685050743551568,-0.00129411119412741,-0.09748524598694404,0.1887147202519889,0.00029677581936561056,-0.0003058606336298757,-0.11173187412214185,0.11515217745402286,-0.00010147943796900184,6.307916250584835e-05,0.05258001967303343,-0.032683503889025356,2383.4587793936835,-4059.358304706811,3221.408542050247,-837.9497626565637,10618.42986315696,-23008.24106834995,16813.335465753455,-6194.905602596496,6498.228478195307,-11839.29903815092,9168.763758173114,-2670.535279977807
465,0,15,0.0,-100.0,0.0025488991308198843,-0.005342539594727953,-0.4249581745275616,0.8907201725109154,0.0006394988141377043,-0.0014947677399122568,-0.09325538667706929,0.217975609174328,7.359721452361428e-05,-7.223709811916178e-05,-0.02770830428998763,0.02719623981243486,1.75168662717491e-05,-4.5175711878627797e-05,-0.009076096513855405,0.02340710460031437,1946.1004606115653,-3536.7320940434456,2741.4162773275057,-795.3158167159402,11869.872343164856,-25375.47082414916,18622.671583657007,-6752.799240492152,5416.317025085504,-10504.479720474004,7960.398372779754,-2544.0813476942503
464,0,16,6.666666666666671,-100.0,0.0024100200968591935,-0.004696089668655597,-0.40180395079290065,0.7829425923056051,0.0006883625453298451,-0.0015752591433680016,-0.10038097635146427,0.22971332750546652,6.702737427894825e-05,-8.207401218916386e-05,-0.02523485289900592,0.030899698021965655,2.2562075007012176e-05,-4.55647058095526e-05,-0.011690194304145935,0.023608655859860807,1923.3232588132123,-3448.186653065368,2685.75495593929,-762.4316971260778,11498.762249319123,-23167.552045381708,17333.157147350415,-5834.3948980312925,4869.301457283488,-8684.08443244199,6776.69294486274,-1907.3914875792511
403,0,17,13.333333333333343,-100.0,0.0018848889192919337,-0.0027552495674283586,-0.3142529041829433,0.45936138169798263,0.0003918607282555356,-0.0012587652115841248,-0.05714337998625132,0.18356036625369482,-0.00015926056539417008,0.0001253527652032736,0.05995933726433684,-0.04719353285754091,0.00014035616885184324,-0.00015800951164720705,-0.07272340355014394,0.08187021328867014,1042.112287158278,-2194.3083248851976,1618.2103060217378,-576.0980188634599,8499.886850334631,-14687.109147749581,11593.497999042105,-3093.611148707475,2102.2476649535,-2415.569933687934,2258.9087993207168,-156.66113436721685
402,0,18,20.0,-100.0,0.0014878371000084665,-0.0023791674035858836,-0.24805553517945694,0.3966601206373044,0.0003066539956370589,-0.00099777282426354,-0.044718045298899306,0.14550095869690202,-0.00015456628012069522,9.975195032679453e-05,0.05819200563876676,-0.037555190248235754,0.00013804488272641343,-0.00016202778372505802,-0.07152584597220159,0.08395221954662305,889.0951723012805,-2226.605917671471,1557.8505449863758,-668.7553726850954,6700.765932095667,-12394.957983953253,9547.86195802446,-2847.0960259287926,1306.5301207041311,-2139.8323293270664,1723.1812250155988,-416.65110431146763
341,0,19,26.66666666666667,-100.0,0.0008374974847487578,-0.001105137366840927,-0.13962945727702317,0.1842509781326074,0.00032896212819654683,-0.0009256155676762595,-0.04797114519820639,0.13497857348548178,-0.00019929015534932265,0.00015215190177980307,0.07502990843010995,-0.05728302653984814,0.00014906740938493244,-0.0001862056468287281,-0.07723699968127613,0.09647960975577269,427.94878725910684,-1606.9903455394367,1017.4695663992718,-589.5207791401649,4280.20369008143,-7278.199502146908,5779.20159611417,-1498.9979060327391,-756.2203255556248,1470.3719048116093,-1113.296115183617,357.07578962799226
340,0,20,33.33333333333334,-100.0,0.0006352217251283993,-0.0008763526942058662,-0.10590558938437974,0.14610748486239394,0.0002647193659448061,-0.0007267174217456978,-0.03860289696608525,0.10597410452001997,-0.00016217791040688858,0.00012194779723155004,0.061057676160102325,-0.04591161085452942,0.0001429683316488998,-0.00017641845460337422,-0.07407685577659748,0.09140852570118754,583.007622114277,-1593.6345837222862,1088.3211029182817,-505.3134808040046,3299.705010180611,-5752.1645551066695,4525.934782643641,-1226.2297724630291,-894.7407535920097,1375.8594930486593,-1135.3001233203345,240.55936972832478
279,0,21,40.0,-100.0,0.00026892929938724855,-0.00038646532444010446,-0.04483649539627741,0.06443236486154771,0.0003117920260418221,-0.0007533329707401968,-0.0454673023757882,0.109855336600882,-9.538552116301695e-05,8.020750637480762e-05,0.03591129178395616,-0.030196985135371012,8.417430932758831e-05,-0.00010416314075625658,-0.04361363177593215,0.05397053925192125,376.163900982569,-965.657985920503,670.910943451536,-294.74704246896704,2053.0013132894455,-3959.162257761671,3006.081785525558,-953.0804722361127,-1158.8083365832076,1942.5929626567906,-1550.7006496199992,391.8923130367915
278,0,22,46.666666666666686,-100.0,0.00020745661022933425,-0.00031362106272132703,-0.03458763091514567,0.05228760632225538,0.00026417690048844545,-0.0006023413068464302,-0.03852379154044021,0.08783686574505449,-8.780831752659755e-05,7.42287917508781e-05,0.033058582406514374,-0.027946084131370588,9.726809484534022e-05,-0.0001202685295791136,-0.05039797660377972,0.062315300300029804,552.788524484755,-1115.6067468206045,834.1976356526798,-281.4091111679247,1664.655918575367,-3187.911185865076,2426.2835522202213,-761.6276336448544,-1269.843654511668,1876.6677983799484,-1573.2557264458082,303.41207193414016
217,0,23,53.33333333333334,-100.0,0.00010060852636719459,-0.00017485329961824006,-0.016773678954160334,0.029151933914303964,0.00023488820239927978,-0.00043879665147410863,-0.03425274551941515,0.0639878456397103,-6.070386568051995e-05,4.579298856624673e-05,0.022854141868571664,-0.017240408753980342,5.1769088093083004e-05,-8.06541635980265e-05,-0.026823361706248116,0.04178972207149684,210.93016011907187,-785.7056604965986,498.31791030783523,-287.3877501887634,1156.0839537722604,-2117.271110979281,1636.6775323757706,-480.5935786035102,-991.338979544365,1410.307108928591,-1200.823044236478,209.48406469211307
216,0,24,60.0,-100.0,8.162291421187845e-05,-0.00014677531296853827,-0.013608355153678583,0.024470709064410255,0.00016636416525551225,-0.00029456720638415925,-0.024260177215543546,0.04295548033310925,-6.14756579519089e-05,5.144105731451253e-05,0.023144710679398658,-0.019366826289490525,6.56462448912607e-05,-7.490749389727112e-05,-0.03401359838923839,0.038812173003749326,329.7655228048885,-599.6664103506926,464.71596657779054,-134.95044377290202,860.4889244278975,-1534.1239735374033,1197.3064489826504,-336.81752455475294,-993.1790804995715,1137.0073949318485,-1065.09323771571,71.9141572161385
155,0,25,66.66666666666669,-100.0,2.089362035496799e-05,-7.495562624171208e-05,-0.0034834312028907514,0.012496769963589047,0.00017337012152667745,-0.00031145357382822403,-0.025281825960883464,0.04541794733188033,-5.492709260317072e-05,6.087574105186372e-05,0.02067926898408169,-0.022918850500820508,3.989682007583214e-05,-7.485189065611588e-05,-0.02067192750042152,0.03878336303423885,70.57465679535467,-501.41885143832803,285.9967541168414,-215.4220973214867,647.8026426873857,-1313.2951585751334,980.5489006312596,-332.74625794387384,-936.4150022569759,1411.742689004397,-1174.0788456306864,237.66384337371062
154,0,26,73.33333333333334,-100.0,-6.165487310968117e-06,-6.076018035091434e-05,0.0010279238597798402,0.010130073416276966,0.00019936061690029876,-0.00035051183748766393,-0.029071909136039634,0.05111364746450273,-7.540514697436119e-05,7.023259266306592e-05,0.028388965138435435,-0.026441572023878493,5.976271740495186e-05,-7.855469135532074e-05,-0.030965138551774088,0.04070191261931819,126.85429421586718,-475.79939201308673,301.32684311447696,-174.47254889860977,629.8152284820353,-1386.4784172469365,1008.1468228644859,-378.3315943824506,-1325.493875721555,1615.770879393674,-1470.6323775576145,145.1385018360595
93,0,27,80.0,-100.0,-6.953673547665914e-05,1.9740024154325103e-05,0.011593320352877919,-0.0032911010594027105,0.00017183052342946252,-0.00032405793833032684,-0.025057312931759782,0.04725598809048167,-6.67351052678943e-05,7.873501397737469e-05,0.02512481777410023,-0.02964261269509783,4.7507037131560174e-05,-6.385744012677169e-05,-0.024615045145874623,0.033086756542353324,26.83072209074547,-194.4236219073623,110.62717199905389,-83.79644990830842,296.12845614190616,-987.7327991669663,641.9306276544362,-345.8021715125301,-1288.2014664889432,1696.5525346850613,-1492.3770005870024,204.17553409805907
92,0,28,86.66666666666669,-100.0,-0.00011732072477442301,4.8670447129966305e-05,0.019559974120416587,-0.008114446003650907,0.00021297114641276402,-0.0003861174835906281,-0.031056674650071222,0.056305867093081774,-8.242054097611266e-05,8.370041058303261e-05,0.031030161180607845,-0.0315120138804633,5.580146686266924e-05,-5.808681192578178e-05,-0.028912677130903223,0.03009679374391435,-10.162837853438162,-101.72507766120948,45.78111990388566,-55.94395775732382,247.40645224485138,-1079.1885053567485,663.2974788007999,-415.89102655594854,-1652.6388385702337,1896.5451678135944,-1774.592003191914,121.95316462168034
31,0,29,93.33333333333334,-100.0,-0.00014073370279685322,9.984228080079035e-05,0.023463438278868976,-0.016645928776367207,0.00017108379446317465,-0.0003281498292329758,-0.02494842062898352,0.047852691102169734,-7.438024791081316e-05,8.31524442828503e-05,0.028003105221003365,-0.031305712363695455,4.095078057946658e-05,-4.6529771279535784e-05,-0.02121802102562046,0.02410868978213165,-138.72157942126776,69.11988460149345,-103.92073201138061,-34.800847409887155,18.93817245581114,-691.0561482091953,354.9971603325032,-336.0589878766921,-1461.6881712548072,1805.1690532935397,-1633.4286122741735,171.74044101936624
30,0,30,100.0,-100.0,-0.00015439999394262606,9.450496658709272e-05,0.025741912961388766,-0.015756079791090425,0.00016871367340244854,-0.0003073019828308934,-0.024602795975578167,0.04481253850981214,-6.583142036345883e-05,8.481664517774815e-05,0.024784593263207467,-0.03193226032606031,4.747075624546345e-05,-5.474617956748728e-05,-0.02459624675929602,0.02836589614894391,5.017114286575321,-4.700120153463251,4.858617220019286,0.15849706655603502,-38.74903119973217,-644.1027653610641,302.676867080666,-341.42589828039814,-1497.0361354746924,1814.7864625254722,-1655.9112990000822,158.8751635253899
959,1,0,-100.0,-93.33333333333333,0.0003904580054033975,-0.0007808510144963253,-0.06509803357833456,0.13018523082614733,0.00016377126091463324,-0.00029874543945880355,-0.02388206502584173,0.043564774255770024,7.191878347794173e-05,-6.378211454800424e-05,-0.02707639887829117,0.02401305877667282,6.154696227665229e-06,-1.0519169396428927e-06,-0.0031889617759908594,0.00054503468375254,888.6737890488222,-945.1091685836398,916.891478816231,-28.217689767408785,2044.4080828960095,-3979.791093911527,3012.0995884037684,-967.6915055077586,968.3146740330583,-1670.8486575494003,1319.5816657912292,-351.266991758171
900,1,1,-93.33333333333333,-93.33333333333333,0.0008096168051733343,-0.0014398642151833992,-0.1349811279046683,0.24005738832633922,-4.12898504684448e-05,4.739391213089626e-05,0.006021122926498587,-0.006911252224705559,0.000192857634887463,-0.0002243586641244963,-0.07260815598387313,0.0844678453647458,-4.778781367377432e-05,3.354481316959576e-05,0.024760525219560642,-0.01738073221221768,1354.493223812515,-1995.1301772688712,1674.811700540693,-320.3184767281781,2984.3377221245564,-5383.436184107659,4183.886953116107,-1199.5492309915512,3575.6918061535894,-5286.630679598561,4431.161242876075,-855.4694367224859
897,1,2,-86.66666666666667,-93.33333333333333,0.0005794085720426459,-0.0009998136716503389,-0.09660029543878533,0.16669117566671202,-6.794116491600715e-05,5.182213935201944e-05,0.009907570530957178,-0.007557001728333011,0.0001215852683162583,-0.00014993995729713244,-0.0457751238751805,0.056450260908769374,-5.509506474244976e-05,4.4153975634060536e-05,0.028546665669649775,-0.02287770758240412,569.104722906686,-1084.9828287010166,827.0437758038513,-257.9390528971653,2003.6172215905558,-3671.6342428639705,2837.625732227263,-834.0085106367073,2721.2800220011795,-3843.4046682226026,3282.342345111891,-561.0623231107115
838,1,3,-80.0,-93.33333333333333,0.0006532531013696028,-0.001134279668074583,-0.10891182083505968,0.18910964789479734,-3.775864902209514e-05,4.4465490527721024e-05,0.005506182868700366,-0.006484212982536168,0.0001514350960300651,-0.00019373795843234863,-0.0570131593721963,0.07293958527522906,-3.741828196308789e-05,2.153320153895016e-05,0.019387710861694527,-0.011157099242974155,1068.268927122332,-1771.7481312300845,1420.0085291762082,-351.7396020538763,2392.9151432347053,-4220.900186168021,3306.907664701363,-913.9925214666578,2864.8196085831964,-4232.380328127813,3548.5999683555046,-683.7803597723084
835,1,4,-73.33333333333333,-93.33333333333333,0.000643597550623931,-0.0010140755047373267,-0.10730202577909798,0.1690689404361298,-6.597306392884154e-05,4.646992575696226e-05,0.009620570751567236,-0.006776511229600283,0.00012971078990403205,-0.00015989458073622793,-0.04883426716105389,0.060198035021255654,-6.536572760716509e-05,5.285048420583454e-05,0.03386825264618374,-0.027383670572958492,541.8550125034703,-1076.8031370113026,809.3290747573865,-267.47406225391614,2255.2648646188645,-3743.8739393701153,2999.56940199449,-744.3045373756254,3004.8547519886315,-3986.6829864480774,3495.7688692183547,-490.91411722972293
776,1,5,-66.66666666666666,-93.33333333333333,0.0008218583215581693,-0.0016537822622963415,-0.1370220609464852,0.2757222844771633,-6.025591530379531e-05,4.9081486377428085e-05,0.008786863332675672,-0.007157343985045714,0.00022500731987702992,-0.0003193063795779241,-0.0847120550279374,0.12021430952717155,-5.5799560552975116e-05,4.9948318327644175e-05,0.028911689405673107,-0.02587995768270512,1534.340044138685,-2691.9527329579655,2113.1463885483254,-578.8063444096402,2972.467678051514,-6208.3802928237255,4590.42398543762,-1617.9563073861057,3880.3247542639474,-6468.72132644592,5174.523040354934,-1294.1982860909861
773,1,6,-60.0,-93.33333333333333,0.0009051143784583686,-0.0015764299633386917,-0.15090269730861972,0.26282593586803665,-8.411945829502793e-05,5.317710853599521e-05,0.012266782106462586,-0.007754591109882613,0.00019240675947596974,-0.0002354305771118248,-0.0724384078055026,0.08863626309782087,-9.857291045423226e-05,7.635845483254625e-05,0.05107404686745404,-0.03956396623446147,774.6592142641755,-1636.255634923887,1205.4574245940312,-430.7982103298558,3200.538253602923,-5881.619057157305,4541.078655380114,-1340.5404017771912,4308.870085350915,-6040.706787390305,5174.788436370611,-865.9183510196949
714,1,7,-53.33333333333333,-93.33333333333333,0.000908981504388496,-0.002119115355035001,-0.15154743320894015,0.35330366039213623,-6.126581157007643e-05,3.4359679645214925e-05,0.008934132201254833,-0.005010525650051908,0.00027542111034343386,-0.00040013935617130207,-0.10369212996279241,0.15064677530202944,-9.010078215868467e-05,4.649972783875799e-05,0.046684343087379614,-0.02409312323250586,1598.783785323173,-3586.972458160817,2592.878121741995,-994.094336418822,3304.575677421179,-8050.546099112797,5677.560888266988,-2372.985210845809,4634.974503319988,-8042.3266887454965,6338.650596032742,-1703.6760927127543
711,1,8,-46.666666666666664,-93.33333333333333,0.0009961075131453617,-0.0021694978279434085,-0.16607327661619983,0.3617035391697849,-4.1272991562134816e-05,1.2989025135021362e-05,0.006018664464039967,-0.001894134179369657,0.00023303535203811972,-0.0002660970326214959,-0.08773449493152792,0.10018174734280812,-0.00010888705243044885,7.989449155971693e-05,0.056418161881035274,-0.04139610961641434,1053.0288375896966,-2071.0558746146767,1562.0423561021867,-509.01351851249,3694.0509149284794,-8287.428742900443,5990.739828914461,-2296.6889139859823,4738.184752446608,-7679.833181316363,6209.008966881485,-1470.8242144348774
652,1,9,-40.0,-93.33333333333333,0.0010509103091820788,-0.002871549911945541,-0.1752101215706247,0.4787512357354984,6.504989661108762e-06,-3.762985243825659e-05,-0.0009485949195934082,0.00548740101177895,0.0003333632718201224,-0.0004360798525206105,-0.1255065294860319,0.16417786089576886,-0.00011004203209738915,8.894772405191516e-05,0.05701659694162582,-0.04608690365382056,1941.9332358325603,-3681.7422106979,2811.83772326523,-869.90448743267,4075.956051049826,-11165.043912945466,7620.499981997646,-3544.54393094782,5303.55973852625,-10348.300735910694,7825.930237218472,-2522.370498692222
649,1,10,-33.33333333333333,-93.33333333333333,0.001132503992716285,-0.002960281223598781,-0.18881360332022323,0.49354471883871875,5.292433869913949e-05,-0.00011924058716615778,-0.007717730761817599,0.017388346652017998,0.0003225114221364555,-0.00031064413280577864,-0.12142096245621214,0.1169530968447193,-0.00013457425529746485,0.0001101888941962177,0.06972759341834306,-0.05709269129335043,1610.5378949331293,-2419.182508341703,2014.8602016374161,-404.3223067042868,4534.9628206244615,-11749.955959893961,8142.459390259211,-3607.49656963475,5540.0976615869895,-9899.040495264524,7719.569078425757,-2179.4714168387673
590,1,11,-26.666666666666657,-93.33333333333333,0.0013066026374824577,-0.004189692684091594,-0.21783971948660016,0.6985149523317317,0.0002574123837770201,-0.0004093129952632489,-0.03753735089714039,0.05968836970666276,0.0003713858009873269,-0.0004207165527296853,-0.13982147081715787,0.1583937970794858,-0.00014722846105025072,0.00011340708047024553,0.0762841767099389,-0.05876014532134334,2029.009791685193,-3856.853773003904,2942.9317823445485,-913.9219906593554,5878.4676064174955,-17424.27139121284,11651.369498815167,-5772.901892397671,5874.72489617078,-13032.33016518578,9453.52753067828,-3578.8026345075
587,1,12,-20.0,-93.33333333333333,0.0015254527653584561,-0.003965024900722369,-0.25432690319378454,0.6610578360648243,0.00043110753409661705,-0.000708971568601641,-0.06286657442170153,0.10338630238453836,0.0003731396026009421,-0.0003542932799997345,-0.14048175217547926,0.13338637981985865,-0.00014713358782939855,0.00012069072379966973,0.07623501960068908,-0.06253405378218314,2191.1320937780406,-3254.543373182209,2722.837733480125,-531.7056397020842,7286.963714808667,-17537.5961297842,12412.279922296433,-5125.316207487767,6053.2960778917995,-11466.408645053929,8759.852361472864,-2706.5562835810647
528,1,13,-13.333333333333329,-93.33333333333333,0.002039922031167767,-0.005914977069619587,-0.3401003719848133,0.9861582310122212,0.0005915721059636485,-0.0011247030065899572,-0.08626643907603712,0.16401064623995362,0.0003426834227706354,-0.000357342001890446,-0.1290154337324361,0.13453418024124927,-9.701350337308345e-05,5.689279103630737e-05,0.050266063923854,-0.029478130070611834,2747.439770342056,-4837.91817415344,3792.678972247748,-1045.2392019056922,9786.72901408023,-26377.02640834376,18081.877711211997,-8295.148697131764,6481.576892252568,-15115.833128014485,10798.705010133526,-4317.128117880959
525,1,14,-6.666666666666657,-93.33333333333333,0.0022202020370041494,-0.004267178397690616,-0.3701570585196799,0.7114335441288162,0.0007589234841796496,-0.0015428377829172914,-0.11067057735034688,0.22498545868290357,0.0002764536636808334,-0.00028011765790611715,-0.10408087160544151,0.10546031330806661,-9.04456869590057e-05,5.332376752619055e-05,0.04686305023780494,-0.02762889509127756,2383.8614270013973,-3852.074897639143,3117.96816232027,-734.1067353188728,11017.425331258039,-21433.473011553873,16225.449171405955,-5208.023840147917,6169.88613774619,-9431.680864663942,7800.7835012050655,-1630.897363458876
466,1,15,0.0,-93.33333333333333,0.002596998453780165,-0.005557847754846577,-0.43297740142989793,0.9266168314169378,0.0006156124740828792,-0.0014623571637012122,-0.08977214350465423,0.21324931297147567,7.415937580945398e-05,-8.460151671220425e-05,-0.02791995001692067,0.03185126751915433,8.036315398537757e-06,-3.151976325734492e-05,-0.0041638939888777255,0.01633148355302084,1846.5749696927548,-3541.636226295269,2694.105597994012,-847.530628301257,11973.971694115698,-26092.58160997848,19033.27665204709,-7059.30495793139,5671.972576080829,-11308.746111350954,8490.359343715892,-2818.386767635063
463,1,16,6.666666666666671,-93.33333333333333,0.0020854624114114394,-0.003115556040504179,-0.34769296622349427,0.5194324842447174,0.0005013618956690457,-0.001351499935028824,-0.0731114685627823,0.19708347576076626,-5.2037926571063365e-06,-3.452974217603716e-05,0.0019591539073648178,0.012999956716588407,5.829052780492443e-05,-9.556620255242175e-05,-0.03020234601290013,0.049516167125584036,1529.435662685162,-3004.635748127968,2267.035705406565,-737.6000427214029,9637.17849030438,-16384.779196882453,13010.978843593417,-3373.800353289036,3804.2469928942564,-4452.546311185944,4128.396652040101,-324.149659145844
404,1,17,13.333333333333343,-93.33333333333333,0.0021457932054707992,-0.003204371909178163,-0.3577514513950974,0.5342400648839072,0.0004558302442659944,-0.001367655681611414,-0.06647178188351544,0.19943939943303712,-0.0001841255736358981,0.00014919062381395085,0.06932065914308524,-0.056168147512208555,0.00015970617302632587,-0.00017174450349364246,-0.08274931244883492,0.08898678937490279,1165.32119952237,-2342.1621138849105,1753.7416567036403,-588.4204571812702,9707.949569085707,-16762.28604329929,13235.117806192498,-3527.168237106791,2356.7173910445154,-3105.0982102194353,2730.907800631975,-374.19040958745995
401,1,18,20.0,-93.33333333333333,0.001149883794191555,-0.0015312374149127664,-0.19171120276591272,0.2552913329294135,0.00023370650909986754,-0.0006910045020351015,-0.03408042422165171,0.10076624163841398,-0.00016465603138362362,0.00010624595113528849,0.06199065345462676,-0.040000089170374196,0.0001446976748014128,-0.00018066058844121372,-0.07497288849810639,0.09360652250835724,737.3594205038593,-1977.6825403553048,1357.520980429582,-620.1615599257227,5167.31987761375,-8144.175107080628,6655.747492347189,-1488.427614733439,490.7862078315942,-461.36355541246064,476.0748816220274,14.711326209566778
342,1,19,26.66666666666667,-93.33333333333333,0.0009478660769885832,-0.0012433867269663816,-0.15803035628330372,0.20730022123451822,0.0003785230354562638,-0.0010655487673473937,-0.055198401087340934,0.15538443563221158,-0.00024340410334119862,0.00018973460910403164,0.09163818229350999,-0.07143238120390469,0.00017152915150012797,-0.00021063149794787604,-0.08887520803111294,0.10913549116465172,365.95323268701605,-1671.724018954594,1018.838625820805,-652.885393133789,4862.396413918957,-8265.340344112758,6563.8683790158575,-1701.4719650969005,-984.9019371397229,1815.3741184794007,-1400.138027809562,415.2360906698389
339,1,20,33.33333333333334,-93.33333333333333,0.000346058283915414,-0.0004704655935107012,-0.05769561252332934,0.07843707794432182,0.0002225477332471049,-0.00046782448017089023,-0.03245318749503591,0.06822085018900598,-0.00011559775069131408,9.745538685034815e-05,0.043520908666527636,-0.03669056676977203,0.00012560612047000794,-0.00017669296319931468,-0.06508089143520693,0.09155075813431725,669.8730141285274,-1564.083503488695,1116.9782588086111,-447.1052446800838,2058.776160985597,-3352.0531558512785,2705.4146584184377,-646.6384974328407,-1174.8017887177487,1711.2143484952883,-1443.0080686065185,268.2062798887698
280,1,21,40.0,-93.33333333333333,0.0002996072046884157,-0.0004121586927167731,-0.04995118450950252,0.06871602079296363,0.00038025609007218255,-0.0009243925575430284,-0.05545112505612249,0.13480022712992484,-0.0001432649967953417,0.00012181446282869704,0.05393723323639839,-0.045861412348641814,0.00011450952224201902,-0.00013786071795949346,-0.05933135867459359,0.07143042381317574,354.97856062348154,-1079.6230453842504,717.300803003866,-362.3222423803844,2393.0631354809634,-4618.750785413801,3505.9069604473825,-1112.8438249664189,-1718.3852230547022,2744.254413004829,-2231.319818029766,512.9345949750634
277,1,22,46.666666666666686,-93.33333333333333,0.00012180527149891422,-0.00020877934254903815,-0.020307647799056958,0.034808159811394755,0.000170974245699496,-0.00032176722021565234,-0.024932445599646486,0.04692194243030295,-5.870396685478196e-05,4.392542779837365e-05,0.022101208410812104,-0.01653729869239415,7.735241995749025e-05,-0.00010360196893376696,-0.04007897407121978,0.053679776649595154,504.55355096423955,-1029.1356043745725,766.844577669406,-262.2910267051665,1031.7922874673775,-1866.7223993565547,1449.257343411966,-417.4650559445886,-974.1688588454768,1218.2721822770384,-1096.2205205612577,122.05166171578077
218,1,23,53.33333333333334,-93.33333333333333,8.595366871533158e-05,-0.0001805133213965254,-0.014330388248618074,0.030095585427854715,0.0003131804855228144,-0.0006054228692031504,-0.04566977550462421,0.08828623685066467,-6.897255618226702e-05,5.2011271412199255e-05,0.02596718621386582,-0.0195815037855264,6.613699000841419e-05,-8.218046189240948e-05,-0.03426787047066495,0.04258055020330112,334.96558297096533,-822.8151093840034,578.8903461774844,-243.92476320651906,1358.3606135805755,-2685.6845764903587,2022.022595035467,-663.6619814548916,-1362.7229046298298,1823.2274010523074,-1592.9751528410686,230.2522482112388
215,1,24,60.0,-93.33333333333333,4.166435706045312e-05,-0.00011501914007111847,-0.006946374968388591,0.01917624876141337,0.00016617025370559962,-0.0002960979996274712,-0.02423189992062372,0.043178709387912406,-5.6314438530069574e-05,6.17375560233769e-05,0.02120158498947418,-0.023243311577600696,7.1424422078639e-05,-7.799731690174175e-05,-0.037007472579588446,0.040413117565650455,428.0315194237455,-537.0720271598597,482.5517732918026,-54.52025386805707,708.688156498431,-1416.5593754318397,1062.6237659651354,-353.93560946670436,-1114.0225536368953,1300.6096854197788,-1207.316119528337,93.29356589144174
156,1,25,66.66666666666669,-93.33333333333333,3.671640253814548e-05,-0.00010291880962563684,-0.006121440903316782,0.017158854555767374,0.0001646657840177546,-0.00029533686892340365,-0.0240125095177297,0.043067716941092446,-5.408472394148899e-05,5.532720130708159e-05,0.020362129166314018,-0.020829904219243713,3.839859791062301e-05,-6.836038763170922e-05,-0.019895646585805754,0.03541988996459966,61.92949228544278,-476.20704482787966,269.0682685566612,-207.13877627121843,679.6369457898494,-1367.1254035725117,1023.3811746811805,-343.74422889133115,-859.321960763467,1223.2281014467603,-1041.2750311051136,181.95307034164665
153,1,26,73.33333333333334,-93.33333333333333,-3.0179791593004264e-05,-3.0331905920157817e-05,0.005031642479653551,0.0050570033211262645,0.00021237293963324486,-0.00036992776892824934,-0.030969440704825952,0.05394499000049901,-8.096395493337591e-05,8.382365259723877e-05,0.030481777256597387,-0.031558412745597515,6.260537591973306e-05,-7.970887799742896e-05,-0.032438018611245525,0.04129993678621336,109.6290992226194,-370.4525027855381,240.04080100407876,-130.41170178145936,580.2869103726266,-1331.928716510912,956.1078134417693,-375.8209030691427,-1468.7374179947028,1819.4840824085475,-1644.1107502016253,175.37333220692233
94,1,27,80.0,-93.33333333333333,-2.68997739795689e-05,-1.4004497151239928e-05,0.004484790593453022,0.0023348611455852476,0.00015612725988155965,-0.00029068403829729116,-0.022767372932064527,0.04238921448012057,-6.527575290260193e-05,7.119772274901861e-05,0.024575392369000696,-0.026804929771506544,4.064304119294052e-05,-5.745413061404956e-05,-0.021058570566280604,0.029768979592757913,-32.92260202650537,-181.89360295700422,74.48550046524943,-107.40810249175479,406.78363022134886,-1007.3092889171418,707.0464595692454,-300.26282934789646,-1080.92582210096,1443.5519794189374,-1262.2389007599486,181.31307865898873
91,1,28,86.66666666666669,-93.33333333333333,-0.00010744857117480314,5.14821998843406e-05,0.01791406655129254,-0.008583227723285845,0.00018021834122908373,-0.0003216624265281125,-0.026280472654636212,0.04690666081345426,-7.278754942096206e-05,8.170511838765282e-05,0.027403476896960773,-0.03076081475350067,5.351427649177252e-05,-7.048506891380905e-05,-0.027727604399869207,0.03652076109522082,35.524780859987324,-234.278608212917,134.90169453645217,-99.37691367646484,178.67344893170863,-859.036743295363,518.8550961135358,-340.18164718182715,-1483.7635908328662,1839.877614673771,-1661.8206027533186,178.0570119204524
32,1,29,93.33333333333334,-93.33333333333333,-0.00010798845560966733,7.973497450618611e-05,0.018004077294017352,-0.013293593615550924,0.0001880529548358012,-0.00034329836423342285,-0.027422960967683405,0.05006173740190784,-6.25992068910095e-05,8.052117922055254e-05,0.023567710871604346,-0.0303150784995515,4.409333973531276e-05,-4.737612703225217e-05,-0.022846290018286114,0.024547216078875687,17.158250846771903,23.58466543756012,-3.213207295394108,20.371458142166013,202.33817184264143,-818.3220337913978,510.33010281701957,-307.9919309743782,-1377.987801637168,1780.4054769894683,-1579.1966393133182,201.2088376761501
29,1,30,100.0,-93.33333333333333,-0.0001358486030625586,7.419832208350795e-05,0.022648983504896355,-0.012370510517406473,0.00012771856939993307,-0.0002539729848771797,-0.0186246546700682,0.03703579801345945,-5.8017672705099765e-05,6.81136247503678e-05,0.021842828426529803,-0.025643810748729675,3.766537020038903e-05,-3.8399589191664305e-05,-0.01951573585511475,0.019896160202925596,-52.8268166298941,57.149783943163875,-54.98830028652898,2.161483656634889,-102.88148388131393,-546.4361937502811,221.77735493448358,-324.6588388157975,-1238.608022535341,1426.9809970995898,-1332.7945098174655,94.1864872821244
958,2,0,-100.0,-86.66666666666667,0.000745532098865944,-0.001279344942244278,-0.12429678207150714,0.21329525545890068,-5.610678147499666e-05,2.763170193990937e-05,0.008181812829022653,-0.004029413334294169,0.00016437687896129872,-0.00018612802779348844,-0.06188555653878378,0.07007455464693561,-3.893899858268639e-05,4.6977311793783325e-05,0.02017564693402499,-0.02434057605894374,1184.5233374114298,-1465.8952359464631,1325.2092866789465,-140.68594926751666,2687.5135099993004,-4825.952741841137,3756.7331259202188,-1069.2196159209184,3226.5614091835937,-4726.208066054868,3976.3847376192307,-749.8233284356372
901,2,1,-93.33333333333333,-86.66666666666667,0.0009139230343434304,-0.0016437674435614436,-0.15237129615574366,0.2740525914570093,-4.610337536618017e-05,4.592554916952187e-05,0.006723058748261274,-0.006697127111854655,0.00019088157801121154,-0.00022848178584211813,-0.0718641986809248,0.08602014203678718,-3.005065425378309e-05,3.7735125884713166e-05,0.015570287178118692,-0.019551878696733457,1575.3648611041726,-2049.564619513986,1812.4647403090794,-237.09987920490676,3370.358837801548,-6168.526192034992,4769.44251491827,-1399.0836771167221,3712.49223683898,-5867.824685014234,4790.1584609266065,-1077.6662240876271
896,2,2,-86.66666666666667,-86.66666666666667,0.0006183976376921401,-0.0010675973833361475,-0.10310063982848851,0.1779922279650971,-5.033250368160297e-05,4.184430599717436e-05,0.007339774506981619,-0.006101976813298415,0.00014081852442411887,-0.00017531505900777948,-0.053016171191623045,0.06600362572208575,-4.708569693774697e-05,3.093406866695147e-05,0.02439673416462436,-0.016028014853335257,847.9235102787751,-1483.3138803043205,1165.6186952915477,-317.6951850127727,2214.9693597954147,-3969.9240915714763,3092.4467256834455,-877.4773658880308,2821.468998225856,-4028.3769081279747,3424.922953176915,-603.4539549510594
839,2,3,-80.0,-86.66666666666667,0.0007759736198273676,-0.001377939421933833,-0.12937206065793277,0.22973314803799655,-3.5092780426779416e-05,2.7953613769043746e-05,0.005117430612729974,-0.004076356364426801,0.0001662829220891339,-0.00020722864540022453,-0.06260315466145393,0.07801863700302153,-4.1607054379972005e-05,2.1920182406838305e-05,0.021558059264224147,-0.011357607464677764,1188.946565424314,-1970.4223049644654,1579.6844351943896,-390.7378697700757,2872.901113152478,-5209.635477280236,4041.268295216357,-1168.367182063879,3287.818472342484,-4902.314039342471,4095.0662558424774,-807.2477834999936
834,2,4,-73.33333333333333,-86.66666666666667,0.0007602570748201336,-0.0013419629264436199,-0.12675176305753064,0.2237350660956553,-5.399632397395064e-05,5.677852129796533e-05,0.007874053805902418,-0.008279769784614192,0.00016490862242072974,-0.00020825703753208483,-0.06208575038679141,0.07840581201098153,-6.272062377859506e-05,4.6050662276754245e-05,0.03249773252775431,-0.02386044677550921,919.0124372607473,-1675.306741211115,1297.1595892359312,-378.1471519751838,2746.910079483866,-4973.378264782846,3860.144172133356,-1113.2340926494899,3444.6377098200246,-5064.816119321589,4254.726914570807,-810.0892047507823
777,2,5,-66.66666666666666,-86.66666666666667,0.0008650906704536154,-0.001740923372098168,-0.14422985502707633,0.29025064556447644,-6.671506057055098e-05,5.06968699225797e-05,0.009728772959618244,-0.00739290848306283,0.0002338516516262241,-0.0003157542807556861,-0.08804182011394675,0.11887699485199321,-6.85798267532084e-05,4.3641117324456734e-05,0.035533588991283116,-0.022611977888309008,1473.7015691991205,-2762.419620422585,2118.0605948108528,-644.3590256117322,3115.9182457576826,-6537.068024701922,4826.493135229803,-1710.5748894721196,4151.659307253657,-6632.612194847013,5392.135751050335,-1240.4764437966778
772,2,6,-60.0,-86.66666666666667,0.0009496700336898479,-0.0018835425419149881,-0.15833111598674857,0.3140284331297683,-6.503697372473648e-05,5.328297154687671e-05,0.009484064706491699,-0.007770028661597021,0.00020720788625934903,-0.0002584827063429814,-0.07801082148179697,0.09731506181871623,-8.255652341836971e-05,6.438304783560907e-05,0.042775400734886636,-0.033359092142787074,1110.6340898616008,-2074.373595777234,1592.5038428194175,-481.8697529578167,3438.6928220254626,-7062.120408922501,5250.406615473982,-1811.7137934485193,4335.810319859518,-6869.544623787797,5602.6774718236575,-1266.8671519641393
715,2,7,-53.33333333333333,-86.66666666666667,0.000954983945699369,-0.0022834583273612097,-0.15921706330410662,0.3807032889893317,-5.2638556348036765e-05,2.9378544001474986e-05,0.007676056339491262,-0.004284147867515668,0.00028185336120606114,-0.00037456638034596735,-0.1061137809087535,0.14101891369944775,-7.234311084638492e-05,6.11487418068091e-05,0.03748347712246176,-0.03168328591024901,1878.9027799910543,-3252.908758703668,2565.905769347361,-687.0029893563068,3512.922975720444,-8689.478320240036,6101.20064798024,-2588.277672259796,4632.742758107721,-8437.328760136434,6535.035759122077,-1902.2930010143564
710,2,8,-46.666666666666664,-86.66666666666667,0.001070197566918225,-0.002626516382468416,-0.17842573639825376,0.43789869664300396,-2.6826797233491456e-05,3.988576066545204e-07,0.003912037511265618,-5.816370494417886e-05,0.0002544899299932471,-0.00027900463505877755,-0.09581183832341933,0.10504127603966702,-0.00010908579665390997,6.700338488863452e-05,0.0565211381626213,-0.034716779735027604,1265.9447780601865,-2487.0418649856706,1876.4933215229285,-610.548543462742,4028.313612321578,-10081.925940147361,7055.119776234469,-3026.8061639128914,5011.412381892424,-8809.875610485566,6910.643996188995,-1899.231614296571
653,2,9,-40.0,-86.66666666666667,0.0010552957497796348,-0.0029938785759486383,-0.1759412720537107,0.4991461447056428,-1.5788672905928108e-06,-3.285953275385987e-05,0.00023023948823821326,0.004791765622147314,0.00031059300272531743,-0.0004167194979573541,-0.1169338470967912,0.15688896281894507,-9.549431180124067e-05,8.102508571305229e-05,0.04947891803170785,-0.041981909695862435,1912.5720728295707,-3645.0181182571378,2778.7950955433544,-866.2230227137835,4065.114828427826,-11615.872171608624,7840.493500018225,-3775.378671590399,5103.489758063307,-10516.207592319048,7809.848675191177,-2706.3589171278704
648,2,10,-33.33333333333333,-86.66666666666667,0.0012491180371572042,-0.0036255262104828013,-0.20825575811194644,0.6044558536975198,0.00013465922869254122,-0.0002588306022991121,-0.019636781435305003,0.03774416366011416,0.00034388217817379863,-0.00034586354498275317,-0.12946674808849037,0.13021270450556346,-0.0001403615217694637,0.00010283738624168561,0.07272617708258976,-0.05328361981432003,1800.579253671503,-3085.558649836925,2443.068951754214,-642.4896980827109,5252.09539030862,-14761.088309144045,10006.591849726332,-4754.496459417713,5811.474722249965,-11437.87286855504,8624.673795402503,-2813.199073152537
591,2,11,-26.666666666666657,-86.66666666666667,0.001309873691610143,-0.0044568522028266945,-0.21838507696037157,0.7430563859320528,0.00023315703616288093,-0.0003556801957225369,-0.03400029692497116,0.05186732711960669,0.00037370605403108404,-0.00046588620442780985,-0.14069501308071142,0.17539952837007444,-0.00012303594223765237,9.299591756672301e-05,0.0637491928692202,-0.048184413246984276,2320.3009605611715,-4547.31839928329,3433.8096799222308,-1113.5087193610593,5815.690387053387,-18280.812365671296,12048.251376362341,-6232.560989308955,5766.23447673041,-13931.305746809396,9848.770111769903,-4082.5356350394927
586,2,12,-20.0,-86.66666666666667,0.0017402498522464315,-0.004626377637423108,-0.29013835482560757,0.7713200462515221,0.0005098003356907204,-0.0009630794929839856,-0.07434201030856118,0.14044177805095662,0.0003748263795011053,-0.0003456929238339248,-0.1411167996826651,0.13014846807024935,-0.00013925233928661242,8.784221693415386e-05,0.07215147113292616,-0.045514102038400464,2401.1188095889192,-3886.88602876666,3144.0024191777893,-742.8836095888703,8369.107745139056,-20907.616494823076,14638.362119981066,-6269.25437484201,6380.104319875311,-12307.815370806808,9343.95984534106,-2963.855525465748
529,2,13,-13.333333333333329,-86.66666666666667,0.002006063346845407,-0.0057528608390984065,-0.3344553762658549,0.9591298497983244,0.0005561789821870645,-0.0010711668784296976,-0.08110521067259556,0.15620370082831897,0.0003684424923963815,-0.0003847368824397761,-0.13871335700354226,0.14484796305439024,-9.467343959651351e-05,6.934392143000813e-05,0.04905359564583905,-0.03592949296889938,2970.1826590320547,-4853.373307609509,3911.7779833207815,-941.5953242887269,9545.211356247253,-25582.842348761642,17564.02685250445,-8018.815496257194,6591.460401262714,-15055.082517457753,10823.271459360234,-4231.811058097519
524,2,14,-6.666666666666657,-86.66666666666667,0.002387380782460346,-0.004709837470120066,-0.3980294735673562,0.785234656571102,0.000701834540590589,-0.0015547655615140445,-0.10234554000596668,0.22672483580237257,0.00021465261117743447,-0.00022207774912521994,-0.0808136545063998,0.08360911331532471,-4.848889337732858e-05,5.442742933616906e-06,0.025123778951972004,-0.002820074058867548,2368.8008005732945,-4057.948127131479,3213.3744638523867,-844.5736632790922,11467.171534382986,-23165.797198750544,17316.484366566765,-5849.312832183779,6093.248522586224,-9887.948110404226,7990.598316495225,-1897.3497939090012
467,2,15,0.0,-86.66666666666667,0.002749164861876907,-0.005913008458542145,-0.4583469259541609,0.9858300197622314,0.000642373542058164,-0.001465672976124564,-0.09367459599831772,0.21373284376598586,0.00013285881808581854,-0.00012166665211924857,-0.050019454988324295,0.04580576371925785,4.740308987656438e-05,-6.477622039738374e-05,-0.024561186464529677,0.0335628084960381,2869.9669383617593,-4364.466328204271,3617.216633283015,-747.2496949212559,12659.812777098556,-27473.907568788636,20066.860172943598,-7407.04739584504,6012.155842836006,-12165.303218162637,9088.72953049932,-3076.5736876633155
462,2,16,6.666666666666671,-86.66666666666667,0.0021300162562837305,-0.003157276849862824,-0.35512108307448276,0.5263882710667559,0.0005145267221118437,-0.0014325734371592714,-0.07503123909764255,0.20890607906087347,-7.619168515157782e-05,1.626467551932927e-05,0.028685085573034466,-0.0061234189552498335,0.00010010105405639885,-0.00011784001303274097,-0.05186583111728092,0.061057001571339906,1423.3112569527661,-2873.85613712667,2148.583697039718,-725.272440086952,9847.027521997099,-16806.737010689176,13326.882266343138,-3479.8547443460384,3199.715405785549,-3939.1152989091543,3569.4153523473515,-369.69994656180256
405,2,17,13.333333333333343,-86.66666666666667,0.002370186918120531,-0.003730978110012698,-0.39516287397752775,0.6220370306781382,0.00047588888453838557,-0.0014226043859067723,-0.069396847909385,0.2074523348023968,-0.0001794243256692109,0.00014968917140271109,0.06755070616257049,-0.05635584358714596,0.00015686937069492416,-0.00016201384478857435,-0.08127946668126995,0.08394499729974031,1255.0873865835576,-2421.24314843987,1838.1652675117139,-583.0778809281561,10632.84940859473,-18956.428444360405,14794.638926477568,-4161.789517882838,2941.154599442268,-4421.817765205501,3681.4861823238843,-740.3315828816164
400,2,18,20.0,-86.66666666666667,0.0011694924789943206,-0.0015580867416880471,-0.19498040663432523,0.2597677128519281,0.00031130853263020795,-0.0008872029477999255,-0.045396796592104,0.12937702483417274,-0.00018787617954493422,0.00016349273414034102,0.07073270891252392,-0.061552688591347375,0.00016854600558613526,-0.00019883266098003966,-0.08732953657308636,0.10302210413468754,853.5492560308511,-1788.0108599318503,1320.7800579813506,-467.2308019504996,5497.743378120383,-8885.789218401225,7191.7662982608035,-1694.0229201404213,59.68429560562558,358.11090282064237,-149.2133036075084,208.89759921313396
343,2,19,26.66666666666667,-86.66666666666667,0.001127752793329481,-0.0014239277336119992,-0.188021472712221,0.23740042240913722,0.0004158233997957497,-0.001175296516173309,-0.0606377542538744,0.1713884821252435,-0.0002890904829936917,0.0002389503240262063,0.10883845430805757,-0.08996139773992251,0.0001950902547906313,-0.00022223311574000738,-0.10108303357022816,0.11514669209321438,320.7461937089804,-1488.544876805472,904.6455352572262,-583.8993415482458,5670.29350437761,-9311.22939138554,7490.761447881574,-1820.4679435039648,-1020.935475617171,1943.453283099724,-1482.1943793584476,461.2589037412765
338,2,20,33.33333333333334,-86.66666666666667,0.00036188804260474237,-0.00047866989851165243,-0.06033478536249342,0.07980491805784963,0.00024946166895720915,-0.0005728240920838726,-0.036377932038982944,0.08353249611143126,-0.00010849090394133807,9.589321168225806e-05,0.040845281965635825,-0.03610243004215424,0.00012530995619594346,-0.0001409580441989195,-0.06492743844346374,0.07303525606158227,744.3133640889312,-1210.5716223441198,977.4424932165255,-233.1291291275943,2208.8232468075666,-3722.7006606169157,2965.761953712241,-756.9387069046745,-1156.157723417437,1650.1789116200632,-1403.16831751875,247.01059410131313
281,2,21,40.0,-86.66666666666667,0.00034013297828298055,-0.0004451328399538764,-0.05670773229118109,0.07421354450704451,0.0004451816039021611,-0.0010580117214001028,-0.06491893604117664,0.15428534034277747,-0.0002073221260035432,0.0001833994842952105,0.07805383112033604,-0.06904729683550724,0.0001236458393359215,-0.00016419640163298522,-0.06406520172842686,0.08507585576834645,-49.65957270420466,-922.5850030431478,436.4627151694716,-486.1222878736762,2753.164512712152,-5178.897158581434,3966.030835646793,-1212.8663229346412,-2166.566767901893,3488.79842642831,-2827.6825971651015,661.1158292632085
276,2,22,46.666666666666686,-86.66666666666667,0.00011962776263285252,-0.00022955211038922505,-0.019944608641661383,0.038271442212221334,0.00013664528066092038,-0.000277166926692128,-0.019926398929782596,0.040418071701386414,-3.887295064073359e-05,4.508962761299892e-05,0.01463511291799662,-0.016975603360944266,6.595613459512239e-05,-9.291251270498991e-05,-0.034174163002638154,0.048141198292718436,527.782889239258,-882.9188329114531,705.3508610753556,-177.56797183609757,911.8107389633161,-1797.7210472049076,1354.765893084112,-442.9551541207957,-710.1645346332751,985.8747520414994,-848.0196433373873,137.85510870411213
219,2,23,53.33333333333334,-86.66666666666667,9.561699075899409e-05,-0.00018023229624843554,-0.015941478952794293,0.030048732285459005,0.00039076799355757327,-0.0007577169006730787,-0.05698403114221737,0.11049462641974951,-0.0001155762882480945,0.00010941599268046444,0.043512828361975564,-0.041193564715803356,8.686560685266391e-05,-0.0001017969834125949,-0.04500808645213648,0.05274455099095722,210.34517543124392,-620.9012831467132,415.62322928897856,-205.27805385773468,1646.5669181106744,-3179.4400936156862,2413.00350586318,-766.436587752506,-1917.9235209179326,2624.1674364529067,-2271.0454786854198,353.12195776748706
214,2,24,60.0,-86.66666666666667,2.5704936913450705e-05,-0.0001161230176266603,-0.004285584680462605,0.019360289700983274,0.00016276348054347726,-0.0003041749856079092,-0.023735104709231236,0.04435654183128707,-6.407428978541235e-05,6.314654021908172e-05,0.024123058597134855,-0.023773774083377268,6.686716762313726e-05,-7.071074548062721e-05,-0.03464620084098761,0.03663769195885712,301.66517476965396,-444.2372368086771,372.95120578916556,-71.28603101951157,634.4672322968681,-1445.8879908176457,1040.177611557257,-405.7103792603888,-1153.4160791206775,1267.976164994159,-1210.6961220574183,57.280042936740756
157,2,25,66.66666666666669,-86.66666666666667,4.765825764418775e-05,-0.00010584231894373406,-0.007945691504521676,0.017646268580124348,0.00018493715138056892,-0.00033316365886911593,-0.02696859662860448,0.048583836510283834,-5.719302726250443e-05,6.389137256725658e-05,0.021532361148621455,-0.02405419286664023,4.7571699156381596e-05,-5.203618495693274e-05,-0.024648548785678452,0.026961753863683147,153.79375529765593,-230.22967533235368,192.0117153150048,-38.21796001734887,789.1677267432239,-1498.5539747055368,1143.8608507243803,-354.6931239811565,-963.8421259543044,1222.5950696257783,-1093.2185977900413,129.37647183573694
152,2,26,73.33333333333334,-86.66666666666667,-5.852716852135996e-05,-9.16750440081542e-06,0.009757780680439813,0.0015284268757590166,0.00022184789524695242,-0.00037257347964098623,-0.03235113310201326,0.05433080271836093,-8.930541378438982e-05,8.880039581405852e-05,0.03362221785020362,-0.03343208576865097,5.8878174456444565e-05,-7.17131898710906e-05,-0.0305068261432213,0.03715709319743894,-10.68671635062254,-229.0471097389959,109.18019669418669,-119.86691304480922,501.02997315213554,-1257.5268239220236,879.2783985370795,-378.248425384944,-1579.4245226067567,1845.5467355091903,-1712.4856290579735,133.0611064512168
95,2,27,80.0,-86.66666666666667,6.186063588603644e-06,-3.365353971743704e-05,-0.0010313543828934612,0.005610793550748568,0.0001423318739402506,-0.00026865572718006103,-0.020755650592827853,0.03917691974920691,-4.420262269583876e-05,5.3829401746944566e-05,0.016641658627974745,-0.020266003992226698,4.1716705313572695e-05,-4.969724971570193e-05,-0.02161487321945764,0.025749870319004536,165.9620546412194,-238.53665050095825,202.24935257108882,-36.287297929869425,491.49014977176273,-1011.5011799070437,751.4956648394032,-260.0055150676405,-861.1977534329168,1191.6993912014325,-1026.4485723171747,165.25081888425785
90,2,28,86.66666666666669,-86.66666666666667,-0.00011119811206771237,5.572583637111034e-05,0.018539198410729683,-0.009290736307274474,0.00017177801282789059,-0.0003121051330170529,-0.025049655534519977,0.045512961431600225,-7.092412641521704e-05,9.890885491935647e-05,0.026701924643952882,-0.037237776821029356,4.651987371960407e-05,-5.4949636188511646e-05,-0.024103561512736984,0.028471314087298458,-34.38251920002509,99.51612599184025,-66.94932259593267,32.566803395907584,135.71125747673508,-806.1620633734502,470.93666042509267,-335.22540294835756,-1410.9001564090354,1799.980636340803,-1605.4403963749191,194.54023996588376
33,2,29,93.33333333333334,-86.66666666666667,-8.518550240198155e-05,4.333101347136128e-05,0.014202317839590238,-0.007224243659770023,0.00017660168492159614,-0.00031779017919027105,-0.025753071078626108,0.046341987486754554,-4.714886171322013e-05,7.941824876185754e-05,0.0177508757054559,-0.02989984087190445,3.964598022105379e-05,-4.494003099853491e-05,-0.020541958663748864,0.02328499015467044,101.21747120923766,41.2806344128457,29.96841839819598,71.24905281104168,253.60930593725251,-873.5941925640606,563.6017492506566,-309.992443313404,-1177.5818281587203,1602.5059716444573,-1390.0438999015887,212.4620717428685
28,2,30,100.0,-86.66666666666667,-0.0001411921873007729,7.854126339517418e-05,0.023539877842710097,-0.013094575424318803,0.00013241355866760435,-0.00025140458396693085,-0.019309304946068702,0.03666125905461876,-5.192307729817151e-05,7.309278263857004e-05,0.01954829995622546,-0.027518392861208035,4.397176292826634e-05,-3.20773359671327e-05,-0.022783296854013386,0.01662038133011282,73.04644152507268,175.8727490632953,-51.413153769111304,124.45959529418398,-105.91763873618855,-519.5576747478311,206.82001800582128,-312.73765674200985,-1279.7239270814155,1410.0411403324508,-1344.8825337069331,65.15860662551768
957,3,0,-100.0,-80.0,0.0007456284673765421,-0.001257952567932165,-0.12431284884553148,0.20972867087869343,-5.0242726023976396e-05,5.6128099687159456e-05,0.007326682613780509,-0.00818492157304931,0.00017439140031675398,-0.00019367098060572009,-0.06565588136468464,0.07291436907631557,-3.64384235298794e-05,3.776689262945458e-05,0.018880012191638554,-0.01956833814996734,1302.294891538424,-1618.4936719718382,1460.394281755131,-158.0993902167071,2709.1028643544755,-4653.15479858025,3681.128831467363,-972.0259671128872,3246.4823964515267,-4705.05497890349,3975.7686876775088,-729.2862912259818
902,3,1,-93.33333333333333,-80.0,0.0010212632930524821,-0.0017870168833073784,-0.17026730461004533,0.29793545903715835,-5.3619444374713644e-05,4.429826655824321e-05,0.007819095060115008,-0.006459827423735164,0.00019387002689098067,-0.0002184654710656838,-0.07298930717112652,0.08224914201340053,-2.2223971919678945e-05,2.7177510034374944e-05,0.011515011357341233,-0.014081611416768017,1723.8859426757003,-2133.457704658692,1928.6718236671961,-204.7858809914958,3758.218757788681,-6722.3108495255865,5240.264803657134,-1482.0460458684527,3965.0990349568488,-6104.128183184645,5034.613609070747,-1069.5145741138983
895,3,2,-86.66666666666667,-80.0,0.0006834082764931175,-0.0011697661302403426,-0.11393935920176065,0.19502603038324515,-4.723355913268165e-05,4.699589633197968e-05,0.006887868630361457,-0.006853211276996224,0.00015709264763827846,-0.0001816651172697211,-0.059143147069575616,0.06839433232314296,-3.840613164653396e-05,3.390980284885381e-05,0.019899550075915054,-0.017569846035667355,1111.3809152040963,-1534.806591383701,1323.0937532938988,-211.7128380898024,2477.8914960939837,-4344.47327535321,3411.182385723597,-933.290889629613,3002.248821739888,-4362.208405853337,3682.228613796613,-679.9797920567246
840,3,3,-80.0,-80.0,0.0008506859514558387,-0.0015453012565213888,-0.1418282679984407,0.2576360881159094,-4.4447630552749435e-05,5.220122585262233e-05,0.006481608538500937,-0.007612282297141332,0.00016036233540399526,-0.00020134723265568654,-0.0603741379994927,0.07580436877241639,-2.4364010432673452e-05,3.343560449984454e-05,0.012623839602415591,-0.017324147409237795,1358.472904267554,-1830.787261047976,1594.630082657765,-236.15717839021102,3130.058784605981,-5767.634161300419,4448.8464729532,-1318.7876883472188,3341.1859071081844,-5451.304797381728,4396.245352244956,-1055.059445136772
833,3,4,-73.33333333333333,-80.0,0.0007695159582049988,-0.0013701700888448715,-0.1282954248422676,0.22843782741629753,-4.546712797754922e-05,6.038609973282351e-05,0.006630277503109069,-0.008805847573146437,0.00017854989814231582,-0.00021558354904772735,-0.06722149663811253,0.08116413937124305,-6.015201634542767e-05,4.2189820878675884e-05,0.031166847847357317,-0.021860010817956587,1072.9468335243523,-1790.8902216451504,1431.9185275847512,-358.97169406039905,2812.888340000715,-5071.242510121526,3942.0654250611205,-1129.1770850604055,3500.7003003752416,-5155.312440160131,4328.006370267686,-827.3060698924446
778,3,5,-66.66666666666666,-80.0,0.0009213974555046556,-0.0018770182502433688,-0.15361744840002753,0.312940688602991,-6.653354862109709e-05,4.585916011606144e-05,0.009702303845589228,-0.006687445879122542,0.00023513006774163186,-0.0002971454399128782,-0.08852312559492492,0.11187103100004568,-5.512433040887255e-05,5.3857107227147086e-05,0.028561829227381784,-0.027905236905244546,1659.3207062476836,-2530.409639686959,2094.865172967321,-435.54446671963774,3334.442283395243,-7069.233028560122,5201.8376559776825,-1867.3953725824394,4201.68498705356,-6956.8478751551165,5579.266431104338,-1377.5814440507784
771,3,6,-60.0,-80.0,0.0009586677396450702,-0.0019272137042163128,-0.15983123368518298,0.3213093871646572,-6.357129544749774e-05,4.8507896786340854e-05,0.009270331089686825,-0.007073699859476994,0.00021118228297447463,-0.00028637599382060216,-0.07950712530612844,0.10781648775012881,-8.294054569361275e-05,6.260528441686784e-05,0.0429743760070332,-0.03243797120043453,1143.9816705045698,-2351.5502856612266,1747.765978082898,-603.7843075783284,3478.488021007285,-7249.514164875034,5364.00109294116,-1885.5130719338745,4379.554495092577,-7104.31957598478,5741.937035538678,-1362.3825404461018
716,3,7,-53.33333333333333,-80.0,0.0010308065132181008,-0.0024605559645927253,-0.1718583716599962,0.41022940389951307,-4.665789914959054e-05,4.283627403380171e-05,0.006803922588350319,-0.006246631284552927,0.0002776698844255562,-0.0003742423923991678,-0.10453876141413478,0.1408969368464606,-7.586598641142904e-05,7.083171226857177e-05,0.03930880124942677,-0.03670036905105634,1829.449928672757,-3190.180425123548,2509.8151768981525,-680.3652482253955,3821.513468132168,-9321.344641522739,6571.429054827453,-2749.9155866952856,4821.5280646221345,-9001.843973860683,6911.686019241409,-2090.1579546192743
709,3,8,-46.666666666666664,-80.0,0.001104732023002532,-0.0026913699836483428,-0.18418339829959732,0.448711234352213,-6.965253729480591e-06,-9.804648476523493e-06,0.001015713267150396,0.0014297701023008485,0.0002602124432947006,-0.000312305672873472,-0.09796628317417247,0.11757864304349401,-9.563717827495035e-05,7.257131899247727e-05,0.04955294211135013,-0.03760171968520385,1491.0060083882186,-2734.8554356625705,2112.9307220253945,-621.924713637176,4228.85513380893,-10367.822699198132,7298.338916503531,-3069.483782694601,4982.6943393160045,-9171.710857914997,7077.2025986155,-2094.5082592994963
654,3,9,-40.0,-80.0,0.0010876301558181982,-0.0030688106012882145,-0.18133213668167306,0.511638979873944,8.104720132653513e-06,-2.9818945957551953e-05,-0.0011818767965960327,0.004348369807884195,0.0003195741150588538,-0.0004231731760980857,-0.1203151081269942,0.1593186808302926,-9.466131546685965e-05,7.609477407566852e-05,0.04904731371337591,-0.03942734408063888,2014.3115031622158,-3781.062276843039,2897.6868900026275,-883.3753868404116,4222.190466961334,-11894.458855702182,8058.324661331758,-3836.1341943704238,5205.928146273211,-10714.34850924471,7960.13832775896,-2754.2101814857497
647,3,10,-33.33333333333333,-80.0,0.0012704396529180063,-0.0036557971823619104,-0.21181054566792715,0.6095026979587846,0.00012682149812203838,-0.00023346811824923017,-0.01849383858871273,0.03404566069986717,0.0003564223051359613,-0.00034611133012050355,-0.1341879274965941,0.13030599208498836,-0.00012586428055401204,0.00010947376880283891,0.06521465313676339,-0.05672216000144449,2080.3555313270112,-3009.8334593596164,2545.0944953433136,-464.7389640163026,5312.286647903652,-14792.53578951263,10052.411218708141,-4740.12457080449,5839.680323427431,-11627.111840817939,8733.396082122685,-2893.715758695254
592,3,11,-26.666666666666657,-80.0,0.0013357014017853193,-0.004504845862627363,-0.22269113067413282,0.7510579964356542,0.00020792516882167506,-0.0003257804817253064,-0.030320841242693707,0.04750717925270994,0.000397972739524748,-0.0005094905395407022,-0.14983107495642448,0.1918159402341804,-0.00012692273994852426,0.00011675793064849945,0.06576307769350523,-0.060496337123546635,2481.892446570322,-4650.194530903925,3566.0434887371234,-1084.1510421668013,5834.707271904344,-18368.96988621888,12101.838579061612,-6267.131307157269,6047.980040740437,-14534.425798774377,10291.202919757407,-4243.22287901697
585,3,12,-20.0,-80.0,0.001756999295482383,-0.004786281719400532,-0.2929308595331648,0.7979796131033392,0.0004893172650577037,-0.0009520511973305362,-0.07135505141202071,0.13883356869573174,0.0003970183113561411,-0.0003461754595726365,-0.14947174632843394,0.13033013591142462,-0.00012656328619261916,0.0001008246892162522,0.06557683222412443,-0.05224077161461408,2736.1403603343456,-3788.229971047298,3262.185165690822,-526.0448053564762,8371.434040825949,-21481.238219479415,14926.336130152682,-6554.902089326733,6489.723175800534,-12851.39801312778,9670.560594464157,-3180.8374186636233
530,3,13,-13.333333333333329,-80.0,0.0020404455340597046,-0.005789874802870433,-0.3401876515599945,0.9653009007773131,0.0005406483119769104,-0.001020235007638991,-0.07884043922379332,0.14877652317017384,0.0003819396614675361,-0.00043069923793233734,-0.14379484915100613,0.16215213604675052,-9.659596054818067e-05,7.1235849923706e-05,0.05004972049126199,-0.03690976679983046,3068.764920477381,-5217.629435244857,4143.197177861119,-1074.4322573837378,9627.514943691242,-25563.893187478683,17595.704065584963,-7968.189121893721,6801.911472914952,-15523.13309589602,11162.522284405486,-4360.610811490535
523,3,14,-6.666666666666657,-80.0,0.0024372934450811183,-0.005047638396679213,-0.40635102452112454,0.8415535839733485,0.0006981671710548073,-0.0015636177841660446,-0.10181074313600191,0.22801571770569073,0.00022049132174794202,-0.00021401578262599704,-0.08301184597595443,0.08057389761616969,-2.6659451311925782e-05,-1.0380634058344304e-05,0.013813187208245259,0.00537856686960594,2687.0706796328122,-4286.660476834602,3486.8655782337073,-799.7948986008951,11650.677890946716,-24489.042473294696,18069.860182120705,-6419.18229117399,6095.2712553929,-10584.226902310158,8339.749078851528,-2244.4778234586292
468,3,15,0.0,-80.0,0.00286563758791316,-0.006235655354018787,-0.47776551982479937,1.0396224331460577,0.0006545146620374727,-0.0014597341590458306,-0.09544508378239565,0.21286681138119018,0.0001697078169606248,-0.0001583070046317881,-0.06389257885875203,0.05960033520245045,4.941898950228366e-05,-5.1776926838545094e-05,-0.02560569404262208,0.026827423232394274,3254.0539745531537,-4632.542722042142,3943.298348297648,-689.2443737444939,13151.43147704889,-28692.608794884996,20922.020135966945,-7770.588658918053,6464.504736648192,-13309.89559413104,9887.200165389615,-3422.6954287414237
461,3,16,6.666666666666671,-80.0,0.002435427715391835,-0.003874225783554547,-0.4060399658866996,0.6459196037927845,0.000601425420028023,-0.0016954023986959297,-0.08770330587361337,0.247233306408563,-6.17365362349773e-05,3.464214161242916e-05,0.023242927641775536,-0.013042273505419772,0.00010531112045400072,-0.00013156737964040074,-0.05456534738546716,0.06816962675665253,1745.4998430387102,-3222.2011673040543,2483.8505051713823,-738.350662132672,11304.424227417758,-20413.482695849125,15858.953461633442,-4554.529234215684,3830.7003569064277,-5000.370625783372,4415.5354913449,-584.8351344384721
406,3,17,13.333333333333343,-80.0,0.002574789806170827,-0.004235807742990685,-0.4292747259365157,0.7062033582835533,0.0004954731092717917,-0.001472650401938896,-0.07225273193904817,0.21475033203639565,-0.0001768751594339524,0.00013621535196940278,0.06659098133888655,-0.051283142246164266,0.00014546303526784924,-0.0001659776421606085,-0.07536944832527534,0.08599877832151871,1220.2354626682957,-2770.234133146734,1995.2347979075148,-774.9993352392192,11478.690384901953,-21055.55520813104,16267.122796516498,-4788.432411614544,3529.422119333063,-5661.36413034473,4595.393124838896,-1065.9710055058335
399,3,18,20.0,-80.0,0.001357284172898211,-0.0018403541494238062,-0.22628945863559688,0.30682796755939123,0.00037684695074777127,-0.001140732641272848,-0.054953984797367426,0.16634817955134965,-0.00022643202288013948,0.0002023942740213867,0.0852484354410895,-0.0761985649516171,0.00018093524954192986,-0.00020050176474622103,-0.09374883395950544,0.10388692473892619,754.8139006320393,-1673.176408788193,1213.9951547101161,-459.1812540780768,6427.897611755361,-10793.303677302201,8610.600644528782,-2182.70303277342,101.87740168813508,422.433346623149,-160.27797246750697,262.15537415564205
344,3,19,26.66666666666667,-80.0,0.0012869909059776382,-0.0015989048882919703,-0.21457000766519435,0.26657300571686077,0.00047142744003897136,-0.0012248210664393927,-0.06874625447162834,0.17861043622894118,-0.0003203972835665239,0.00027855913991021856,0.12062501935991372,-0.10487355345375278,0.00020738191094056866,-0.0002364998612377353,-0.1074517673266694,0.12253878820602333,269.6935701279087,-1391.4803136800838,830.5869419039963,-560.8933717760875,6459.630357307006,-10139.880925221094,8299.75564126405,-1840.1252839570438,-991.6443012530866,1917.6237470752837,-1454.6340241641851,462.98972291109857
337,3,20,33.33333333333334,-80.0,0.0004254365293507513,-0.0005739890410286098,-0.07092973146884886,0.09569673908432909,0.00035041441530571707,-0.0007963076880194787,-0.0510994408028991,0.11612215647391182,-0.00013903137455765862,0.0001301852611091912,0.05234333469051059,-0.04901289882007094,0.00013861845318715327,-0.00016188442923606647,-0.07182303273942416,0.08387794260932176,699.6056757126075,-1284.617789118174,992.1117324153907,-292.5060567027832,2781.2391650529494,-4819.97474291545,3800.6069539842,-1019.3677889312505,-1484.2180701930336,2255.3578973296544,-1869.787983761344,385.5699135683104
282,3,21,40.0,-80.0,0.0003677204900572033,-0.0005050139363746591,-0.06130718407080499,0.08419705508068553,0.0005104577875337117,-0.0011709519236884872,-0.07443788370892453,0.17075492871877995,-0.0002630135558732491,0.0002450545195101399,0.09902086221197058,-0.09225954050265074,0.0001832359213349818,-0.00019607578640148932,-0.09494089188336599,0.10159367171056885,198.81241926291767,-829.2456291835775,514.0290242232476,-315.21660496032996,3074.612022420305,-5774.989812266069,4424.800917343187,-1350.188894922882,-2991.292642723568,4158.420245597549,-3574.8564441605586,583.5638014369906
275,3,22,46.666666666666686,-80.0,0.0001637633703768975,-0.00029304743439215896,-0.027302996061465183,0.04885752490692707,0.00019520531739861133,-0.00036830510488374685,-0.028465959518585843,0.05370836381828928,-4.6963002346921916e-05,5.363056645238659e-05,0.017680902298040015,-0.020191145332413778,5.4166264908086064e-05,-9.332644116671264e-05,-0.028065422232155857,0.048355668998274155,360.8465287116468,-873.8933855138991,617.3699571127729,-256.5234284011262,1269.9061842334766,-2338.9100580397444,1804.4081211366106,-534.5019369031339,-682.1171800981838,1078.0479012776598,-880.0825406879218,197.965360589738
220,3,23,53.33333333333334,-80.0,0.00010139912347247366,-0.00018028503951803942,-0.016905489075080302,0.03005752576155167,0.00045465075786794783,-0.0008924586720270179,-0.06629978240877288,0.13014344469958938,-0.00016964078052546754,0.00015317780891004474,0.06386734059456123,-0.05766926598004983,0.0001160100624798157,-0.00012996641500792253,-0.060108840663088914,0.06734011140303726,111.96623761148722,-628.2855243575948,370.125880984541,-258.15964337305377,1875.1534711347629,-3620.326324032812,2747.7398975837873,-872.5864264490245,-2554.9777798550203,3377.997251384035,-2966.4875156195276,411.50973576450724
213,3,24,60.0,-80.0,4.59609134372354e-05,-0.00014753999102881345,-0.0076627064750201795,0.02459819790406916,0.00014945404518231292,-0.00027634277416555014,-0.021794246472093718,0.04029788905077347,-4.325134766607748e-05,4.6934518601960686e-05,0.016283517111903706,-0.017670178573265746,6.175642758583276e-05,-6.914619898854354e-05,-0.03199814900818858,0.03582704610803694,422.66580721542266,-564.1273938228762,493.39660051914944,-70.73079330372678,670.5997121591364,-1476.9032848500626,1073.7514985045996,-403.1517863454631,-922.244986531512,1025.495373183276,-973.870179857394,51.625193325881924
158,3,25,66.66666666666669,-80.0,4.129248278954219e-05,-9.252220379937904e-05,-0.006884375256666282,0.015425509136253662,0.0002531502429473514,-0.00042826604620600984,-0.03691582106415888,0.06245221235234556,-8.527172868160432e-05,7.607204170103535e-05,0.032103592791342055,-0.028640041515927233,7.949136043610136e-05,-7.096924107513756e-05,-0.041187233386561814,0.036771627500054124,309.2296689429362,-381.136338333402,345.1830036381691,-35.95333469523291,989.9424490877973,-1761.3304626947288,1375.636455891263,-385.69400680346575,-1528.048117057372,1684.5196326416542,-1606.2838748495133,78.23575779214104
151,3,26,73.33333333333334,-80.0,-4.1880341742970476e-05,-3.456450363137228e-05,0.006982384418624845,0.005762671495719219,0.0002129884148471634,-0.00033965540712202903,-0.031059192832265808,0.049530500491751735,-6.33627236381424e-05,7.237779375322258e-05,0.02385516406527477,-0.027249209717152903,5.2917174544170236e-05,-6.503337394986947e-05,-0.027418225152407025,0.03369604867867313,145.25362583740016,-287.277908460046,216.26576714872306,-71.0121413113229,538.6142732190931,-1247.9723377367238,893.2933054779085,-354.67903225881537,-1334.665390173923,1566.8315238081548,-1450.748456991039,116.08306681711588
96,3,27,80.0,-80.0,1.4453797393896794e-05,-4.563710199509282e-05,-0.0024097694888090284,0.007608719905806753,0.00016295165870015003,-0.00029180994477042316,-0.023762545927849224,0.04255340062275747,-4.481871554981324e-05,5.201558499991367e-05,0.01687360882309163,-0.019583127789936705,5.306641571749644e-05,-4.9973283359397196e-05,-0.027495552185218496,0.02589289293231808,303.80274968230566,-271.1684786344336,287.48561415836963,16.31713552393603,592.6777108558045,-1133.7597756233288,863.2187432395667,-270.5410323837621,-977.1126394053969,1206.4264937794726,-1091.7695665924348,114.65692718703787
89,3,28,86.66666666666669,-80.0,-0.0001069521795156266,4.977149875896526e-05,0.017831307021586664,-0.008298015798415399,0.00019715776531217176,-0.0003289229272578519,-0.028750676676961538,0.047965428692381386,-6.554981810463329e-05,8.460757683407437e-05,0.024678574018772853,-0.031853549068828445,5.8080360973778036e-05,-6.0169554394612696e-05,-0.030093451281736246,0.031175934919473906,158.19804973701346,-93.30411464464545,125.75108219082946,32.446967546184005,238.10074439016734,-887.2701584049971,562.6854513975823,-324.58470700741486,-1518.581281218989,1788.4254028657629,-1653.503342042376,134.92206082338691
34,3,29,93.33333333333334,-80.0,-6.633690352885888e-05,1.5314049172930508e-05,0.011059837200527839,-0.002553192593015849,0.0001506486386165136,-0.0003029269260065952,-0.02196844894153611,0.044174542618554365,-3.625641976255728e-05,6.977719267315437e-05,0.013650026264569057,-0.026270120406099155,5.100839427277765e-05,-3.743964788213884e-05,-0.026429219830442417,0.019398781286073256,321.9064441309907,42.40004609827593,139.75319901635737,182.1532451146333,244.04208106871798,-932.2079629215838,588.1250219951509,-344.0829409264329,-1098.7567218872239,1387.6571140022645,-1243.2069179447442,144.45019605752032
27,3,30,100.0,-80.0,-0.0001374809288814891,7.28070831227074e-05,0.022921128523057114,-0.012138560040447721,0.00013791884476152286,-0.0002768398275072055,-0.020112117354952566,0.04037037222126645,-5.861864455866163e-05,7.993637159921227e-05,0.022069085780099442,-0.030094906749464398,4.2036904340259994e-05,-3.0322646520927386e-05,-0.021780779450901757,0.015711215813944687,-3.4836533581140086,242.42036062444356,-122.95200699127878,119.46835363316478,-74.97750715790431,-623.7269084767572,274.3747006594265,-349.35220781733074,-1302.8951315257045,1475.9675667881477,-1389.431349156926,86.53621763122158
956,4,0,-100.0,-73.33333333333333,0.0007890114072481171,-0.001254208325651523,-0.13154574979109904,0.20910442241576635,-4.776801603975547e-05,5.393555455592698e-05,0.006965806203394496,-0.007865192060656528,0.00019625936766840075,-0.00020043105241292642,-0.0738888599835769,0.0754594399444004,-3.273842891854426e-05,4.307672765120327e-05,0.016962916538097925,-0.022319548005794394,1548.805160894514,-1614.828224993894,1581.816692944204,-33.011532049690004,2887.232198938915,-4646.179905293692,3766.706052116304,-879.4738531773885,3439.6487890151034,-4766.14446457529,4102.896626795196,-663.2478377800933
903,4,1,-93.33333333333333,-73.33333333333333,0.0010909724100482147,-0.0017634959902151164,-0.18188936479604648,0.29401400303645325,-4.8927685828629816e-05,4.316039276430211e-05,0.007134915906475049,-0.006293896137706489,0.000166838120681761,-0.00019756556422642518,-0.06281217903344219,0.07438062440600166,-1.622152120941781e-05,2.894719070001424e-05,0.008404933269124481,-0.014998544404145463,1585.6031187713456,-1925.729860617555,1755.6664896944503,-170.06337092310469,4037.263284712406,-6632.533128811946,5334.898206762176,-1297.63492204977,3948.820777091494,-5944.668990418536,4946.744883755015,-997.9241066635209
894,4,2,-86.66666666666667,-73.33333333333333,0.0007245029223471571,-0.001275180542088446,-0.12079075064123748,0.21260095733355455,-5.140865249198104e-05,3.010563837107394e-05,0.007496704701714186,-0.004390176940734668,0.0001684684106819373,-0.0001960084176700991,-0.06342596002635348,0.07379438087917706,-4.4886822082355725e-05,3.140414938702165e-05,0.023257420768049115,-0.01627157999326788,1145.8770992083178,-1729.173300506648,1437.525199857483,-291.64810064916514,2622.105722813355,-4806.00397984908,3714.0548513312174,-1091.9491285178624,3227.8150181885944,-4653.584538615008,3940.6997784018013,-712.8847602132066
841,4,3,-80.0,-73.33333333333333,0.000893704368881019,-0.0015415570363182987,-0.14900039494494288,0.2570118433338012,-3.820467061360975e-05,3.694760139434967e-05,0.005571224296555243,-0.0053879112496342555,0.00015240525472778223,-0.00018298486411958654,-0.05737841032061772,0.0688911982376823,-1.5514951333944768e-05,2.8967794095186795e-05,0.008038834888050536,-0.015009219738431756,1409.3646756547375,-1729.7653304803273,1569.5650030675324,-160.20032741279488,3315.4572470146672,-5801.349612908326,4558.403429961497,-1242.9461829468294,3329.6527917153107,-5276.420760546375,4303.036776130843,-973.3839844155323
832,4,4,-73.33333333333333,-73.33333333333333,0.0007567669893078815,-0.0013606529643446635,-0.12616988818053043,0.2268511110941577,-4.7273419866630477e-05,4.4646069663196204e-05,0.006893681351316447,-0.006510546068278095,0.00018205297679112806,-0.00023560980199267126,-0.0685403559153465,0.08870373871584493,-4.30458149332052e-05,2.5653926324996757e-05,0.022303531053463797,-0.013292189805691603,1296.5578274093327,-2158.7163454028937,1727.6370864061132,-431.0792589967805,2761.5576643020377,-5092.368662448517,3926.9631633752774,-1165.4054990732398,3359.1687002354615,-5072.435635710677,4215.802167973069,-856.6334677376078
779,4,5,-66.66666666666666,-73.33333333333333,0.0010056609993722477,-0.001963464292503574,-0.16766605524688885,0.3273531664722948,-5.6610865048838715e-05,5.599479829434875e-05,0.008255321188314273,-0.008165482799033886,0.00022806103521438986,-0.00029967957892137103,-0.08586173541095547,0.11282509828662643,-4.494147979390313e-05,4.088561528888652e-05,0.023285740825845686,-0.021184256626356195,1748.4320667829681,-2726.7152882161818,2237.573677499575,-489.1416107166068,3690.133595118714,-7369.314043151619,5529.723819135166,-1839.5902240164528,4283.533852611495,-7119.366723925243,5701.450288268368,-1417.916435656874
770,4,6,-60.0,-73.33333333333333,0.0009512168752308783,-0.001993974805812217,-0.1585890088745492,0.33243994761744317,-6.69523593462862e-05,4.3801782005599066e-05,0.009763377228773962,-0.00638742719731965,0.00023440830371036336,-0.00031870699015463724,-0.08825139170481229,0.11998864793608914,-6.914288963491436e-05,6.318916420043277e-05,0.035825331417037365,-0.032740499585701195,1500.1222507804227,-2647.096552492054,2073.6094016362385,-573.4871508558156,3444.732902823959,-7525.3325543561805,5485.032728590069,-2040.2998257661106,4383.709489218885,-7440.608340818097,5912.158915018491,-1528.4494257996057
717,4,7,-53.33333333333333,-73.33333333333333,0.0010581888583098501,-0.0024670979845378862,-0.17642361759059155,0.4113201041237798,-5.077904855900868e-05,4.4500391421486685e-05,0.007404892243387878,-0.006489302431134882,0.0002812207173035748,-0.0003689574503731863,-0.10587559947932357,0.13890723135612776,-7.62571459101664e-05,5.775215544637483e-05,0.03951147456483463,-0.029923396604325338,1862.7158035845537,-3297.8058260158996,2580.2608148002264,-717.545011215673,3913.2444836105274,-9342.286451044722,6627.765467327625,-2714.520983717097,4923.852742309222,-8895.126199671471,6909.4894709903465,-1985.6367286811246
708,4,8,-46.666666666666664,-73.33333333333333,0.0010958760549254437,-0.0026998270103768592,-0.1827069114578041,0.4501212087984458,-3.055803039952117e-05,1.9016027262150876e-05,0.004456147342258175,-0.0027730262139496536,0.00026607331961077293,-0.0003388808662617369,-0.1001728197316071,0.12758382530118728,-9.938841449085999e-05,7.297751546208048e-05,0.05149658781907442,-0.03781218417722614,1484.9949580157795,-2949.463252581203,2217.229105298491,-732.2341472827118,4117.722166230398,-10309.506738179924,7213.614452205161,-3095.8922859747627,5073.2122362216915,-9401.922643038111,7237.567439629902,-2164.35520340821
655,4,9,-40.0,-73.33333333333333,0.001151746256403269,-0.003176701363734219,-0.1920217166391557,0.5296267695448099,-5.226647732805701e-06,-2.0204455023462677e-05,0.0007621797641718032,0.0029463295695912658,0.0003398318013620322,-0.0004643590302730739,-0.12794183883865015,0.17482456902606758,-8.637213190002853e-05,6.861862396810113e-05,0.04475239994818044,-0.03555369117516535,2300.2400122808,-4253.724336812263,3276.9821745465315,-976.7421622657314,4428.253326438868,-12283.333521878878,8355.793424158874,-3927.540097720005,5445.978433532345,-11175.321742654975,8310.65008809366,-2864.671654561315
646,4,10,-33.33333333333333,-73.33333333333333,0.0012578083573683097,-0.0037302041152258566,-0.20970462777034812,0.6219079885329497,0.00010563387991585071,-0.00018883205927264172,-0.015404138522187387,0.027536574447353968,0.00035021180550262506,-0.0003816980653904182,-0.13184976273387577,0.1437038916648651,-0.0001313231432424019,0.00010558509528322673,0.06804307940017651,-0.05470730325553238,1950.3790819146466,-3366.743598240174,2658.56134007741,-708.1822581627637,5192.470425365884,-14936.746813327967,10064.608619346925,-4872.138193981042,5864.862300213411,-12079.689157218734,8972.275728716073,-3107.4134285026616
593,4,11,-26.666666666666657,-73.33333333333333,0.0013398499723370056,-0.004364572189763008,-0.22338278965240566,0.7276712553779419,0.0001948229091701795,-0.0002865787239739624,-0.028410194556364624,0.04179055398820213,0.00042746460978850415,-0.0005541539307676829,-0.16093434456572198,0.208631071659336,-0.00011904609704995939,0.00011250525873067203,0.06168191556989838,-0.058292880171305475,2822.9743470377257,-5021.365746816004,3922.1700469268644,-1099.195699889139,5813.376553301167,-17710.911318150414,11762.143935725791,-5948.767382424623,6182.697416304098,-14460.020491772166,10321.358954038133,-4138.661537734034
584,4,12,-20.0,-73.33333333333333,0.0017147703050522701,-0.004760102313836149,-0.28589034762418614,0.7936149239462292,0.00044485684812796807,-0.0008579521083073886,-0.0648715782906563,0.12511149957094989,0.0004007584146168295,-0.0003535089689466096,-0.15087984200017812,0.1330910978657976,-0.0001388395088592731,0.00010158975992361497,0.07193756935710278,-0.05263718130754798,2593.1395651810603,-3793.7659756703965,3193.4527704257284,-600.3132052446681,8062.273583362861,-21072.884333023485,14567.578958193173,-6505.305374830312,6595.4625143107605,-13043.946573843128,9819.704544076943,-3224.242029766184
531,4,13,-13.333333333333329,-73.33333333333333,0.0020544288809169827,-0.005770093891091448,-0.34251898648117796,0.9620029828415082,0.0005192840506552099,-0.0009430367788039278,-0.0757249800445428,0.1375190344592589,0.0004051064758677056,-0.0004652959344915921,-0.1525168252065483,0.17517730013614166,-9.5523729972439e-05,7.66518740206514e-05,0.04949416060745827,-0.03971599690187339,3276.1645992254535,-5413.299618238029,4344.732108731741,-1068.567509506288,9614.570091417932,-25238.960675944483,17426.76538368121,-7812.195292263275,7000.255314308156,-15871.337386448584,11435.79635037837,-4435.5410360702135
522,4,14,-6.666666666666657,-73.33333333333333,0.0024556173488745328,-0.005365544557528294,-0.4094060268207892,0.8945556114572824,0.0006841224962653947,-0.0015233383304982114,-0.09976266806645481,0.22214193663855958,0.00026272208393818573,-0.00021795681936657171,-0.0989111271748363,0.08205764188465456,-2.6541351613761136e-05,-3.3334798843223873e-06,0.013751995654792104,0.0017271916499071672,3052.112903542049,-4325.985696681308,3689.0493001116783,-636.9363965696293,11681.1586084353,-25572.751154687463,18626.95488156138,-6945.796273126081,6394.895671381952,-11579.293461044579,8987.094566213265,-2592.1988948313137
469,4,15,0.0,-73.33333333333333,0.0029187445630939504,-0.006439940170790243,-0.4866196337262192,1.0736812555487203,0.0006462063836932666,-0.0014143749189680433,-0.09423352295932455,0.20625226671071137,0.00021094231621445646,-0.00020508083036968613,-0.07941678123469714,0.07721001519837875,4.454559264712469e-05,-5.819077443125552e-05,-0.023080617951867315,0.030150660327061343,3566.485750265119,-5157.378990472517,4361.932370368818,-795.4466201036992,13332.886806700277,-29333.62150835274,21333.254157526506,-8000.367350826231,6874.467621653289,-14141.471640207657,10507.969630930473,-3633.5020092771842
460,4,16,6.666666666666671,-73.33333333333333,0.0025202770429230545,-0.00413270997273574,-0.42018623589855364,0.6890146670106623,0.0006022444307019363,-0.0016794665686968694,-0.08782273870976556,0.2449094522344372,-7.285262833125982e-05,5.374343475700828e-05,0.027427978180889292,-0.020233638643463604,0.0001031710209390959,-0.00012205199667645963,-0.05345648753318538,0.06323937651627083,1653.1466147164786,-3025.3700213950724,2339.2583180557754,-686.1117033392969,11629.768453656765,-21345.818422972625,16487.793438314693,-4858.02498465793,4008.1086912298483,-5683.224987823324,4845.666839526586,-837.558148296738
407,4,17,13.333333333333343,-73.33333333333333,0.002775464987490754,-0.004571665624276563,-0.46273174182842064,0.762198336823968,0.0005183059155673487,-0.0014790958962693677,-0.07558234277325418,0.2156902510054769,-0.00016147029447445468,0.00012801012278256088,0.060791268827933106,-0.04819399018314489,0.00015130903132890252,-0.00016993145046984506,-0.07839846182841034,0.0880473836630911,1496.276779474375,-2999.6958229759807,2247.986301225178,-751.7095217508029,12325.026715819347,-22363.97116776432,17344.498941791833,-5019.472225972487,4035.2072802076627,-6533.793835611532,5284.500557909598,-1249.2932777019346
398,4,18,20.0,-73.33333333333333,0.0014601359330011256,-0.0019435972120426077,-0.243437134544695,0.32404088230074785,0.0004206460025661147,-0.0012782585210818792,-0.06134101386311498,0.18640299250200157,-0.00026818551237755054,0.00021437073931937698,0.10096803026069862,-0.08070753376168961,0.00018892999213865962,-0.00021674186103729702,-0.09789118763656555,0.11230148240269221,540.4298844314487,-1850.9553303333234,1195.692607382386,-655.2627229509374,6960.339441583651,-11641.129072122767,9300.73425685321,-2340.394815269558,-10.193859958126467,656.7928514452803,-333.4933557017034,323.2994957435769
345,4,19,26.66666666666667,-73.33333333333333,0.0014831221298830296,-0.0017681895892710754,-0.24726944479509044,0.2947965303882292,0.0004648619312270046,-0.0012570150705462897,-0.06778883430218323,0.18330515064482336,-0.0003503857907810034,0.0002955378665784359,0.13191526571610804,-0.11126580250862084,0.0002131995106124189,-0.00024651103722689825,-0.11046606767477693,0.12772592602424004,140.48457368077632,-1430.666523829475,785.5755487551256,-645.0909750743493,7185.0188735260035,-10892.569605041987,9038.794239283994,-1853.7753657579915,-666.8009495941644,1716.0464730538629,-1191.4237113240138,524.6227617298492
336,4,20,33.33333333333334,-73.33333333333333,0.0005074654497275578,-0.0006642080705410048,-0.08460577688010122,0.11073825784262664,0.0004411128740880736,-0.0010116457020198197,-0.06432561051232656,0.14752398133726458,-0.00021019462377007983,0.00018599445895652001,0.07913528566590133,-0.07002426787993857,0.000160901871468331,-0.00018829075312158013,-0.08336884532033989,0.09755997571061778,410.8720503963604,-1231.7858113897128,821.3289308930366,-410.45688049667615,3385.9543030211785,-5868.581948542303,4627.26812578174,-1241.313822760562,-2021.2472169223263,3009.3019026964093,-2515.274559809368,494.0273428870415
283,4,21,40.0,-73.33333333333333,0.0004366270880700576,-0.0005753981407282588,-0.07279544649373892,0.09593166734369005,0.0005410898060078909,-0.001257864932336207,-0.07890482041679087,0.18342908236774247,-0.0003279534819062473,0.00028671354378094916,0.12346982054196631,-0.10794357050828629,0.00018319895417739454,-0.0002174114180037507,-0.0949217379157042,0.11264840311069914,-325.1405683746249,-778.1470051043823,226.5032183648787,-551.6437867395036,3428.9873252775033,-6327.072551050584,4878.029938164043,-1449.0426128865402,-3221.1089060322533,4555.778946089896,-3888.4439260610743,667.3350200288212
274,4,22,46.666666666666686,-73.33333333333333,0.00020538527230656427,-0.0003380445964907532,-0.034242292815317876,0.056359552599246375,0.00028493653909057357,-0.0005423921053293726,-0.04155108116525068,0.07909472917675911,-8.169380694160837e-05,7.190285367983393e-05,0.030756556154979135,-0.027070401535917464,6.795515194219146e-05,-9.262444643450561e-05,-0.035209923286093146,0.04799194115775255,273.64473155268973,-797.4511256207427,535.5479285867162,-261.90319703402645,1720.9784320412625,-3080.156669281366,2400.5675506613143,-679.5891186200516,-1067.0004572826408,1451.5944144532782,-1259.2974358679594,192.2969785853187
221,4,23,53.33333333333334,-73.33333333333333,8.765582582842538e-05,-0.00015798585187159993,-0.014614175696615975,0.026339755230306548,0.00051974911530284,-0.001019338891926636,-0.0757927984401141,0.1486458464348686,-0.00022553017828350644,0.0001978728370208333,0.08490890377990452,-0.07449630824189958,0.00013369967091079898,-0.00014920202535028583,-0.06927444088639204,0.07730674888612242,-140.86946095097423,-513.3301147417333,186.2303268953795,-327.09978784635376,2030.8177659381497,-3948.2080875550178,2989.5129267465836,-958.695160808434,-3167.634145850597,4108.514839625282,-3638.074492737939,470.44034688734223
212,4,24,60.0,-73.33333333333333,8.671622733069983e-05,-0.00016448192843290194,-0.014457523729672954,0.02742279567066882,0.00017719117785345488,-0.00030711196179782237,-0.025839034320603364,0.04478482855238289,-3.7975466518637247e-05,3.013327028043391e-05,0.014297222913443543,-0.01134474759115789,5.7457348464813295e-05,-6.364745630135504e-05,-0.029770646872946373,0.03297795663281107,443.4429444069424,-663.7169366199147,553.5799405134285,-110.13699610648615,917.7915711893016,-1644.491866742457,1281.1417189658794,-363.35014777657767,-819.5405249304781,922.4419067574934,-870.9912158439857,51.45069091350763
159,4,25,66.66666666666669,-73.33333333333333,3.8208072278948896e-05,-8.176421053898757e-05,-0.00637013542495755,0.01363191239394349,0.00031853763620649415,-0.0005535795026452097,-0.046450985957950094,0.08072613964935735,-9.880071046215009e-05,8.996118461231194e-05,0.03719706197133096,-0.03386910623806146,9.504407195246549e-05,-9.609077322878555e-05,-0.04924563313596952,0.04978796540349261,399.99992285355694,-602.8369313357794,501.4184270946681,-101.41850424111121,1193.4905158005356,-2133.942084980111,1663.7163003903233,-470.2257845897876,-1876.1174519256515,2265.5398470173036,-2070.8286494714775,194.71119754582605
150,4,26,73.33333333333334,-73.33333333333333,-8.666675153865823e-06,-5.763887825241537e-05,0.0014449275014761062,0.009609682936367898,0.00018461337392347617,-0.0003286368036333417,-0.02692138154189753,0.047923704503608465,-5.4623523867778464e-05,5.555945518471926e-05,0.020564979673710074,-0.02091734450018056,4.7281314813309587e-05,-5.036779796319638e-05,-0.024498090576832922,0.026097304644131035,153.93304986729012,-264.878788542067,209.40591920467858,-55.472869337388445,572.8955584562895,-1300.2073790603736,936.5514687583316,-363.65591030204206,-1094.1454517939303,1281.4542439875363,-1187.7998478907334,93.654396096803
97,4,27,80.0,-73.33333333333333,2.492186825310033e-05,-5.533996493279502e-05,-0.004155029718750488,0.009226402956438399,0.00018092222900700075,-0.0003280925180521446,-0.026383117609491094,0.04784433365691545,-4.50212197382692e-05,6.840597581336117e-05,0.016949848769264246,-0.0257538767650233,6.218273943532805e-05,-4.353738357614634e-05,-0.03221903597683889,0.022558229832189657,418.89343117371016,-74.0498877142049,246.47165944395752,172.42177172975263,693.2724178361262,-1286.5095570116803,989.8909874239032,-296.618569587777,-1061.9660482011295,1301.0396433755234,-1181.5028457883263,119.53679758719693
88,4,28,86.66666666666669,-73.33333333333333,-9.742123446842603e-05,3.0593017117145676e-05,0.016242286506883894,-0.005100536364972129,0.00019969028701155431,-0.0003565796786658422,-0.029119983523390083,0.051998494883851054,-6.405576949033501e-05,8.057472397239715e-05,0.024116085969503973,-0.030335237336904866,4.676519290150967e-05,-5.5796708713672234e-05,-0.02423066989714397,0.02891021176872861,44.03675279574538,-95.40796598015518,69.72235938795028,-25.685606592204902,281.2358910455238,-1051.4208618253774,666.3283764354505,-385.0924853899268,-1405.2849396523395,1747.6528633507644,-1576.468901501552,171.18396184921244
35,4,29,93.33333333333334,-73.33333333333333,-3.6837762836601815e-05,2.2412688336700005e-06,0.006141674364213108,-0.0003736693620651653,0.0001297858216876407,-0.00027786253290203313,-0.01892611326105742,0.04051950899047215,-2.9677178709883467e-05,6.709159750472687e-05,0.011173035603106288,-0.025259032029885765,6.61588134417914e-05,-2.289391014807082e-05,-0.03427917794909873,0.011862129610393858,555.0542096108451,194.38228714107717,180.33596123488394,374.71824837596114,291.92893772447474,-897.8710981331554,594.900017928815,-302.97108020434035,-1055.3892278992366,1170.6980042928672,-1113.043616096052,57.65438819681526
26,4,30,100.0,-73.33333333333333,-0.00013353209393470185,6.284176225739928e-05,0.022262769912389936,-0.010477119416023885,0.000142490406813627,-0.00029212036706151843,-0.02077876876612373,0.042598668182523475,-5.9991947882077525e-05,8.645798874644208e-05,0.022586114945047656,-0.03255020283027279,4.575341521878367e-05,-3.643171331975619e-05,-0.023706432755835408,0.018876535398828602,31.041444343467944,217.93533489888563,-93.44694527770883,124.4883896211768,-44.4356317200255,-712.0877423850458,333.8260553325101,-378.26168705253565,-1338.716416162137,1565.9392347391358,-1452.3278254506363,113.61140928849943
955,5,0,-100.0,-66.66666666666666,0.0007849545689212966,-0.001244902063841976,-0.13086938461490452,0.20755286159390338,-2.1375523344134824e-05,4.2487196841463005e-05,0.003117101471986117,-0.006195726845276388,0.00019022350972896335,-0.0002009323897676533,-0.07161644533419628,0.07564818632653764,-2.9677032804231076e-05,2.7815285005609442e-05,0.015376700934827585,-0.014412064769739105,1542.2663379582812,-1797.9803676445304,1670.1233528014059,-127.8570148431246,2958.0046206842976,-4650.804040630423,3804.4043306573603,-846.3997099730625,3313.418973418211,-4601.501520871692,3957.4602471449516,-644.0412737267407
904,5,1,-93.33333333333333,-66.66666666666666,0.0010738439835698906,-0.00159111579579476,-0.17903367515311547,0.2652743907623427,-2.6427393589386285e-05,2.9931634436576335e-05,0.0038537941800070893,-0.004364802688529392,0.00016960547474776226,-0.00018254668331541465,-0.06385404847150761,0.06872622939837753,-2.8858402419704693e-05,9.652866019074222e-06,0.014952540113829656,-0.005001484983973949,1466.8496329423128,-1969.263018990833,1718.0563259665728,-251.20669302426006,4043.952620661969,-6017.21880617823,5030.5857134201,-986.6330927581305,3963.4817561415302,-5239.384521025535,4601.433138583532,-637.9513824420023
893,5,2,-86.66666666666667,-66.66666666666666,0.0007497853390874481,-0.0013281422911380308,-0.12500589181167024,0.2214308588089648,-4.2952193234412674e-05,2.432963145908416e-05,0.0062635352875585444,-0.003547886468697851,0.00016210732229488984,-0.00018943073560429027,-0.061031100740106106,0.07131797715409115,-3.5314021070430774e-05,2.5853966839049235e-05,0.018297420243737983,-0.013395837740433772,1214.031203930208,-1756.7457702069164,1485.3884870685622,-271.3572831383542,2747.2671447459275,-5027.581956507962,3887.4245506269444,-1140.1574058810172,3167.79770374857,-4701.442566407159,3934.6201350778642,-766.8224313292944
842,5,3,-80.0,-66.66666666666666,0.0008843814385203854,-0.0014470375427025751,-0.14744605510489278,0.24125334156394607,-4.445026973376428e-05,2.3523657429324608e-05,0.006481993399020783,-0.003430354710803585,0.00014249710785196594,-0.00016553583917345573,-0.053648133973040454,0.062321888571542056,-1.7379779729032074e-05,2.1956234535771746e-05,0.009005067217110866,-0.01137628732422876,1296.6924359050113,-1635.5458264996028,1466.119131202307,-169.42669529729574,3257.4269765070453,-5482.223742951,4369.825359729022,-1112.3983832219772,3282.2769277380094,-4854.669154481108,4068.473041109559,-786.1961133715495
831,5,4,-73.33333333333333,-66.66666666666666,0.0007907758451328969,-0.0014426901196480336,-0.13183992082890786,0.24052852945081912,-4.946064113271281e-05,6.565019653416809e-05,0.0072126345071434035,-0.009573488375384428,0.00018386952469559722,-0.00023707556613100558,-0.06922426035955914,0.08925557806228225,-5.2100114958831767e-05,3.195456962283666e-05,0.02699487821699869,-0.016556771825296246,1217.413039622503,-2116.217937733562,1666.8154886780326,-449.4024490555295,2883.289433345376,-5336.486448823188,4109.887941084282,-1226.598507738906,3531.4742781866516,-5390.2465327386235,4460.860405462638,-929.3861272759859
780,5,5,-66.66666666666666,-66.66666666666666,0.0010365952691969143,-0.0019198901831169286,-0.17282348602791972,0.3200883933168122,-6.815750950454614e-05,5.304028065130998e-05,0.009939119140295726,-0.0077346380825861795,0.00023765508726305434,-0.0002750225489046812,-0.08947375952435556,0.10354207725095138,-4.364945933567771e-05,4.463997785269558e-05,0.022616300173915728,-0.023129522203458427,1851.2554325841347,-2457.8114165074926,2154.5334245458134,-303.27799196167894,3772.269522398812,-7207.853860064287,5490.061691231549,-1717.7921688327374,4430.882850720379,-6899.060273402781,5664.97156206158,-1234.088711341201
769,5,6,-60.0,-66.66666666666666,0.0009791593940269624,-0.002055762519546936,-0.16324764822033863,0.3427413337019101,-5.727314022265036e-05,5.116511978867646e-05,0.00835189795445528,-0.007461191365468514,0.0002446786278503001,-0.00034920651685278894,-0.092118022640075,0.1314712858582327,-7.224587380151255e-05,6.432688032678473e-05,0.03743309523392687,-0.03332998980660867,1565.8703999052639,-2913.6667822386153,2239.7685910719397,-673.8981911666757,3584.527121994765,-7742.090116768337,5663.308619381551,-2078.781497386786,4511.5417581928,-7786.397976006278,6148.969867099539,-1637.428108906739
718,5,7,-53.33333333333333,-66.66666666666666,0.0010537273826262713,-0.002326907345343262,-0.17567979036758846,0.38794720662554233,-6.256126267185418e-05,4.544813042455449e-05,0.00912304231452911,-0.006627507170918803,0.00028044226710332237,-0.0003760033794184045,-0.10558252405299372,0.14155992340778042,-6.199727837781545e-05,6.391920456085817e-05,0.03212294216465624,-0.033118758839807444,2014.9087849900063,-3240.550306681714,2627.7295458358603,-612.8207608458539,3859.7216335950707,-8802.717769605206,6331.219701600138,-2471.4980680050676,4826.272529737648,-8616.15060908729,6721.2115694124695,-1894.9390396748208
707,5,8,-46.666666666666664,-66.66666666666666,0.0010696284518056885,-0.0027149415667979504,-0.1783308522514489,0.4526411415128623,-3.079994774203195e-05,2.690779278877574e-05,0.004491425117323561,-0.003923848747909339,0.00027445302638763337,-0.00037466760899678407,-0.10332766012518778,0.1410570248464232,-9.19742423240665e-05,8.695396811960155e-05,0.04765504783628167,-0.04505386949200052,1634.4283103864052,-3097.11770801966,2365.7730092030324,-731.3446988166273,4019.002181203199,-10344.578528040402,7181.7903546218,-3162.788173418601,4992.481919417881,-9753.1364302819,7372.80917484989,-2380.3272554320097
656,5,9,-40.0,-66.66666666666666,0.0011901038820134398,-0.0030997382699250982,-0.19841678593060572,0.5167953100901562,-9.342405022390578e-06,-4.743177072752883e-06,0.0013623631093539828,0.0006916772982508343,0.00036905027456098056,-0.0005218444906505131,-0.13894217834233538,0.19646702708237135,-9.44227064950778e-05,7.951936031288716e-05,0.04892368212177915,-0.04120174109474097,2469.300935964661,-4590.459307490404,3529.8801217275327,-1060.5791857628715,4564.6635843705135,-11944.999630796416,8254.831607583465,-3690.168023212951,5769.4361086764775,-11393.938221961873,8581.687165319176,-2812.2510566426977
645,5,10,-33.33333333333333,-66.66666666666666,0.0012363149341047615,-0.0036663987120175694,-0.20612119608253252,0.6112702087383185,0.00010448533564004825,-0.00016356831699521432,-0.015236651205263872,0.023852470578970563,0.00034291986129722485,-0.000391934033210815,-0.12910444947417338,0.14755758793456664,-0.00012718381287374185,0.00011130849275523765,0.06589834863921375,-0.057672794173671375,1928.053579511386,-3356.7909964045966,2642.422287957991,-714.3687084466053,5106.01439317802,-14610.175694685562,9858.095043931791,-4752.080650753771,5741.81659604944,-12068.870592857202,8905.343594453321,-3163.526998403881
594,5,11,-26.666666666666657,-66.66666666666666,0.0013497504072795983,-0.00411877974446644,-0.22503341235040147,0.6866921881394918,0.00017698115819872798,-0.00024329067220384623,-0.0258084080494073,0.035478041881729455,0.0004479744299822641,-0.0006021673268881477,-0.16865600010037937,0.22670743227043888,-0.0001209072043285235,9.944267568999074e-05,0.06264621985930939,-0.05152470243002299,2973.6366019928882,-5487.196911512275,4230.416756752582,-1256.7801547596932,5795.482242440069,-16637.59449135178,11216.538366895926,-5421.056124455856,6370.854135343539,-14070.362773604473,10220.608454474006,-3849.7543191304667
583,5,12,-20.0,-66.66666666666666,0.0017172098965275685,-0.004990655950253981,-0.2862970817814544,0.8320533428221059,0.00043853637362229614,-0.0007990434039054468,-0.06394989042982148,0.11652109426260585,0.0004157197067875129,-0.0003702446929330196,-0.15651255566631414,0.13939185986786906,-0.0001358590470293297,0.00010158051813421831,0.07039328861620019,-0.05263239281563261,2754.6438976726513,-3988.4980326609225,3371.5709651667867,-616.9270674941356,8053.637161797989,-21764.23189450044,14908.934528149215,-6855.297366351226,6671.688824639462,-13867.258698310352,10269.473761474906,-3597.784936835445
532,5,13,-13.333333333333329,-66.66666666666666,0.001998401465197698,-0.005555001914353295,-0.3331779701892129,0.9261423665130902,0.00047627889178801725,-0.0008764708774638373,-0.0694537210044826,0.1278120127545383,0.00041936009349742586,-0.0004916125470511144,-0.15788310947523757,0.18508513039032864,-0.00010994488655538212,8.925700373667467e-05,0.056966262463902,-0.046247152195146655,3194.9129461331695,-5394.742065484593,4294.827505808881,-1099.9145596757116,9258.639655866746,-24199.039110595997,16728.83938323137,-7470.199727364626,7137.998181668757,-15698.164050097874,11418.081115883315,-4280.082934214559
521,5,14,-6.666666666666657,-66.66666666666666,0.0024694207857678062,-0.005470668693734393,-0.4117073667496412,0.9120821430021226,0.0006678272826171027,-0.0014297341789215909,-0.09738640650636739,0.20849204213230157,0.00029087081082740824,-0.0002406595479928719,-0.10950872241089078,0.09060489624831938,-3.8816415244121554e-05,7.024385211036736e-06,0.020112132250830805,-0.0036395778295510157,3149.7128256285737,-4395.902596795689,3772.807711212131,-623.0948855835575,11682.715314885978,-25669.2752808364,18675.995297861187,-6993.27998297521,6709.153318494523,-12266.225857546191,9487.689588020357,-2778.536269525834
470,5,15,0.0,-66.66666666666666,0.002935691291326626,-0.0064953539409763955,-0.4894450302304959,1.0829199634823772,0.0006529167744423257,-0.0013875491910578922,-0.09521207064420421,0.2023403851343113,0.0002734763152564048,-0.0002506543651609691,-0.1029599422787628,0.09436780272798746,7.048776824833561e-05,-8.020281046438933e-05,-0.0365221597141465,0.041555860344223795,4414.275143226642,-5811.85041251144,5113.062777869041,-698.7876346423986,13433.715457780392,-29468.22075942515,21450.96810860277,-8017.252650822378,7031.308350841703,-14417.17834577475,10724.243348308226,-3692.9349974665233
459,5,16,6.666666666666671,-66.66666666666666,0.0025880871372824382,-0.004277908727779458,-0.43149168677539407,0.7132225288051794,0.000572194374393098,-0.0015829506041562208,-0.08344066706428946,0.23083494045307465,-7.512626415126808e-05,6.556819773924217e-05,0.02828396972286797,-0.024685493689738363,9.974539766940335e-05,-9.604846840405559e-05,-0.05168155319655795,0.04976604580518694,1603.2648843333347,-2628.414185317586,2115.8395348254603,-512.5746504921257,11789.62544740855,-21578.230040297763,16683.927743853157,-4894.302296444606,4268.1877585016255,-6420.571578826432,5344.379668664029,-1076.1919101624035
408,5,17,13.333333333333343,-66.66666666666666,0.0029616119921470926,-0.004847067929184208,-0.4937665875530085,0.8081140262049716,0.0005319113032271489,-0.001471340844869625,-0.07756635847282496,0.21455936490999805,-0.00014106882972860464,0.00013488919334649443,0.05311040757797248,-0.05078386239028677,0.00013802583487995115,-0.0001640948182020092,-0.071515976621703,0.08502322186628636,1584.777892266357,-2959.8194571488966,2272.2986747076266,-687.5207824412698,13083.019751449028,-23390.4197621119,18236.71975678046,-5153.700005331435,4696.725697687944,-7277.563505722847,5987.144601705396,-1290.4189040174515
397,5,18,20.0,-66.66666666666666,0.0016077854728385505,-0.0021014879538240215,-0.268053596671607,0.35036478056370096,0.00044350576946083285,-0.0013548692591224057,-0.06467455624659713,0.1975748099340923,-0.0002993144712308163,0.0002381405065413792,0.1126876404350761,-0.08965651297717457,0.0002010570346338978,-0.00023196426246035724,-0.10417462934393992,0.12018873702603579,471.2257394568598,-1907.31693146743,1189.2713354621449,-718.0455960052851,7597.745297990038,-12495.97310409661,10046.859201043324,-2449.1139030532863,66.47304414215913,662.4179169407353,-297.9724363992881,364.4454805414472
346,5,19,26.66666666666667,-66.66666666666666,0.0016550373048443425,-0.0019402536993921773,-0.2759315279829984,0.3234834443797032,0.000443472097151334,-0.0012520428990173763,-0.06466964595720612,0.1825800800609494,-0.00034228453312412356,0.00030057319488057066,0.12886525745504274,-0.11316153198287655,0.00021185458624756618,-0.0002599535554148377,-0.1097692156722629,0.13469096135477537,241.92737283185247,-1597.54927793609,919.7383253839712,-677.8109525521188,7773.67607548647,-11536.1907378651,9654.933406675784,-1881.2573311893148,-117.28200221711143,1385.5626816579188,-751.4223419375151,634.1403397204037
335,5,20,33.33333333333334,-66.66666666666666,0.0005878401433547323,-0.0007634201255677851,-0.09800602590095182,0.12727911396577457,0.000523469632483888,-0.0012096732594888786,-0.07633534560468572,0.17640149609762204,-0.0002849385024365241,0.00023260622039078386,0.10727529269346686,-0.08757293297104053,0.00018427852023284022,-0.00020866528437802175,-0.09548109856619393,0.10811672765695567,99.88268718407012,-1183.7610833359745,641.8218852600223,-541.9391980759522,3956.5651699086866,-6895.135618358721,5425.850394133704,-1469.2852242250174,-2570.435778802932,3605.8505882146433,-3088.143183508788,517.7074047058557
284,5,21,40.0,-66.66666666666666,0.000483224828469084,-0.0006326887456119004,-0.0805643261867968,0.1054832853636236,0.0005738420196510004,-0.001304308170512733,-0.08368093615038544,0.1902017018612237,-0.00033904805295078134,0.0003174966419844932,0.12764676871125064,-0.1195329690681828,0.00018870828069600496,-0.00022847829305099005,-0.09777631124140775,0.11838253525952513,-327.51513314271625,-680.0399786761941,176.26242276673892,-503.77755590945515,3714.1410855974177,-6696.036686058315,5205.088885827867,-1490.9478002304488,-3275.1856383266945,4758.800158913287,-4016.992898619991,741.8072602932964
273,5,22,46.666666666666686,-66.66666666666666,0.0002080799919624994,-0.0003054522363450099,-0.03469156251453951,0.050925681284525195,0.0004082717700981971,-0.0007802160553343011,-0.05953653227829203,0.11377558225806272,-0.0001320513332204347,0.0001088328847064574,0.0497154484236134,-0.040974032858758405,9.318320868154202e-05,-0.00011722610505887582,-0.04828145527538786,0.060738914538249304,186.11826889980205,-855.5571076351113,520.8376882674567,-334.7194193676546,2132.995971001341,-3735.240807244418,2934.1183891228793,-801.1224181215387,-1799.6436818929808,2464.7629175674306,-2132.203299730206,332.5596178372249
222,5,23,53.33333333333334,-66.66666666666666,8.82115177898852e-05,-0.00015086341310773202,-0.014706821905595475,0.02515228628001346,0.000572052927941637,-0.0011055975429435862,-0.08342004053108333,0.1612245778992493,-0.00025555092018878455,0.0002471395882498235,0.09621128603862072,-0.09304453922140192,0.00015209426316758885,-0.0001658075840854229,-0.07880531770337716,0.0859106653291946,-163.5389448780273,-316.1507787988183,76.30591696039549,-239.8448618384228,2203.2542865826676,-4199.567730649646,3201.4110086161572,-998.1567220334894,-3583.9362430277474,4709.770587511325,-4146.8534152695365,562.9171722417889
211,5,24,60.0,-66.66666666666666,0.00010115565223882328,-0.00017600239199845691,-0.016864897005448753,0.029343513170758655,0.00023575697073594537,-0.00038032661990964993,-0.034379434303471436,0.05546141012173932,-3.841232277005966e-05,3.949763550501889e-05,0.014461693077480957,-0.01487029788276744,4.989579568295441e-05,-4.911137211957762e-05,-0.025852743877166396,0.025446306797696747,381.7081668133798,-449.5079220075295,415.6080444104547,-33.899877597074834,1164.1396827454973,-1925.2637391807957,1544.7017109631465,-380.5620282176492,-861.2116364329562,998.7212108051041,-929.9664236190301,68.75478718607394
160,5,25,66.66666666666669,-66.66666666666666,3.575642646074397e-05,-6.942632564355301e-05,-0.005961391540629192,0.011574912578101997,0.00036268899593876295,-0.0006385496190347683,-0.05288939058533462,0.09311696960044714,-0.00013364545003668145,0.00012966637636096332,0.05031561072736715,-0.04881754609390603,9.947587597962246e-05,-9.896272791094476e-05,-0.05154190465263009,0.0512760248242998,169.38348082183717,-326.44823907883136,247.91585995033427,-78.5323791284971,1324.5613708936662,-2360.2826979409724,1842.4220344173193,-517.8606635236531,-2199.9265876348422,2722.4991492912745,-2461.2128684630584,261.28628082821615
149,5,26,73.33333333333334,-66.66666666666666,3.5156976792982355e-05,-8.360413157101384e-05,-0.005861449948805122,0.01393866815119986,0.0001637817493840115,-0.0003006692886608488,-0.023883594514631852,0.04384532098592622,-3.645897083783642e-05,4.7360368171688144e-05,0.013726283862963597,-0.017830504878223696,3.912990406068538e-05,-4.59378697447782e-05,-0.020274561689464836,0.02380200504909678,221.29929967623053,-280.6893658475167,250.9943327618736,-29.695033085643075,673.5911152472122,-1308.2065854125128,990.8988503298625,-317.3077350826503,-774.9176655461974,1072.788106082025,-923.8528858141112,148.9352202679138
98,5,27,80.0,-66.66666666666666,2.8813809350674283e-05,-4.1506061018988296e-05,-0.004803902859392119,0.006919983497654246,0.00020906911728226266,-0.00040746108649541925,-0.030487658371470685,0.059418313743435563,-6.148927857398543e-05,7.784898196179113e-05,0.023149838649846433,-0.02930903424573161,7.574654467123984e-05,-5.199786050684418e-05,-0.03924691433741167,0.026941896635658,447.686678490385,-120.18685207749948,283.93676528394224,163.74991320644278,800.3817245542602,-1494.2975218783788,1147.3396232163195,-346.9578986620593,-1306.2893499463926,1633.7315920412348,-1470.0104709938137,163.7211210474211
87,5,28,86.66666666666669,-66.66666666666666,-5.8665131138251417e-05,4.826814999362808e-06,0.009780782117067231,-0.0008047374123634625,0.00017966245235204425,-0.00033361434453052887,-0.02619940974876093,0.04864955807957485,-5.135953285105364e-05,5.776896155259507e-05,0.019336133488747746,-0.021749192215723176,3.8248594213419514e-05,-4.826050222550581e-05,-0.019817924462902425,0.02500544156760793,58.75960245775853,-203.04000539415932,130.89980392595893,-72.14020146820039,364.27889827127876,-1076.8155311409685,720.5472147061237,-356.26831643484485,-1126.8617667158137,1451.0119471790658,-1288.9368569474398,162.07509023162606
36,5,29,93.33333333333334,-66.66666666666666,-3.113239376833464e-05,-1.0815085807563934e-05,0.005190462448864795,0.0018031153397046996,0.00012202160140902702,-0.00028276961221643325,-0.017793890107048335,0.04123508745411086,-2.3996230577002382e-05,6.288599014377466e-05,0.009034239447023506,-0.023675680686553523,6.143586254768501e-05,-3.7037996054845366e-05,-0.0318320531335007,0.01919067153099901,547.7552346936446,-12.25482504741932,280.005029870532,267.75020482311265,288.33685745946053,-966.9667943366733,627.6518258980669,-339.31496843860634,-956.8936783442404,1234.1655298775938,-1095.529604110917,138.63592576667673
25,5,30,100.0,-66.66666666666666,-0.00012015082397377051,5.5257085805925024e-05,0.020031814600467195,-0.009212585162695505,0.00015400219587868993,-0.0003114869958705593,-0.02245748390503271,0.04542282112587745,-5.0315046817205706e-05,7.976294896271045e-05,0.018942899355637793,-0.030029615593894613,4.649959058445983e-05,-2.895672224848432e-05,-0.024093052116289197,0.015003483030295759,132.3267290243452,236.22746293350266,-51.950366954578726,184.27709597892394,46.205646382843106,-804.5224384993741,425.3640424411086,-379.15839605826545,-1285.548167613041,1498.6634000771226,-1392.1057838450818,106.5576162320408
954,6,0,-100.0,-60.0,0.0008393838348707684,-0.001267876029760567,-0.13994395379619753,0.2113831326706888,-4.227126178101283e-05,3.2481720340643874e-05,0.006164237955673723,-0.004736670848072772,0.0001777816927128844,-0.0001997878120884462,-0.0669322782222569,0.07521726911283218,-3.2180398694430125e-05,2.4772662229162938e-05,0.01667378170695084,-0.012835576284534397,1415.0375131208243,-1835.2201380085314,1625.1288255646778,-210.09131244385355,3095.323923786648,-4771.930378504018,3933.6271511453333,-838.3032273586853,3457.4432644435606,-4609.064875010932,4033.254069727246,-575.8108052836858
905,6,1,-93.33333333333333,-60.0,0.0010275173334209542,-0.0013313023172611762,-0.17130999223399718,0.22195770544503363,-4.3158504384783345e-05,2.303784335854097e-05,0.006293620763369083,-0.003359510515282788,0.00015466201129151738,-0.00016920649132760374,-0.05822804706273024,0.0637038368896703,-3.375934163732351e-05,2.7359082220110725e-05,0.01749188685870869,-0.014175690269480812,1258.9893875865248,-1566.724564688588,1412.8569761375566,-153.86758855103164,3808.580184253975,-5040.565007716971,4424.5725959854735,-615.9924117314981,3840.796524675006,-4612.617514406897,4226.7070195409515,-385.91049486594534
892,6,2,-86.66666666666667,-60.0,0.0007797600523081848,-0.0012646966857801977,-0.13000334316557063,0.21085306531817713,-2.990087432681553e-05,4.284086984901786e-05,0.004360317072815091,-0.00624730147269965,0.00015552675668946677,-0.0001792705954983605,-0.058553611403376046,0.06749282894017769,-2.321043380966729e-05,3.37941737280525e-05,0.012026131507594023,-0.0175099345741123,1313.1478280940378,-1548.4489292099486,1430.798378651993,-117.6505505579554,2905.8712423988704,-4721.073504595693,3813.4723734972813,-907.6011310984111,3088.9304490118616,-4586.481068953006,3837.7057589824335,-748.7753099705722
843,6,3,-80.0,-60.0,0.0008476925004558214,-0.0012585025638854408,-0.1413291931401524,0.20982036743642518,-3.4091142976950804e-05,1.9392997867629306e-05,0.0049713660921570126,-0.0028279982307894067,0.00013495258433116479,-0.00015522726710767354,-0.05080772819422864,0.05844085783630531,-2.099865705026724e-05,1.8624828716396504e-05,0.010880133186661891,-0.009650170319371928,1182.1357510470812,-1525.3177392109303,1353.7267451290058,-171.59099408192458,3149.292405264529,-4773.250797353964,3961.2716013092468,-811.9791960447176,3151.163837052329,-4274.883370019887,3713.0236035361077,-561.8597664837787
830,6,4,-73.33333333333333,-60.0,0.0008249813015505519,-0.001461586913815229,-0.13754273116862228,0.24367904531730278,-5.7557648486366844e-05,5.0723853273300787e-05,0.008393386582047933,-0.007396843350101999,0.00017444353846390957,-0.00023695023765317648,-0.06567551063538264,0.08920839367327559,-3.543138874567285e-05,3.7522930740051346e-05,0.018358232510702763,-0.019441933025924275,1337.3389984097496,-2063.1253571060424,1700.232177757896,-362.8931793481464,2988.9271632652303,-5456.895622182675,4222.911392723952,-1233.9842294587222,3462.5464346786025,-5447.017802989554,4454.782118834079,-992.2356841554758
781,6,5,-66.66666666666666,-60.0,0.0010146834542622656,-0.0017652718863489208,-0.16917029914318849,0.29431008441921447,-5.2144847485769503e-05,2.5888227109294722e-05,0.007604060880174092,-0.003775169830011929,0.00023168726210376199,-0.0002881599553830992,-0.08722695824887985,0.10848812390015525,-3.217794336754493e-05,3.657532706686587e-05,0.016672509516854884,-0.018950946666761042,1932.5565662017254,-2625.3266380318532,2278.9416021167895,-346.3850359150639,3742.023117863768,-6708.7040832755765,5225.363600569673,-1483.3404827059042,4218.1057300461425,-6440.835121224705,5329.470425635423,-1111.3646955892814
768,6,6,-60.0,-60.0,0.0010233909508081326,-0.0021640356210230736,-0.17062203247860944,0.36079286779260467,-6.768181987817424e-05,3.4172593563445015e-05,0.00986975134935557,-0.0049832436840628455,0.00025113064150881326,-0.0003573847157861822,-0.09454711399754584,0.13455026141535525,-7.214746246986851e-05,6.570206163910257e-05,0.03738210490665019,-0.0340425189839751,1632.6423397610233,-3010.9165471420297,2321.7794434515263,-689.1371036905032,3720.608825254969,-8213.302980844492,5966.95590304973,-2246.3470777947614,4683.621807650584,-8082.465319074108,6383.043563362346,-1699.4217557117622
719,6,7,-53.33333333333333,-60.0,0.001038862633695997,-0.0021399823940184337,-0.17320150611779625,0.3567826598892025,-6.415252956290442e-05,4.517599900973583e-05,0.009355089983657945,-0.006587823406453796,0.0002904342007318068,-0.0003835948249273029,-0.1093443449210182,0.14441799464760877,-5.389344911515369e-05,6.1003953772928256e-05,0.02792406689903034,-0.03160826620357503,2189.382982841884,-3278.5161430693224,2733.949562955603,-544.5665801137193,3800.4927924468834,-8089.906167635932,5945.199480041408,-2144.7066875945247,4781.436475752408,-8146.073818736663,6463.755147244536,-1682.3186714921276
706,6,8,-46.666666666666664,-60.0,0.001106041155550752,-0.0027242320431584504,-0.184401659811471,0.45419007054928895,-4.1433139796303976e-05,1.5836906214124156e-06,0.006042018198515977,-0.00023094285401577171,0.0002661828237858459,-0.00039457676210133055,-0.10021404649573923,0.14855253776695262,-8.427343743167832e-05,7.7428291083313e-05,0.04366499348789587,-0.04011828553537663,1659.938035771836,-3392.890596408384,2526.4143160901103,-866.4762803182741,4123.434204725601,-10467.98093287491,7295.707568800256,-3172.2733640746546,5009.733781440242,-9750.160983072848,7379.947382256545,-2370.2136008163034
657,6,9,-40.0,-60.0,0.0011561779715479506,-0.0028260172588447517,-0.19276058211842803,0.47115992978339344,-7.861369441833755e-06,9.88077519786057e-07,0.0011463900024553297,-0.00014408713376398366,0.0003919106249644417,-0.0005387101731885205,-0.14754877506280778,0.20281671663035683,-9.125393176831885e-05,7.99660773013474e-05,0.047281829931749376,-0.04143320067425394,2692.4056415296664,-4638.2536339832395,3665.329637756453,-972.9239962267866,4443.732646846123,-10881.159044309665,7662.445845577894,-3218.7131987317707,5772.801242157304,-10785.763570118264,8279.282406137783,-2506.4811639804802
644,6,10,-33.33333333333333,-60.0,0.0012178995630170901,-0.0035648217097158023,-0.20305094415061428,0.5943350633062371,7.26090343235942e-05,-0.00014055852631073446,-0.01058826603333986,0.020497050865592423,0.00033186789865307466,-0.0004167781064860803,-0.12494354276149564,0.15691102809625815,-0.0001272615903092578,8.885551966463388e-05,0.06593864782860023,-0.04603912935989246,1812.3387553625048,-3787.990919067906,2800.1648372152054,-987.8260818527006,4929.100565520177,-14153.405292244322,9541.25292888225,-4612.152363362073,5710.122878731766,-11815.356260907836,8762.739569819802,-3052.616691088035
595,6,11,-26.666666666666657,-60.0,0.001298182038713272,-0.003698753517713358,-0.21643581839137274,0.6166644744428439,0.00016026399410990145,-0.00022176178059056176,-0.02337061525482701,0.03233857536867156,0.0004694129140354041,-0.0006146216861293745,-0.1767272843671209,0.23139632135172347,-0.00013138234559625952,8.247464360439245e-05,0.06807375419492137,-0.04273297596080518,3012.7004249090705,-5644.237973635943,4328.469199272507,-1315.768774363436,5544.747252378659,-14964.175152773716,10254.461202576187,-4709.713950197529,6467.045638918876,-12961.369615478874,9714.207627198875,-3247.161988279999
582,6,12,-20.0,-60.0,0.0016615923726222104,-0.004847081197792433,-0.2770244035711709,0.8081162383770665,0.00038737384751151354,-0.0006982450723978675,-0.0564890772893466,0.10182210315686378,0.00042182023337754916,-0.00040622907534863844,-0.1588093171426829,0.15293946794126062,-0.00013741833210665868,0.0001173607210242295,0.0712012083453858,-0.06080866374309574,2749.0124520698228,-4025.224960767675,3387.118706418749,-638.1062543489261,7673.37096790312,-20886.48728405247,14279.929125977795,-6606.558158074675,6688.380066167917,-14033.874191366996,10361.127128767457,-3672.7470625995397
533,6,13,-13.333333333333329,-60.0,0.001930620932679251,-0.005248592682400278,-0.3218774479287341,0.8750571327764133,0.000444835802934531,-0.0007705878224576833,-0.06486850935978689,0.11237153809085569,0.0004285347311928167,-0.0005030994084218283,-0.16133723005112857,0.1894097702867818,-0.0001210733277805002,0.00010017861798522917,0.06273229418675841,-0.051906019681441685,3109.1919872346803,-5221.271639685627,4165.231813460154,-1056.0398262254732,8895.488127574972,-22678.477422035874,15786.982774805423,-6891.494647230451,7166.831066899746,-15287.38151758137,11227.106292240558,-4060.2752253408125
520,6,14,-6.666666666666657,-60.0,0.0024756220166340273,-0.005474036315070638,-0.41274124985504507,0.9126436003772876,0.0006154621090197122,-0.001337174870008139,-0.08975021640831198,0.1949945125787478,0.00031427393481540277,-0.0002568407415238824,-0.11831966566455968,0.09669688542256401,-4.6141631375353886e-05,1.1307070068687403e-05,0.023907581023488274,-0.005858585527814575,3245.9720187581675,-4447.180860231633,3846.5764394949,-600.6044207367329,11536.768759173769,-25379.82630572986,18458.297532451816,-6921.528773278046,7024.01832631245,-12605.262379262758,9814.640352787605,-2790.622026475154
471,6,15,0.0,-60.0,0.0029273849218068994,-0.006400862596238345,-0.48806017369169713,1.0671661547564824,0.0006411221379774606,-0.0013479182478697857,-0.093492109074409,0.1965611735866445,0.00028255509284221155,-0.000267664939703695,-0.10637797288708072,0.10077204205454696,5.179550192020382e-05,-8.099452375603673e-05,-0.026837047627036096,0.04196607448497355,4267.900508865633,-5919.598829450899,5093.7496691582655,-825.8491602926329,13361.44756700647,-28979.139086155676,21170.29332658107,-7808.845759574603,7227.125841328347,-14345.076767637103,10786.101304482725,-3558.9754631543783
458,6,16,6.666666666666671,-60.0,0.002739081602733564,-0.004449178509689133,-0.4566658223957532,0.741777010617356,0.0005847814249576803,-0.0015703753844030872,-0.08527618300516998,0.22900114974900765,-1.624317791099216e-05,3.2767500934285744e-05,0.006115325411531265,-0.012336497958334086,0.00010848593436986994,-0.00012108880701521671,-0.05621032868902558,0.06274031451562707,2266.59967015293,-3252.1142785480934,2759.3569743505113,-492.7573041975818,12419.326854118333,-22201.573476955615,17310.450165536975,-4891.123311418641,4873.039951722062,-6875.357808861363,5874.198880291713,-1001.1589285696505
409,6,17,13.333333333333343,-60.0,0.003103647012039066,-0.005107647962369902,-0.5174469843338979,0.8515585132315353,0.0005409473812393299,-0.00148904240072544,-0.07888405121977139,0.2171407073607196,-0.00013346093866654481,0.00012251520984156412,0.050246144821329795,-0.0461252336303099,0.00014748950347451216,-0.0001612727325814463,-0.07641943185204321,0.08356100133749798,1810.5095843255326,-3126.694360693933,2468.601972509733,-658.0923881842002,13659.02005624575,-24447.239297130556,19053.129676688153,-5394.109620442403,5013.190169012382,-8001.609577797514,6507.399873404948,-1494.209704392566
396,6,18,20.0,-60.0,0.001829748976972202,-0.0023061793066216163,-0.30505984944475484,0.3844913815635856,0.00047568696443918613,-0.001434731763943554,-0.06936740276185317,0.20922081865756087,-0.0003047161966111377,0.0002653439950792991,0.11472131319698302,-0.09989823942072121,0.00022205428864023063,-0.0002299956393150495,-0.11505403556483268,0.11916872503364884,754.7992472287928,-1751.4704921279804,1253.1348696783866,-498.3356224495938,8555.603211557152,-13537.208226098548,11046.40571882785,-2490.802507270698,381.7212266464638,440.1492893816288,-29.21403136758252,410.9352580140463
347,6,19,26.66666666666667,-60.0,0.0018499485674304504,-0.0021535598892536345,-0.3084275704281193,0.3590463303185426,0.0004422788233076381,-0.0012592639712928168,-0.06449563591802325,0.18363309825642063,-0.00036047503801058477,0.000319129651420402,0.13571372377058316,-0.12014777388996127,0.00021217617306770967,-0.00025822038439245876,-0.10993584096767395,0.13379294528100433,152.46064427056072,-1490.7258533641834,821.5932488173721,-669.1326045468113,8512.938877946077,-12373.096639348232,10443.017758647155,-1930.0788807010777,295.6315237285957,930.3138149853845,-317.34114562839443,612.9726693569901
334,6,20,33.33333333333334,-60.0,0.0006527091325877823,-0.0008185148089077393,-0.10882112914085833,0.13646462302544063,0.0005510644996473914,-0.0013480853808330194,-0.08035938748051746,0.19658554587439278,-0.0003219257119437743,0.0002680401632263091,0.12120045090085498,-0.10091330837296199,0.00019992127056867243,-0.00023062777160959015,-0.10358615055366799,0.11949625471993917,-4.132715673713185,-1210.494574153356,603.1809292398215,-607.3136449135346,4292.4172482892545,-7558.966361392501,5925.691804840878,-1633.2745565516234,-2777.710685355733,4133.855516683077,-3455.783101019405,678.0724156636722
285,6,21,40.0,-60.0,0.0005611608578781071,-0.0007196848279804836,-0.09355799564476845,0.11998746715229672,0.0005675500528506006,-0.0013252555549918817,-0.08276340544671754,0.19325636966715276,-0.00037588895212691784,0.0003453937859033028,0.14151684316035376,-0.13003584689484207,0.00019668542424163959,-0.00025954374458205394,-0.10190954623914397,0.13447862413571654,-529.3485771896462,-837.5977942637288,154.1246085370413,-683.4731857266875,3987.4073518004534,-7098.69830157,5543.052826685227,-1555.6454748847732,-3311.0654056333988,4963.598826702372,-4137.332116167885,826.2667105344867
272,6,22,46.666666666666686,-60.0,0.0001899032792023336,-0.000251472226483091,-0.03166110023375586,0.041926013084818074,0.0005168753884510434,-0.0010523338647199939,-0.07537373510044253,0.15345736270076338,-0.0002084649219834772,0.00016821619473941546,0.07848407754961123,-0.06333100431196378,0.0001386512112129359,-0.00016439529836122135,-0.07184000580977784,0.08517891106795061,95.8318501537893,-989.6715245302006,542.751687341995,-446.91983718820563,2416.1199102104024,-4421.470890955991,3418.795400583197,-1002.6754903727945,-2843.5022222551306,3902.318860126082,-3372.9105411906066,529.4083189354758
223,6,23,53.33333333333334,-60.0,8.73596554802742e-05,-0.00017049421961671136,-0.014564797512529485,0.02842517832885505,0.0005743189151100754,-0.0011462271203755436,-0.08375047978276973,0.16714941602276026,-0.0002668816132738533,0.0002734503399564736,0.10047713079714497,-0.10295016294785776,0.0001671459202439751,-0.00019890641228948163,-0.08660410375331459,0.10306031724838802,-85.8505337215069,-497.24716451437564,205.69831539643437,-291.54884911794124,2208.2139413691757,-4409.673025787115,3308.9434835781453,-1100.7295422089696,-3765.5961269469094,5142.570255016787,-4454.083190981848,688.4870640349388
210,6,24,60.0,-60.0,0.0001023654578845952,-0.00013879602236850885,-0.017066598513579834,0.023140383856004414,0.00031322630716560713,-0.0005162644180460977,-0.04567645747951196,0.07528463989009677,-7.395809067839546e-05,7.079126088059383e-05,0.02784416902851614,-0.026651902660283777,7.627604125185373e-05,-8.081028273672904e-05,-0.039521264897315105,0.041870612816938525,415.03291028381074,-593.4772830166094,504.25509665021,-89.22218636639931,1422.2467448468574,-2229.992235700829,1826.1194902738432,-403.87274542698583,-1423.629926565291,1814.2238440796527,-1618.926885322472,195.29695875718085
161,6,25,66.66666666666669,-60.0,2.3205780205254548e-05,-4.172694691785188e-05,-0.0038689196740950395,0.006956810089662128,0.0003925112181210223,-0.0007045954197024417,-0.057238238151105424,0.1027481472406519,-0.0001541847151552733,0.0001778545196706805,0.05804835185734658,-0.06695969653584649,0.00011143792355822341,-0.00010681242321567548,-0.05773985676589194,0.055343224464054756,139.8616928525395,-21.629505531801158,80.74559919217033,59.116093660369174,1373.3574792672039,-2465.188820479839,1919.2731498735213,-545.9156706063175,-2499.9361888729686,3258.2480014876414,-2879.092095180305,379.1559063073364
148,6,26,73.33333333333334,-60.0,7.388402606589426e-05,-0.00010947687995045811,-0.012318110381092161,0.0182522307352959,0.00014356682864273096,-0.00027376504511550663,-0.020935738774013554,0.03992198980906079,-3.088164258374395e-05,3.6376801680561825e-05,0.011626499117170607,-0.01369534834417048,4.3325371437215264e-05,-5.918696612592222e-05,-0.022448378983002622,0.030666821826888405,322.06708518003273,-525.943801783741,424.0054434818869,-101.93835830185415,756.9386272660341,-1322.7244662593776,1039.8315467627058,-282.8929194966717,-630.49002463616,987.4289843520808,-808.9595044941204,178.46947985796038
99,6,27,80.0,-60.0,2.1686866766380677e-05,-3.0080795853823093e-05,-0.003615683022065739,0.005015137688192892,0.0002522364265209487,-0.0005027704675294987,-0.03678256310916025,0.07331687459420098,-9.539067871354449e-05,8.933004108816088e-05,0.035913233528359574,-0.03363148967973069,7.285180577561807e-05,-6.829471907536978e-05,-0.03774704962465498,0.03538586480587458,138.26552591566474,-247.25307258875355,192.75929925220913,-54.49377333654441,909.2485755107914,-1764.6727864629263,1336.9606809868587,-427.71210547606745,-1579.072620499755,2067.3916698449434,-1823.2321451723492,244.15952467259422
86,6,28,86.66666666666669,-60.0,-1.006656851470234e-05,-2.4586311553766562e-05,0.001678320859401174,0.004099084953940001,0.0001450754846177024,-0.00031055568349415305,-0.021155739645318278,0.045287011811053296,-3.9045236271778356e-05,4.627659098018165e-05,0.014699976007186623,-0.017422478183202854,5.35341631145009e-05,-3.6868685253060594e-05,-0.0277379083494694,0.019102945726965494,343.27081641965293,-169.69044514260835,256.4806307811306,86.79018563852229,441.0704987405451,-1113.480559356911,777.275529048728,-336.205030308183,-973.25700278939,1174.2481645889595,-1073.7525836891748,100.49558089978478
37,6,29,93.33333333333334,-60.0,-1.4633685280347749e-05,-6.588846431069482e-06,0.002439760800321316,0.0010985072409236836,0.00014353053990377615,-0.0003257563423196444,-0.020930446941865567,0.047503659106058534,-4.111090558845307e-05,7.34225845514203e-05,0.015477671119146994,-0.027642558589705043,5.9020247905321394e-05,-2.867838578267809e-05,-0.03058043932916781,0.014859267244903999,386.9536044486761,158.4773612862411,114.23812158121751,272.7154828674586,419.1154436426315,-1089.0137709102041,754.0646072764177,-334.9491636337863,-1034.3204941396061,1335.2159146775432,-1184.7682044085745,150.44771026896854
24,6,30,100.0,-60.0,-0.00010153699777916037,3.900803026589946e-05,0.016928475788432505,-0.006503506213045154,0.0001514419627786503,-0.000324479046963123,-0.022084136023145604,0.04731739656773961,-3.334240371427015e-05,7.978155130972869e-05,0.01255294067655485,-0.030036619112913988,4.841277824386456e-05,-3.9238273954170987e-05,-0.025084341058985483,0.020330711893343362,305.68400767767304,106.2661873357842,99.70891017094442,205.97509750672862,111.95234076700434,-911.1066528344069,511.5294968007056,-399.57715603370127,-1157.1950455648625,1564.950625949456,-1361.0728357571593,203.87779019229674
953,7,0,-100.0,-53.33333333333333,0.0009092418207936421,-0.001308780234658724,-0.15159083374330923,0.21820277336727092,-3.432079722836543e-05,5.7997982187763704e-05,0.005004855592910164,-0.008457598569127344,0.0001892920795470281,-0.0001893608625163419,-0.07126577512102321,0.07129167093047811,-3.532330861126035e-05,2.6243174276659604e-05,0.018302232441059003,-0.01359749962520589,1504.0162146373893,-1730.9114355557122,1617.4638250965509,-113.44761045916141,3390.031393332586,-4842.790448855362,4116.410921093974,-726.3795277613881,3705.1919308309666,-4731.124996166598,4218.158463498782,-512.9665326678157
906,7,1,-93.33333333333333,-53.33333333333333,0.0009291159439934166,-0.0010957811876883194,-0.15490429209605125,0.1826910949794573,-3.7395124588855377e-05,3.164357560437439e-05,0.005453171649853857,-0.0046144477731519,0.00015314010018266215,-0.00015872525853619248,-0.05765506918062653,0.05975780184746856,-2.594260261458233e-05,2.0100419172917555e-05,0.01344176301273069,-0.010414724960056052,1306.7158987914008,-1479.7073223186908,1393.2116105550458,-86.49571176364498,3452.0077985629846,-4110.560946643286,3781.284372603135,-329.27657404015076,3503.565522817559,-3908.858899072329,3706.212210944944,-202.646688127385
891,7,2,-86.66666666666667,-53.33333333333333,0.0008116765303042193,-0.0012999429883449728,-0.1353245298938117,0.21672940785981198,-3.310825281295244e-05,3.330992264498511e-05,0.004828035408380297,-0.004857444060517776,0.00015803465079879578,-0.00019341197779557148,-0.059497797858775923,0.07281685820281293,-3.205551253375478e-05,2.0547807182390445e-05,0.01660907385167867,-0.010646532218850188,1241.2610374113908,-1839.485733321825,1540.3733853666079,-299.11234795521705,3016.384810101111,-4891.655971962712,3954.0203910319115,-937.6355809308006,3260.145013032142,-4628.894876645416,3944.519944838779,-684.374931806637
844,7,3,-80.0,-53.33333333333333,0.0007815773880054228,-0.0010986016169202814,-0.1303063334452031,0.18316132326087742,-3.650556132591783e-05,2.403270084334981e-05,0.005323450430322256,-0.0035045863424514796,0.00014521983738419533,-0.0001580024043862904,-0.05467320290895978,0.05948565754319818,-2.6313799238204197e-05,1.2036881671949771e-05,0.013634092869529496,-0.006236726254893347,1186.1790799136936,-1571.1773300147388,1378.678204964216,-192.4991250505226,2889.026717211991,-4147.595803218295,3518.311260215143,-629.2845430031521,3078.779695965112,-3833.266215023051,3456.0229554940815,-377.2432595289695
829,7,4,-73.33333333333333,-53.33333333333333,0.0007999391768765511,-0.0014678127832284886,-0.1333676520299151,0.24471703621647764,-5.034870279265957e-05,2.837647427199678e-05,0.007342136754310327,-0.004138020309443678,0.00015917435224841275,-0.00022250642362603142,-0.05992687924140888,0.08377050316664894,-4.360956408640144e-05,2.9772988808989548e-05,0.02259562906030109,-0.015426419072008117,1105.862689911992,-2040.2110187672024,1573.036854339597,-467.1741644276052,2913.0681531903874,-5553.222266486484,4233.145209838436,-1320.0770566480483,3363.541767108407,-5277.136715987964,4320.339241548185,-956.7974744397784
782,7,5,-66.66666666666666,-53.33333333333333,0.0009860262189040712,-0.0015772752686156212,-0.16439250065066527,0.2629668670579213,-3.9153911219668726e-05,3.994985181126011e-05,0.0057096480087039,-0.005825716633070179,0.00023005769884934182,-0.0002870435918496208,-0.08661345086540723,0.10806782891094828,-3.721548111259825e-05,3.585977466011501e-05,0.019282632700819115,-0.018580194124403256,1856.2385963285544,-2556.3288610571362,2206.283728692845,-350.0451323642909,3673.943198799982,-5942.994145688789,4808.468672244386,-1134.5254734444036,4143.578204632529,-5972.3142725666785,5057.946238599604,-914.3680339670746
767,7,6,-60.0,-53.33333333333333,0.0010684122436700927,-0.0022305313504546232,-0.17812808330586802,0.3718791848035177,-6.216499874309454e-05,4.6314669108293475e-05,0.009065256834578718,-0.006753870814191044,0.00024206407794039346,-0.00034973495479120013,-0.09113368179302013,0.1316702352246,-6.48094664384474e-05,5.683657777604968e-05,0.03358003442405035,-0.029449004029027556,1656.802129145041,-3064.503794651987,2360.652961898514,-703.850832753473,3910.8639537636695,-8428.194247460253,6169.529100611961,-2258.6651468482914,4684.735655096532,-8175.868846900983,6430.302250998758,-1745.5665959022253
720,7,7,-53.33333333333333,-53.33333333333333,0.0009917288282784453,-0.0019324366346377096,-0.16534325246366394,0.3221801658277765,-5.114623599348402e-05,3.1426912493988864e-05,0.007458437622093749,-0.0045828527151299345,0.0003185590973932491,-0.0004201851140346042,-0.11993296841531714,0.1581937179709204,-6.827300239533483e-05,4.583732334627593e-05,0.035374612640053364,-0.023749908469561945,2254.877808948453,-3707.270768251951,2981.0742886002017,-726.1964796517489,3664.7594404187425,-7348.953130917479,5506.856285668111,-1842.0968452493682,4885.519525999677,-7649.0122264714,6267.265876235539,-1381.7463502358614
705,7,8,-46.666666666666664,-53.33333333333333,0.0011086157070959914,-0.002705527632771636,-0.18483089481401113,0.45107162933775374,-3.798366195517456e-05,1.5698644981126692e-05,0.0055389955457808655,-0.002289266493785493,0.0002812464816128036,-0.0003946507495079962,-0.10588529937523067,0.14858039297303333,-8.438658072463842e-05,6.83301764356784e-05,0.04372361695575081,-0.035404236495153646,1790.656840713772,-3486.8888449009364,2638.772842807354,-848.1160020935822,4146.912673129271,-10351.555356798306,7249.2340149637885,-3102.3213418345176,5088.008897519243,-9664.77013159162,7376.389514555432,-2288.3806170361886
658,7,9,-40.0,-53.33333333333333,0.0011164207175075529,-0.002510481365960479,-0.18613216363887783,0.41855307868572245,-1.526704787895107e-05,-5.16057720119269e-06,0.0022263285277372502,0.000752544980123237,0.0003775645699632107,-0.000531616056210985,-0.14214768943873887,0.2001458825076979,-8.89391075320984e-05,6.876775838808437e-05,0.04608243913578079,-0.03563096289536389,2579.513381332004,-4606.137323236121,3592.8253522840623,-1013.3119709520586,4265.4364828294365,-9694.59363721654,6980.015060022988,-2714.5785771935516,5593.714223651081,-9827.231917845987,7710.473070748534,-2116.7588470974533
643,7,10,-33.33333333333333,-53.33333333333333,0.0012141462247853869,-0.00341242825608343,-0.20242517919034453,0.5689276852415223,6.37217060137846e-05,-0.00012431425340634201,-0.009292264821555133,0.01812821777709078,0.00034708166464380647,-0.0004281550299786078,-0.13067130922924158,0.1611942779455268,-0.00010948011300150056,8.912700866601933e-05,0.056725447151010105,-0.04617979723625791,2144.5536506169333,-3825.8766468833733,2985.2151487501533,-840.66149813322,4890.8407542882105,-13518.52881318364,9204.684783735926,-4313.844029447715,5664.293895842063,-11517.34991800714,8590.8219069246,-2926.5280110825383
596,7,11,-26.666666666666657,-53.33333333333333,0.0012329922626625803,-0.003282596161016941,-0.20556723285442705,0.547281787431201,0.00012122991535924442,-0.00018013338690227703,-0.017678441904382208,0.0262680841272127,0.0004667506802265262,-0.000587417013699175,-0.17572499121044427,0.22115414918957532,-0.0001308617400440586,8.969432643096234e-05,0.06780401038549097,-0.046473744264725655,2957.7690805455163,-5171.9333671772565,4064.8512238613866,-1107.08214331587,5166.699173243018,-13229.400739635625,9198.049956439321,-4031.3507831963034,6369.242318308521,-11886.576473416346,9127.909395862433,-2758.6670775539123
581,7,12,-20.0,-53.33333333333333,0.001588753034197327,-0.0045299797636813265,-0.2648804658544685,0.7552483767380764,0.00034523340720322147,-0.0006178922486969661,-0.050343916471510396,0.09010459332078082,0.00041961542741367626,-0.0004268355527279777,-0.15797923906238046,0.16069751353126427,-0.0001296009830648163,0.00010030088106376505,0.06715076842733464,-0.05196936842679704,2778.813097809381,-4262.201161431877,3520.507129620629,-741.6940318112481,7257.130821211135,-19414.958255620673,13336.044538415905,-6078.913717204769,6524.41001053379,-13370.177142159062,9947.293576346427,-3422.883565812636
534,7,13,-13.333333333333329,-53.33333333333333,0.0018824059675062517,-0.004995454815073631,-0.3138389408975684,0.8328534203178785,0.0004095183508480787,-0.0007172836237048867,-0.05971831583642287,0.10459841395628455,0.0004575828176770556,-0.0005561441709078844,-0.17227342138061047,0.20938036875939345,-0.00011541517185145813,9.68755933045785e-05,0.05980060717689343,-0.050194607929810016,3394.062285823125,-5610.552162791684,4502.307224307405,-1108.2449384842796,8600.33666321225,-21543.28403886958,15071.810351040916,-6471.473687828665,7230.957883225138,-15002.528768977905,11116.743326101521,-3885.7854428763835
519,7,14,-6.666666666666657,-53.33333333333333,0.0024554098198940923,-0.005278521695090206,-0.4093714271241503,0.8800469648354141,0.0005693258348970886,-0.00121958158682648,-0.08302236017460507,0.17784638524637975,0.00033273628950151026,-0.00026917025287721553,-0.1252704795623901,0.10133877105011582,-4.7693138709130816e-05,2.1648952663571094e-05,0.024711470833735014,-0.011217073918943523,3360.641080441545,-4319.07963224949,3839.860356345517,-479.2192759039724,11310.409758688424,-24245.407666575684,17777.908712632052,-6467.49895394363,7185.824264144838,-12510.196839444368,9848.010551794603,-2662.1862876497653
472,7,15,0.0,-53.33333333333333,0.0029077991093470826,-0.006285973603331011,-0.4847947831515522,1.048011604421842,0.0006562955404335062,-0.0012896718186416543,-0.095704781689218,0.18806734504444128,0.00029204533746479623,-0.0003055594561224553,-0.1099509149813039,0.11503878840696555,1.758352610913015e-05,-5.267847406952271e-05,-0.009110635289700492,0.02729454614999904,3952.8757264175147,-5854.950304880374,4903.913015648945,-951.0372892314294,13332.08889627323,-28349.178687859472,20840.63379206635,-7508.544895793121,7452.292432496635,-14594.263266455611,11023.277849476122,-3570.985416979488
457,7,16,6.666666666666671,-53.33333333333333,0.002863118053625292,-0.00461580670725328,-0.47734545742268797,0.7695576370868316,0.0006261664907067042,-0.0015458078171245704,-0.09131119077025102,0.2254185661137866,6.488097757480537e-05,-1.1660588771564748e-05,-0.02442676507407424,0.004390045791464857,0.00013235993170831269,-0.00013056150389248783,-0.06858027549650308,0.06764844761265645,3300.416028652912,-3788.7439027297974,3544.5799656913546,-244.16393703844278,13046.416330388549,-22766.937290576207,17906.67681048238,-4860.260480093829,5341.824098560863,-7525.3787728793795,6433.601435720121,-1091.7773371592584
410,7,17,13.333333333333343,-53.33333333333333,0.003190432739500663,-0.005217307843141519,-0.5319160952811262,0.8698412542737933,0.0005642493702149656,-0.001434850163064254,-0.08228208096467064,0.20923808429674423,-0.0001200715975665422,0.00010803080354742239,0.04520524837106708,-0.04067206071261587,0.00012570970171354366,-0.00014759242894751208,-0.06513456047330832,0.0764727611126649,1711.6199529601056,-3105.613152790351,2408.616552875228,-696.9965999151226,14066.123455723799,-24688.794030648776,19377.45874318629,-5311.335287462489,5421.97653220172,-8592.132300218387,7007.054416210054,-1585.0778840083335
395,7,18,20.0,-53.33333333333333,0.0020040005750124727,-0.0024834266075721167,-0.3341114663237189,0.41404244874435453,0.00048471068835403204,-0.0014486953066683227,-0.0706832939634354,0.21125706258388607,-0.0002886353643247186,0.00027059807385405236,0.10866710860360954,-0.10187632533602059,0.00022407183531752468,-0.0002417073350541531,-0.11609939653752342,0.12523696116789657,977.6966628696456,-1906.1754979122181,1441.936080390932,-464.23941752128627,9254.9117001054,-14262.55618799688,11758.73394405114,-2503.8222439457404,883.2753444195326,127.66189274273496,377.80672583839885,505.4686185811338
348,7,19,26.66666666666667,-53.33333333333333,0.0020266092457703797,-0.002370347223219145,-0.3378808345727812,0.39518960040277185,0.00044130218982276983,-0.0012666351583642585,-0.06435321761909964,0.18470800705283988,-0.0003653630010280895,0.00033809559402874,0.13755397231156255,-0.12728818147657794,0.00022647268749761816,-0.00025960395346743013,-0.1173433613976749,0.13450982044938295,333.7301199193,-1417.7308337009638,875.7304768101319,-542.0003568908319,9187.443555595852,-13224.275604639797,11205.859580117823,-2018.4160245219728,623.1298336934309,492.31007999328943,65.40987685007073,557.7199568433601
333,7,20,33.33333333333334,-53.33333333333333,0.000753153622750223,-0.0009185799625869961,-0.1255674596113985,0.15314770966750743,0.000590239842837026,-0.0014432814363443782,-0.08607216082206363,0.2104675809471457,-0.0003586048164155072,0.00031648478917943937,0.13500961194540684,-0.11915202088148052,0.00021831839440473666,-0.0002536146486688195,-0.11311833906975899,0.13140655371435297,-56.93557990190144,-1133.3887404377517,538.2265802679251,-595.1621601698266,4802.970874426521,-8251.085968444539,6527.02842143553,-1724.0575470090089,-2938.4421388622777,4521.03359979139,-3729.737869326834,791.2957304645561
286,7,21,40.0,-53.33333333333333,0.0006436236462893433,-0.0007595420491723111,-0.10730637650690929,0.12663255237933432,0.000540239420932087,-0.0013197652621763153,-0.07878081238532104,0.19245574366415327,-0.00039993049881833126,0.0003771378295438463,0.15056814347979572,-0.14198702774156566,0.00021475849068019662,-0.00026021183750266275,-0.11127382936792564,0.13482478627074684,-511.3551208659684,-582.730663501055,35.68777131754331,-547.0428921835116,4212.590121643651,-7228.433367021349,5720.5117443325,-1507.9216226888489,-3297.1371012869245,5018.00251359941,-4157.5698074431675,860.4327061562428
271,7,22,46.666666666666686,-53.33333333333333,0.00021859888534436073,-0.000255283165045639,-0.03644529598933888,0.04256138130131402,0.0005971491959824217,-0.0012243521112749187,-0.08707972234527166,0.17854205049587896,-0.00027222603123478714,0.0002522657949366009,0.10248922813089549,-0.09497448311465925,0.0001732577473792412,-0.00019975536062338237,-0.08977085356433182,0.10350018685144519,-8.183806065259805,-750.6700772209683,371.2431355778543,-379.42694164311405,2785.6729384333057,-4994.230899879075,3889.9519191561903,-1104.2789807228846,-3550.994136764698,4997.470390919826,-4274.232263842262,723.2381270775641
224,7,23,53.33333333333334,-53.33333333333333,9.259477270988055e-05,-0.0001872984593345209,-0.015437607987621019,0.03122681882865265,0.000588095235243709,-0.001163255275544476,-0.08575942183652693,0.16963255932118396,-0.00031084508972907646,0.00031974739703488674,0.11702875426757094,-0.12038034632589845,0.0001591106876293429,-0.00019858712829144833,-0.08244077079236721,0.10289488512505478,-550.0215415960943,-107.65531173362679,-221.18311493123375,-328.83842666486055,2265.423476882596,-4522.771606098325,3394.0975414904606,-1128.6740646078645,-3951.769334353732,5377.271217862305,-4664.520276108018,712.7509417542865
209,7,24,60.0,-53.33333333333333,8.468363551012968e-05,-0.00010762331499184577,-0.014118645466824122,0.017943200232026515,0.0004113562674062186,-0.0007007814163594107,-0.05998633137534241,0.10219196738749366,-0.00012383536695113046,0.0001265529272111255,0.046622254001790375,-0.04764537678025042,0.00010650058145068731,-0.00012772723314036032,-0.055181648420019505,0.06617991354419729,372.1512411086725,-725.9581386609685,549.0546898848205,-176.90344877614802,1674.379606852068,-2716.205632137412,2195.29261949474,-520.913012642672,-2187.0138184526522,2969.915048337859,-2578.4644333952556,391.45061494260335
162,7,25,66.66666666666669,-53.33333333333333,-5.296492821693834e-06,-5.6943612012832916e-05,0.0008830431513315131,0.00949376659098919,0.00042230434105743807,-0.0007838380127553757,-0.06158284229786878,0.11430375687287517,-0.000196475949625458,0.00021061150623491196,0.0739704000093606,-0.0792922359834303,0.00012643595995553522,-0.00013089266801253485,-0.06551086008055765,0.06782003523962374,-47.00283984733374,-57.645476681532436,5.321318417099349,-52.32415826443309,1358.1808832949678,-2782.7696938916565,2070.475288593312,-712.2944052983444,-2978.194589041912,3756.1273157292876,-3367.1609523855996,388.9663633436878
147,7,26,73.33333333333334,-53.33333333333333,0.00011931715356627426,-0.00011023771651683978,-0.01989282320208522,0.01837907911248506,0.0001523047929580328,-0.00028634620302592744,-0.022209958871032283,0.041756646449298,-3.446344420834144e-05,4.225336163892064e-05,0.012974996474891604,-0.015907789569813847,5.8652863901088057e-05,-5.066164416467239e-05,-0.03039008492282938,0.02624955656199418,487.62916898323726,-382.0804596928742,434.8548143380557,52.774354645181546,961.5285908276818,-1364.646430437881,1163.0875106327815,-201.5589198050996,-668.1623911849177,979.9104766735366,-824.0364339292271,155.8740427443094
100,7,27,80.0,-53.33333333333333,4.1060712657980344e-06,-8.938449808040509e-06,-0.0006845734020994138,0.0014902383807982645,0.00029958058098909004,-0.0005441219064721424,-0.04368655938596133,0.07934697870541689,-0.00011535834657317157,0.00012634111598830737,0.0434307764217585,-0.04756563286804032,8.571408904412709e-05,-7.473069511100834e-05,-0.044411445100563274,0.038720567415012175,129.9326737909722,-13.899406489344278,71.91604014015823,58.01663365081396,996.6009176176367,-1815.0178783747197,1405.8093979961782,-409.2084803785415,-1936.4106042297476,2460.063216450136,-2198.236910339942,261.8263061101943
85,7,28,86.66666666666669,-53.33333333333333,2.938126864687642e-05,-4.8650511101313395e-05,-0.004898510944787475,0.008111122224282305,0.00013588672088318615,-0.0002696616646748191,-0.019815781390193153,0.03932361132700619,-1.9655882208507748e-05,4.368938780978027e-05,0.007400160031148153,-0.016448432994542884,4.812948537285449e-05,-4.102236632109728e-05,-0.02493755718799588,0.02125511208346018,456.57286487735286,-230.5909149906599,343.58188993400637,112.99097494334647,563.9192241341859,-1072.306560178026,818.112892156106,-254.19366802192008,-706.8277626915142,1035.700110897266,-871.2639367943901,164.43617410287595
38,7,29,93.33333333333334,-53.33333333333333,-2.5682815207237607e-05,-1.3215180543925189e-05,0.004281896500033617,0.0022032645121551654,0.00015891059478359806,-0.00036430408371362823,-0.02317325479893142,0.05312491195243139,-5.205937729257842e-05,8.21527468866549e-05,0.019599614965145243,-0.030929340515508146,7.190812147516271e-05,-3.854239466346327e-05,-0.037258094028564344,0.01997015267536026,445.08726454234994,100.62798329138029,172.22964062548482,272.8576239168651,427.83412559421527,-1241.3291163505717,834.5816209723935,-406.7474953781782,-1254.183776646512,1527.6747191122317,-1390.9292478793718,136.74547123285993
23,7,30,100.0,-53.33333333333333,-7.98320936535225e-05,2.74859991942144e-05,0.013309785537414253,-0.004582527374820925,0.00016298660509703633,-0.00034277171111159156,-0.0237676420119741,0.049984937821618884,-2.5701738762946552e-05,7.147999314507162e-05,0.009676339016838655,-0.026911200560102523,4.1665265452788794e-05,-3.927679666046804e-05,-0.021588220441849413,0.0203506718447926,305.267622219278,22.74829240381711,141.25966490773044,164.00795731154756,232.9921698153972,-1016.5821020445094,624.7871359299533,-391.7949661145561,-1035.767342206095,1534.0024192163091,-1284.8848807112022,249.11753850510706
952,8,0,-100.0,-46.666666666666664,0.0010068846917976686,-0.001367467840744004,-0.16787007199003975,0.22798730255786742,-3.7667961302049556e-05,5.745472042678615e-05,0.0054929582649751564,-0.008378377021773672,0.0001842274352588246,-0.00018251531603083972,-0.06935900859505553,0.06871442006195931,-2.6998042414540394e-05,2.7391565737297872e-05,0.013988623012708708,-0.014192521107401606,1587.570997903557,-1678.1325594150223,1632.8517786592897,-45.28078075573262,3753.3242297446936,-5067.92927712454,4410.626753434617,-657.3025236899232,3877.0930844714594,-4855.750946188307,4366.422015329883,-489.328930858424
907,8,1,-93.33333333333333,-46.666666666666664,0.0008043973850825672,-0.0009312127373326171,-0.13411093449173733,0.15525387417994546,-3.8517777588840753e-05,3.497226541095308e-05,0.0056168833523672955,-0.0050998564215777465,0.00014448112376641925,-0.00015561575960119125,-0.05439508774064822,0.05858711973350402,-2.0839716573217323e-05,1.551650688265494e-05,0.010797780607879589,-0.008039640871838189,1249.9358539879956,-1450.6787157965875,1350.3072848922916,-100.37143090429595,2970.547863176056,-3470.1133182085923,3220.330590692324,-249.7827275162681,3097.133903391084,-3436.6668943826276,3266.900398886856,-169.76649549577178
890,8,2,-86.66666666666667,-46.666666666666664,0.0008677725630523563,-0.0013571663891630338,-0.14467698617058036,0.22626982146734462,-4.16738740576702e-05,2.2818836837427866e-05,0.0060771234499000576,-0.0033275737276614674,0.00015221287809308957,-0.00018497077895036982,-0.05730598325436458,0.06963886692027474,-1.439908914192539e-05,3.251229483739902e-05,0.007460667949180661,-0.016845748620406144,1410.6612136232939,-1651.2844960357281,1530.972854829511,-120.31164120621713,3204.975560365776,-5141.824075050923,4173.3998177083495,-968.4242573425736,3260.570189907992,-4801.168943725576,4030.869566816784,-770.2993769087923
845,8,3,-80.0,-46.666666666666664,0.0007557634762996909,-0.0009916943431436138,-0.12600258024318647,0.1653375030247124,-3.5913906995814317e-05,2.009019668676718e-05,0.005237172000850321,-0.0029296677632922427,0.00014076411226604882,-0.0001656764410338708,-0.05299568578816533,0.06237482317181648,-1.2212368917143261e-05,1.8880152211575933e-05,0.006327652288672314,-0.009782462285786078,1303.1428712660968,-1524.4948530558738,1413.8188621609852,-110.67599089488851,2793.852378964041,-3751.452157894152,3272.6522684290967,-478.7998894650557,2879.1242010941046,-3638.1614373883176,3258.6428192412113,-379.5186181471065
828,8,4,-73.33333333333333,-46.666666666666664,0.0008495250917408781,-0.0014943098626757933,-0.1416347268655699,0.24913468867517513,-5.2350316828402745e-05,2.7501745026486847e-05,0.0076340235987498615,-0.004010462271454565,0.00016498947874696117,-0.00022352563766229298,-0.062116191643372835,0.08415422275218162,-3.9740289174235964e-05,2.8511393053481e-05,0.020590823406330276,-0.014772742514750106,1216.2291675318081,-2072.686909097562,1644.458038314685,-428.2288707828769,3097.7942863110607,-5657.86693058098,4377.83060844602,-1280.0363221349596,3498.06178371601,-5339.8043144523235,4418.933049084167,-920.8712653681569
783,8,5,-66.66666666666666,-46.666666666666664,0.0009158095169307487,-0.001417357344013658,-0.15268581475983095,0.23630499233272306,-4.5342017146507725e-05,3.023024866778495e-05,0.006612033123810264,-0.004408348329245215,0.0002455979729536103,-0.0003088826651966061,-0.09246414299306549,0.1162899293481254,-3.522087115354185e-05,3.6613300755970716e-05,0.018249156038096077,-0.018970622153343858,1987.5116834702403,-2687.323808722971,2337.4177460966057,-349.9060626263654,3387.6120069773483,-5366.151038355414,4376.881522666381,-989.2695156890329,4040.8451414226142,-5653.257322112012,4847.051231767313,-806.2060903446989
766,8,6,-60.0,-46.666666666666664,0.001142878322293474,-0.0023184717117617636,-0.19054323479357677,0.386540798892717,-7.443373222509795e-05,5.445704307353085e-05,0.010854353951896855,-0.007941238508721292,0.00025537292608704155,-0.00034176253040216534,-0.09614427379142032,0.128668730856124,-5.7777654244842966e-05,5.548016980159859e-05,0.029936608417003123,-0.028746201969726798,1872.1598149024028,-3036.964362891319,2454.562088896861,-582.4022739944581,4158.751058829686,-8736.991279958256,6447.871169393971,-2289.120110564285,4922.627612946272,-8371.635406693138,6647.131509819705,-1724.503896873433
721,8,7,-53.33333333333333,-46.666666666666664,0.0009597906701272199,-0.0017522040072260087,-0.16001845117136973,0.2921313783300358,-4.1371801589268596e-05,1.1538544900179245e-05,0.006033073509192548,-0.001682616828317117,0.0003192369050279725,-0.0004093738917830514,-0.1201881533474448,0.15412344659133453,-6.373430777101504e-05,4.7192023267241464e-05,0.03302295739429291,-0.024451825527056714,2307.0460033618388,-3547.812005654771,2927.429004508305,-620.3830011464661,3575.5087462353767,-6722.665562177614,5149.087154206496,-1573.5784079711188,4748.687346978977,-7087.778905880065,5918.233126429521,-1169.5457794505442
704,8,8,-46.666666666666664,-46.666666666666664,0.0011706870069747267,-0.0026646346653469957,-0.19517956101585313,0.4442538621779366,-5.1951572979550516e-05,-3.0725754903328516e-06,0.007575876482621182,0.0004480605891847299,0.0002812495878648263,-0.00040750565115624574,-0.10588646883492833,0.15342008057253173,-8.312297190609215e-05,5.5364937193214074e-05,0.04306889736064943,-0.028686495955019823,1819.7455202887265,-3742.5475791566637,2781.146549722695,-961.4010294339686,4338.777821309407,-10260.869334375846,7299.823577842626,-2961.0457565332194,5272.163526648924,-9483.063287467252,7377.613407058088,-2105.449880409164
659,8,9,-40.0,-46.666666666666664,0.0010314418389064189,-0.002228884806692774,-0.17196429458235651,0.3716046693380548,-1.2579292282461478e-05,-2.926665182706784e-05,0.0018343845836627558,0.004267831108579146,0.00038824173106615574,-0.0005090149899386133,-0.14616748870299903,0.19163690257406035,-8.612676696669051e-05,5.149476250287348e-05,0.04462526785836805,-0.02668122409474066,2677.3374222046677,-4529.7420248339895,3603.5397235193286,-926.2023013146609,3951.162883263181,-8695.54752333763,6323.355203300405,-2372.192320037224,5400.466034720383,-8788.35303433171,7094.409534526047,-1693.943499805664
642,8,10,-33.33333333333333,-46.666666666666664,0.0012510083391608657,-0.0033304943795641477,-0.20857091349768483,0.5552674857551656,4.8480071627882645e-05,-9.80977667825412e-05,-0.007069642235203101,0.014305179261040754,0.00035157295341718393,-0.0004594065041003254,-0.13236221556030955,0.1729600133756005,-0.00012053922555566615,8.955684337582914e-05,0.06245555728269945,-0.04640250952113336,2060.555380327719,-4051.931018906201,3056.24319961696,-995.6878192892411,4980.677121500234,-13123.558694381229,9052.11790794073,-4071.4407864404975,5903.368869602446,-11530.763004130366,8717.065936866406,-2813.69706726396
597,8,11,-26.666666666666657,-46.666666666666664,0.0011911838495811296,-0.003025979224876041,-0.1985968405434247,0.5044980368242419,0.00010715177302437546,-0.00016803585891283452,-0.015625486405311768,0.024503953177238486,0.00046776283779592805,-0.0005955051196022109,-0.17610605413658806,0.22419920600241242,-0.00011761374169729822,8.440338675090056e-05,0.0609397625374318,-0.043732324741378864,3100.4117841642114,-5213.584812111204,4156.998298137708,-1056.5865139734963,4962.812981988779,-12209.71186054012,8586.26242126445,-3623.44943927567,6196.770597598057,-11247.907494102512,8722.339045850284,-2525.5684482522274
580,8,12,-20.0,-46.666666666666664,0.0015847781256626812,-0.00436508480842224,-0.2642177601968092,0.7277567203094576,0.0003269139644680764,-0.000521142261605291,-0.04767247021045992,0.07599595502814935,0.0004170760605244216,-0.00044489656793106987,-0.15702320355306357,0.16749722882310863,-0.0001346837537262895,9.653849674876417e-05,0.06978432835555787,-0.05001994650192702,2688.8751087343385,-4365.977267902025,3527.4261883181816,-838.5510795838434,7180.491888130286,-18469.435742832804,12824.963815481544,-5644.471927351259,6581.82476071512,-13228.97329554871,9905.399028131915,-3323.5742674167955
535,8,13,-13.333333333333329,-46.666666666666664,0.0017743948603291496,-0.004668401726101371,-0.2958310870834719,0.7783263964812992,0.0003814510020282301,-0.0006491102791142509,-0.055625373974248354,0.09465698565286967,0.0004763910330128848,-0.0005734916741605563,-0.17935444689292185,0.21591145695217226,-0.00012810241013862307,8.9999244479142e-05,0.06637430577127634,-0.046631732890725405,3361.458069087822,-5703.287385261117,4532.37272717447,-1170.9146580866477,8095.532576653277,-20071.485560487617,14083.509068570447,-5987.97649191717,7209.463229653717,-14345.719626055086,10777.5914278544,-3568.128198200685
518,8,14,-6.666666666666657,-46.666666666666664,0.0024561691993420964,-0.0052605963573269885,-0.40949803256729855,0.8770584123573893,0.000516504014729441,-0.0011314037961804983,-0.07531957925332584,0.1649877938288044,0.0003114319017620982,-0.0002538632993258082,-0.11724968065014178,0.09557592079144174,-7.767781939702271e-05,7.211069356848975e-05,0.040247574817091444,-0.0373630536624125,2807.1327920462086,-3558.504322832413,3182.818557439311,-375.6857653931022,11131.493565879662,-23876.324100550653,17503.90883321516,-6372.415267335496,7427.388739548749,-12972.340238463317,10199.864489006033,-2772.475749457284
473,8,15,0.0,-46.666666666666664,0.0028754094211205297,-0.00616884638829208,-0.4793947017533349,1.0284838926781328,0.0005940435852262834,-0.0011809093943967056,-0.08662684436406279,0.17220698423583763,0.00033443161152516227,-0.0003375554929931128,-0.1259087441870084,0.12708484112002555,2.146266808027143e-05,-4.0127605552629284e-05,-0.011120553409461878,0.020791505467673874,4325.6691466042785,-5900.067002394476,5112.868074499377,-787.1989278950987,13010.756342848465,-27546.409344870593,20278.582843859527,-7267.8265010110645,7702.865012999941,-14802.57475580581,11252.719884402875,-3549.8548714029344
456,8,16,6.666666666666671,-46.666666666666664,0.0029665110448936893,-0.004789815717161945,-0.4945833686044573,0.7985688091289157,0.0006356139624353608,-0.0015013174818928143,-0.092688875309611,0.2189307301339431,0.00012064927839078864,-3.751732364958139e-05,-0.045422736983432646,0.014124738640685985,0.00014577960468087898,-0.00015275062847095965,-0.07553347392788134,0.07914540335279192,3974.2400237498427,-4306.861436019684,4140.550729884763,-166.3107061349208,13483.936328189335,-23294.36472598084,18389.150527085087,-4905.214198895752,5777.903315434199,-8046.3024260417815,6912.10287073799,-1134.1995553037914
411,8,17,13.333333333333343,-46.666666666666664,0.0032461946064351915,-0.00533843771819685,-0.5412128386846691,0.8900362984643837,0.0005602678243806105,-0.0014189234109378277,-0.08170146910402798,0.20691555391009694,-0.0001014944991028934,7.809856052052067e-05,0.03821123507331267,-0.029402997022642357,0.00011871813553019885,-0.00013342014490774366,-0.06151198732131787,0.0691296087604567,1807.097350509956,-3231.9392063080713,2519.518278409014,-712.4209278990577,14268.124332231757,-25102.25387601934,19685.189104125548,-5417.064771893791,5726.796926480515,-9208.861208302169,7467.829067391342,-1741.032140910827
394,8,18,20.0,-46.666666666666664,0.002231322742351748,-0.0027301041639702667,-0.3720111274339152,0.4551690836889702,0.0004921153429709288,-0.0014446151100677544,-0.07176308318937782,0.21066206490243214,-0.0002486581586725411,0.00031101414016933537,0.09361625938269871,-0.1170923993534532,0.0002127591683235766,-0.00019328738908583947,-0.11023791104843388,0.10014890626204628,1268.4849180410017,-1075.7665531209157,1172.1257355809587,96.35918246004303,10153.441213249022,-15178.893213610196,12666.16721342961,-2512.726000180587,1753.4334087581328,-683.300865929926,1218.3671373440293,535.0662714141034
349,8,19,26.66666666666667,-46.666666666666664,0.0021252664036275435,-0.0025807375867502925,-0.35432917699642663,0.43026635324219376,0.0004371825192647845,-0.001255564067025557,-0.06375246361866402,0.18309355698521954,-0.0003690516811656732,0.00032147881019052815,0.1389427079089921,-0.12103219874828608,0.00021702518440926277,-0.0002328459078181296,-0.11244828207728579,0.12064554809223887,223.0062417868635,-1314.7845765157085,768.895409151286,-545.8891673644225,9549.323378312667,-13991.141843795873,11770.23261105427,-2220.909232741603,942.5070212222114,-372.39813377834173,657.4525775002766,285.05444372193483
332,8,20,33.33333333333334,-46.666666666666664,0.0009056505980197479,-0.0010328800368184306,-0.15099209703542507,0.1722040741608843,0.0005619549435959325,-0.001424015346681069,-0.08194749450910606,0.20765808919894035,-0.00035644130602097656,0.0003585251908683792,0.13419508105949984,-0.13497963405964908,0.0002313918205349567,-0.0002801746211156722,-0.11989213499214964,0.14516819746919252,151.28892215213352,-1108.7031194849048,629.9960208185191,-478.70709866638566,5296.157811767681,-8623.195140958644,6959.676476363162,-1663.5186645954814,-2564.850660231279,4601.561439237023,-3583.206049734151,1018.3553895028717
287,8,21,40.0,-46.666666666666664,0.000718110190802604,-0.000796090353236296,-0.11972494011363759,0.13272596752837296,0.0005562513093978084,-0.0013248122180845032,-0.08111575784149733,0.193191719735344,-0.00040797196405420645,0.0003730857296413366,0.15359564074494692,-0.14046146977257293,0.00020498758596486773,-0.00024594615953836405,-0.10621118443770577,0.12743324328406702,-662.6529536068546,-466.3142298378546,-98.16936188449998,-564.4835917223546,4547.390127926571,-7383.12431445821,5965.257221192391,-1417.8670932658197,-3107.296026655342,4804.222203313233,-3955.7591149842874,848.4630883289456
270,8,22,46.666666666666686,-46.666666666666664,0.00023244078133166852,-0.00030774302512582126,-0.038753047904525335,0.05130760672313942,0.0006208302487070995,-0.0013500084337304495,-0.09053302934121606,0.1968659764828406,-0.0003028581538683298,0.0003120450641896362,0.11402178653643248,-0.11748052758139295,0.0002082526979583235,-0.00021921742530691847,-0.10790295230996187,0.11358415819006024,148.56126208834877,-532.4564821799268,340.50887213413773,-191.947610045789,2917.5932380762647,-5601.915946347499,4259.754592211882,-1342.161354135617,-3996.9158224886846,5610.964353150132,-4803.940087819408,807.0242653307239
225,8,23,53.33333333333334,-46.666666666666664,8.127472915330926e-05,-0.00020400851621929215,-0.013550304960519411,0.03401275695548624,0.0005868737722165881,-0.0011979165271237618,-0.08558130108886065,0.17468706192115505,-0.00034010096689106165,0.0003310038448357634,0.12804317583123878,-0.1246182387911218,0.0001784011081880301,-0.00020313899932837375,-0.09243580735126783,0.10525336752760571,-582.4496192544611,-83.79019892893412,-249.32971016276352,-333.11990909169765,2216.8210090642397,-4699.633367383275,3458.2271882237574,-1241.4061791595177,-4278.653790071926,5507.102066320837,-4892.877928196382,614.2241381244557
208,8,24,60.0,-46.666666666666664,6.06319097789603e-05,-7.564530686086366e-05,-0.01010868785909893,0.012611755061813558,0.0004895299011418861,-0.0008847608180503036,-0.07138605922597369,0.12902089946054923,-0.00016203545651696506,0.0001771306926192009,0.06100404429706453,-0.06668718594797246,0.0001324313039432572,-0.00013934623647690063,-0.06861725592911681,0.07220012252685785,369.41767994835266,-493.19521207815086,431.30644601325173,-61.8887660648991,1837.643038121881,-3192.4722051375707,2515.057621629726,-677.4145835078448,-2827.2614725408876,3829.548928914396,-3328.405200727642,501.1437281867543
163,8,25,66.66666666666669,-46.666666666666664,-3.182596003648149e-05,-3.8452978553421945e-05,0.005306095371196552,0.006410966747810619,0.0004698103501267846,-0.0008603691885889293,-0.06851044114137861,0.12546397208739785,-0.00021914466186168512,0.000254713615303985,0.08250484768607276,-0.095896052660813,0.0001351231504855244,-0.0001562143474335783,-0.07001199507018725,0.08094007639041734,-129.8848784181569,1.8507849144484223,-65.86783166630265,-64.01704675185424,1410.7070479317538,-2960.9116940490107,2185.8093709903824,-775.1023230586285,-3341.3927676057597,4404.26951571112,-3872.83114165844,531.4383740526803
146,8,26,73.33333333333334,-46.666666666666664,0.00010152348631788085,-9.743631343583392e-05,-0.016926223127332222,0.016244800506118283,0.00020629756768855036,-0.0003727141752909518,-0.030083495105890867,0.054351319765384716,-4.953822593405153e-05,6.146609304002081e-05,0.01865043734401714,-0.023141109626141174,7.784738945692564e-05,-6.767266734649141e-05,-0.040335434951756136,0.03506355821060096,597.6383816838074,-446.58486221949175,522.1116219516496,75.52675973215784,1071.718493359718,-1599.3110952859206,1335.5147943228194,-263.7963009631013,-1064.2229600076,1442.3994201333096,-1253.3111900704548,189.0882300628548
101,8,27,80.0,-46.666666666666664,-2.3504246618722396e-05,3.3396270014342384e-06,0.003918680663336025,-0.0005567900969372393,0.00033756392442241745,-0.0006154168106628099,-0.04922550848305869,0.08974361074197551,-0.00013218755116290153,0.00014972861494254387,0.04976673254114499,-0.05637069351877768,9.512921536863982e-05,-7.651307942444794e-05,-0.049289748895645316,0.03964408260332242,101.36003693703749,140.42848381211195,-19.53422343753723,120.89426037457471,1014.7214366463154,-1998.9791432809834,1506.8502899636494,-492.128853317334,-2255.5829204290594,2791.8682222902244,-2523.725571359642,268.1426509305825
84,8,28,86.66666666666669,-46.666666666666664,5.498403065378614e-05,-6.076349198358103e-05,-0.009167060795883484,0.010130625539095687,0.0001288797635433597,-0.00024064380116152457,-0.018793986663276682,0.03509205995794923,-1.722937190216889e-05,5.641845694685384e-05,0.006486613419825581,-0.021240746443649816,4.1055154847834444e-05,-3.224809556428463e-05,-0.021272100957417255,0.016708857805321033,400.82977526817575,-10.807912429111365,205.81884384864355,195.0109314195322,638.0699955309153,-1019.9059464610331,828.9879709959741,-190.91797546505887,-557.2723099327616,936.7412949211276,-747.0068024269447,189.73449249418303
39,8,29,93.33333333333334,-46.666666666666664,-4.4713421411717896e-05,1.2395463148730507e-05,0.007454721809212283,-0.0020665993912492744,0.000220949254111385,-0.00045291010423083213,-0.032220088095003735,0.06604595030711534,-6.762257905328434e-05,9.440995875895051e-05,0.025458939029288283,-0.035544006416966194,8.195254350539105e-05,-4.958846805932156e-05,-0.04246245777479422,0.025693506766475874,447.7939904429003,48.65901465854246,199.56748789217892,248.22650255072136,558.1222856675624,-1434.3974555799175,996.25987062374,-438.13758495617753,-1604.5824539855616,1946.7575747423882,-1775.670014363975,171.0875603784133
22,8,30,100.0,-46.666666666666664,-5.971858356705641e-05,1.0532404843141536e-05,0.009956416066517636,-0.001755986135899764,0.0001482382927968718,-0.00032725089232712263,-0.021616958482966235,0.04772160296423993,-2.5655520077192884e-05,7.257764883618085e-05,0.009658938339149485,-0.027324452312791243,6.59999187161739e-05,-1.9250250800813664e-05,-0.034196849075721826,0.009974223212852169,588.2080548221871,265.5300041150626,161.33902535356228,426.86902946862483,265.58088765071983,-1026.956838308051,646.2688629793854,-380.6879753286655,-1135.23754675853,1306.7544131175896,-1220.99597993806,85.75843317952979
951,9,0,-100.0,-40.0,0.0010936575259694152,-0.0013517209170264416,-0.18233703333909362,0.22536194015080835,-4.8380260532085984e-05,2.9667602577285093e-05,0.007055087208473723,-0.004326300047728609,0.0001638078839210094,-0.00018334309116886942,-0.06167133800051599,0.06902606562567631,-2.412787203825464e-05,2.0798967297198157e-05,0.012501488102716783,-0.010776666993361895,1468.9254125052998,-1768.4117378589526,1618.6685751821262,-149.7431626768264,4047.552569778905,-5100.188855776672,4573.870712777789,-526.3181429988838,3999.17705998849,-4704.705298430707,4351.941179209599,-352.7641192211088
908,9,1,-93.33333333333333,-40.0,0.0006981593922678259,-0.0007686474935769522,-0.11639869827723377,0.12815063247347044,-4.7801142311804416e-05,4.118726368227167e-05,0.006970636866471268,-0.006006163132670928,0.00013805183849534554,-0.00013799609006282039,-0.051974553297719175,0.05195356480593867,-1.4013008052213091e-05,4.21665028985001e-06,0.007260625933785781,-0.002184792896294323,1234.930608869999,-1374.019702463959,1304.475155666979,-69.54454679697994,2533.630479870651,-2826.7439564900187,2680.1872181803346,-146.55673830968385,2756.0760331103493,-2849.236361327625,2802.6561972189875,-46.58016410863797
889,9,2,-86.66666666666667,-40.0,0.0009508295908292942,-0.0013861716991920455,-0.15852443995131085,0.23110565174893366,-5.58965798077856e-05,2.1864386124020774e-05,0.008151160015721718,-0.0031883902477624466,0.0001506354412641195,-0.0001715949529770928,-0.05671210072853459,0.06460305872296093,-1.2210020343600295e-05,2.1921768456503585e-05,0.006326435411188913,-0.0113584292520691,1443.6502232007383,-1668.8583164525242,1556.2542698266311,-112.60404662589292,3476.227474214526,-5255.678622709115,4365.953048461821,-889.7255742472946,3484.636203687139,-4723.7110473822095,4104.173625534674,-619.5374218475351
846,9,3,-80.0,-40.0,0.0006975304028366765,-0.0008913008742017881,-0.11629383174986656,0.14859967892639878,-4.169375892152395e-05,2.5996228766860442e-05,0.006080023174851389,-0.0037909192514579033,0.00013944908926359889,-0.0001541959328276722,-0.052500598334977486,0.058052575151424576,-5.726325563700608e-06,2.175000232783289e-05,0.002967008064092196,-0.011269431257939248,1345.4717782678129,-1356.8901068561906,1351.1809425620017,-5.709164294188895,2552.8873232796263,-3345.6036995577856,2949.245511418706,-396.35818813907963,2684.323668512335,-3352.3089108290233,3018.316289670679,-333.99262115834404
827,9,4,-73.33333333333333,-40.0,0.0008877426352892554,-0.0014920774027850207,-0.14800644136178928,0.24876248795980843,-4.7196405834429105e-05,3.098455390371017e-05,0.006882450723215622,-0.00451834544713447,0.00017076336828469597,-0.0002185852786201066,-0.0642899789162186,0.0822942478532842,-1.8779621063551774e-05,3.641688985557551e-05,0.009730373608053377,-0.01886885484743965,1523.791311116202,-1936.2377359211703,1730.014523518686,-206.22321240248414,3265.371086200602,-5635.802459374824,4450.586772787713,-1185.2156865871111,3455.6268658856297,-5376.651537434205,4416.1392016599175,-960.5123357742877
784,9,5,-66.66666666666666,-40.0,0.0008559134740078628,-0.0012677288166497605,-0.14269981227186798,0.21135858897098783,-5.2127692809173174e-05,2.6754242507143044e-05,0.0076015592867951145,-0.003901457164732851,0.00023954818962774633,-0.00031411872770962867,-0.0901864856337948,0.11826123239717864,-3.3671117624683726e-05,3.774076856140766e-05,0.017446174935061152,-0.019554802363414538,1930.842752505247,-2671.723798065722,2301.2832752854847,-370.4405227802374,3135.4274105685363,-4805.5618536953825,3970.4946321319594,-835.0672215634231,3857.0474104313143,-5291.544358206265,4574.29588431879,-717.2484738874755
765,9,6,-60.0,-40.0,0.00110149816954847,-0.0020899723473197115,-0.1836442430054897,0.3484448728437453,-6.891056340464564e-05,4.192639362736119e-05,0.010048933781214407,-0.006113947302571018,0.00024655162748963747,-0.0003142284897622282,-0.09282318035939528,0.11830255624853102,-5.2718887835035903e-05,3.075094093250471e-05,0.027315485924876332,-0.015933130016834388,1843.6502497386157,-3017.05172864274,2430.350989190678,-586.7007394520621,4018.0278337522664,-7903.603835861114,5960.81583480669,-1942.7880010544238,4717.422081912003,-7414.920461898434,6066.171271905218,-1348.7491899932156
722,9,7,-53.33333333333333,-40.0,0.0009251024438994254,-0.001626245153571304,-0.154235152367144,0.27113123600684,-2.5035020839992502e-05,2.7168434665556374e-05,0.0036507503959174897,-0.0039618570420078825,0.0003246841340699965,-0.0004105598588052452,-0.12223895759065742,0.15456994630387857,-5.9651373668343116e-05,3.7926366873218094e-05,0.030907447496536424,-0.019650967291813683,2396.895851323779,-3617.490944534019,3007.193397928899,-610.29754660512,3497.9499589465904,-6191.001072756916,4844.475515851753,-1346.5255569051628,4617.973375569606,-6731.083492812842,5674.528434191225,-1056.5550586216182
703,9,8,-46.666666666666664,-40.0,0.001163256453907554,-0.0025076755520673536,-0.19394072255850697,0.4180852871063424,-4.1732777847735055e-05,3.331893226293265e-05,0.006085713138571568,-0.004858757894706263,0.00028371142739228196,-0.0004017355946162884,-0.10681331639541548,0.1512477363688218,-7.677852923672205e-05,6.806745645888597e-05,0.039781621366158676,-0.03526811215484675,1916.4502526637527,-3478.5082920052423,2697.4792723344976,-781.0290196707448,4345.352355434771,-9537.619536389959,6941.485945912365,-2596.1335904775938,5193.641426100064,-9225.053553664575,7209.347489882319,-2015.7060637822556
660,9,9,-40.0,-40.0,0.0009901578559740542,-0.002048833833371611,-0.16508133644092488,0.3415861676173294,-6.290146675560898e-06,2.2369106741549826e-06,0.0009172652826195892,-0.00032619915044200163,0.00038178594301839134,-0.0005051895526600999,-0.14373697634166874,0.19019667985854846,-6.535863613510334e-05,5.86109708392524e-05,0.03386457830832791,-0.03036837867317361,2851.754673514175,-4341.747518003458,3596.7510957588165,-744.9964222446415,3816.310441300855,-7901.216304497206,5858.76337289903,-2042.4529315981754,5085.999804752018,-8426.401136600572,6756.200470676295,-1670.2006659242775
641,9,10,-33.33333333333333,-40.0,0.0012289127948458733,-0.0032874735115307977,-0.2048870948389717,0.5480949502377782,4.968779271247668e-05,-8.0646341582566e-05,-0.007245759053955503,0.011760312297864181,0.00035900001372471044,-0.0004777929841851438,-0.1351583981103299,0.17988226156542136,-9.506548362294896e-05,9.189805093821501e-05,0.0492567272657537,-0.04761557043428609,2413.2230192903908,-4161.543200593521,3287.383109941956,-874.160090651565,4905.479196685011,-12904.012282230618,8904.745739457814,-3999.266542772804,5687.07583582057,-11572.78633216205,8629.93108399131,-2942.8552481707397
598,9,11,-26.666666666666657,-40.0,0.001147619056921058,-0.0029126079532198375,-0.19133362069347296,0.48559652437741885,0.00010101160463545287,-0.00015672853812174274,-0.014730091817061612,0.0228550547753286,0.0004675214995963378,-0.0006072650263865538,-0.17601519373766766,0.22862664361281154,-0.00010752198218474826,8.321040289389878e-05,0.055710871598289184,-0.04311419839060103,3198.4648438391573,-5286.6636889756655,4242.564266407411,-1044.099422568254,4777.566089658403,-11740.696036983343,8259.131063320874,-3481.56497366247,6019.038969336602,-11030.964338170192,8525.001653753397,-2505.9626844167947
579,9,12,-20.0,-40.0,0.0015895542726822448,-0.004424888368483535,-0.2650140501300465,0.7377273038475054,0.00030635763381033586,-0.0005096873741929715,-0.04467482811673042,0.07432553761475892,0.00040871472166046345,-0.0004889549550377135,-0.15387527841739262,0.18408458480361592,-0.00014340106394944438,9.570187080072575e-05,0.07430106940382254,-0.049586461554757065,2508.5667298177054,-4769.805845929561,3639.186287873633,-1130.6195580559277,7128.493513774638,-18667.5672825729,12898.03039817377,-5769.536884399132,6664.568433664503,-13634.708286134915,10149.638359899709,-3485.0699262352064
536,9,13,-13.333333333333329,-40.0,0.00169791528696691,-0.004410645941563964,-0.2830802412411691,0.7353527745178038,0.0003540673603521593,-0.0006063490397268903,-0.05163213421105717,0.08842129635102781,0.000479922665736892,-0.0005793193546059576,-0.1806840563732626,0.21810549573653654,-0.00012120701346672363,0.00010119878343060856,0.06280156138169281,-0.05243460281376237,3435.064846718482,-5520.758538979827,4477.911692849155,-1042.8468461306725,7714.571168260107,-18943.592006803494,13329.0815875318,-5614.5104192716935,7039.044522072207,-13888.93245481283,10463.98848844252,-3424.9439663703115
517,9,14,-6.666666666666657,-40.0,0.0024314253644611592,-0.005281035069741329,-0.40537268497128276,0.8804660002890852,0.0005349290019536185,-0.0010881755127597472,-0.07800641661740695,0.15868399748600145,0.0003287306661622791,-0.00029679816093676145,-0.12376241935830613,0.11174028540585378,-7.56201944647197e-05,7.534794293945792e-05,0.03918144790916292,-0.039040384942706105,2979.7013814020956,-3878.9357109308526,3429.3185461664743,-449.61716476437846,11100.3328234761,-23818.562884646348,17459.447854061225,-6359.115030585124,7395.124460569244,-13373.972280414919,10384.54837049208,-2989.4239099228375
474,9,15,0.0,-40.0,0.0028256347431942106,-0.006134840512936458,-0.47109615591701454,1.0228143569402912,0.0005370345678691649,-0.0010920149295958255,-0.07831346232146053,0.15924388328054467,0.00034222020440299216,-0.00038327285311389077,-0.12884103860666332,0.1442967768401609,4.902680822155037e-05,-4.995260371183701e-05,-0.025402491306490936,0.025882178089022653,4671.772766446414,-6358.607186219214,5515.189976332814,-843.4172098864001,12638.763945845558,-27132.8614312195,19885.81268853253,-7247.04874268697,7534.394019661309,-15082.197068964131,11308.295544312721,-3773.901524651411
455,9,16,6.666666666666671,-40.0,0.003081616000405972,-0.005045198120799821,-0.5137739247085121,0.8411467357106962,0.0006419902465188747,-0.001470300575270111,-0.09361870164333566,0.21440766682767728,0.00014250900538329692,-6.574714129915064e-05,-0.053652613224334844,0.024752863394431283,0.00012725698466503765,-0.00013258751458482485,-0.06593626148444472,0.06869819408536944,3988.1367394721433,-4386.656628251913,4187.396683862028,-199.25994438988505,13945.650733324208,-24170.7653603742,19058.208046849206,-5112.557313524996,6318.719431503713,-9084.302028287342,7701.510729895528,-1382.7912983918145
412,9,17,13.333333333333343,-40.0,0.0032802813297829725,-0.0055138124233396705,-0.5468958535809234,0.9192751622760834,0.0005231264706972706,-0.001389040260076618,-0.07628530378381548,0.20255782137473805,-7.874530563501878e-05,7.695118135363957e-05,0.02964648735779392,-0.028971025088681008,0.0001057442492669621,-9.543227285855788e-05,-0.054789766459540305,0.049446773501820404,1847.856916838418,-2846.0240630918365,2346.940489965127,-499.0835731267092,14277.869327140284,-25669.060094453365,19973.464710796827,-5695.59538365654,6119.011419375973,-10030.768943688909,8074.890181532441,-1955.878762156468
393,9,18,20.0,-40.0,0.002399864511658416,-0.002986013028891931,-0.4001107888721332,0.49783478307565004,0.000500702191421568,-0.001440180876434668,-0.0730152667038719,0.21001543950934598,-0.00021573706822787425,0.0003165872017225361,0.0812219371586375,-0.11919057774705762,0.00022109314254297792,-0.00018398592457052334,-0.11455603240563463,0.09532949459608163,1707.5939826881386,-1001.9717739383133,1354.7828783132259,352.81110437491265,10833.101608574185,-16141.273288549066,13487.187448561624,-2654.0858399874405,2280.7547512123065,-1401.9684902587983,1841.3616207355524,439.3931304767541
350,9,19,26.66666666666667,-40.0,0.002220408351719285,-0.0027886131185119543,-0.3701914557712863,0.4649238276939061,0.00043149205822017343,-0.001240521031011023,-0.06292264793589132,0.18089989515298605,-0.00036052090504516725,0.0003100185688135618,0.1357309920566089,-0.11671758090078854,0.00018842776341190963,-0.00021161757857592628,-0.09763096549835325,0.10964641376985886,-6.421137329896464,-1229.049193019281,611.3140278446922,-617.7351651745887,9891.266979653485,-14735.466173877385,12313.366576765435,-2422.09959711195,1466.5423445470974,-1170.5032181041493,1318.5227813256233,148.01956322147407
331,9,20,33.33333333333334,-40.0,0.001004669540706961,-0.0011061721858165962,-0.1675007570366045,0.18442350547099814,0.0005230999878808805,-0.001337913271903297,-0.07628144190756464,0.19510219058022912,-0.00033422253145978337,0.00038121635017110845,0.12583002851672132,-0.14352253273757215,0.00022995521029905915,-0.00026784432025561683,-0.11914777735696991,0.138779440546887,341.8653680374945,-757.60929606921,549.7373320533522,-207.87196401585777,5550.6119112803335,-8615.252694880674,7082.9323030805035,-1532.32039180017,-2090.5646450392,4236.710308725873,-3163.6374768825362,1073.0728318433364
288,9,21,40.0,-40.0,0.000812882450300994,-0.0008475831945002737,-0.1355255835778352,0.14131096940631654,0.000548543080709518,-0.0013307990637073978,-0.07999169970248253,0.19406475591804867,-0.00040253912926683605,0.0003766549304322575,0.15155025573384176,-0.14180522309567142,0.0002012564346278931,-0.0002293838054061316,-0.1042779454030048,0.11885171264560862,-631.3376844706312,-262.937531100013,-184.20007668530909,-447.1376077853221,4884.966397528341,-7596.542771483488,6240.754584505914,-1355.7881869775733,-2785.855602727665,4575.9177147808605,-3680.8866587542625,895.0310560265978
269,9,22,46.666666666666686,-40.0,0.0002577333316679208,-0.00035954086775839296,-0.04296987857078356,0.059943459112685796,0.0006241826683912529,-0.0013834202606147939,-0.09102189841655765,0.201738280804293,-0.0003259340429970324,0.0003324239998170431,0.12270953052075073,-0.12515290693875414,0.00020345680403008513,-0.0002350185213511762,-0.10541803317616076,0.12177125458604489,-96.04132089292924,-571.4860910087534,237.7223850579121,-333.7637059508413,3021.0601058397347,-5909.431500705425,4465.24580327258,-1444.185697432845,-4022.5755219327016,5780.169876328704,-4901.372699130703,878.7971771980012
226,9,23,53.33333333333334,-40.0,8.948768855429671e-05,-0.00022825905029821467,-0.01491958795501357,0.03805586033642797,0.0005894719776710573,-0.0011806362846647877,-0.08596018631736528,0.1721671578075594,-0.0003807217879623026,0.00036060225368303916,0.1433363371014924,-0.13576161866151942,0.00017740118012636274,-0.00019590534706436557,-0.09191770990998964,0.10150536117319908,-940.0329775919611,254.39722138190328,-597.2150994869322,-342.8178781050289,2250.388526010687,-4729.915809965248,3490.1521679879675,-1239.7636419772803,-4467.676468076426,5503.40124435735,-4985.538856216888,517.8623881404619
207,9,24,60.0,-40.0,3.5034446384317575e-05,-8.397061891945404e-05,-0.005841021404512922,0.013999769743137118,0.0005338788581768627,-0.0009969512426632927,-0.07785327862590037,0.1453811509535192,-0.00019685254458764326,0.00022113480822824266,0.07411218265526437,-0.08325410948168727,0.00015930328591035097,-0.00016136820057092372,-0.08254056264781175,0.08361046661701994,391.7927230700332,-420.28611650111077,406.039419785572,-14.246696715538775,1884.535936344005,-3589.861015908253,2737.198476126129,-852.6625397821241,-3383.2134063891936,4464.195725708146,-3923.7045660486697,540.4911596594761
164,9,25,66.66666666666669,-40.0,-7.227245314500745e-05,-2.957711860278058e-05,0.012049425332595239,0.004931163488285955,0.0005119208721330555,-0.0009479923871968163,-0.0746512391007356,0.13824168971159442,-0.0002721202897272583,0.0002910339418062655,0.10244941795756683,-0.10957013890376431,0.00014654145753747842,-0.0001478749592946455,-0.07592821634062699,0.07661914989356297,-448.93515983406024,376.8544524118713,-412.89480612296575,-36.04035371109447,1388.0520072036152,-3207.865403293047,2297.958705248331,-909.906698044716,-3907.522590499105,4754.936958582022,-4331.229774540563,423.70718404145873
145,9,26,73.33333333333334,-40.0,4.488496398384889e-05,-4.8650996807437804e-05,-0.007483321771221412,0.00811120320229571,0.00029443374573042395,-0.000512806180854185,-0.04293601833475193,0.07478033989856717,-9.572622426221013e-05,0.00011271278102986455,0.03603956165403334,-0.04243475862995013,9.814490580172848e-05,-9.185591386873854e-05,-0.05085228279879933,0.047593737755800884,454.34446076921637,-329.542541100577,391.9435009348967,62.40095983431968,1140.8387887944805,-1869.0594149430715,1504.9491018687759,-364.1103130742955,-1810.9032364582126,2344.3329628375154,-2077.6180996478643,266.7148631896514
102,9,27,80.0,-40.0,-6.38107459756545e-05,2.6045770147499805e-05,0.010638670552778447,-0.004342409160964209,0.00036635759405880973,-0.0006564899980208688,-0.05342436661450684,0.09573313861045207,-0.00015912816872777673,0.0001854338332141331,0.05990949180288626,-0.06981320026327119,0.0001099309323684214,-7.552387244849998e-05,-0.05695903231521769,0.039131540128738214,40.10453197905252,449.2871600299972,-204.59131402547234,244.69584600452487,953.4092097148188,-2041.3859267275618,1497.3975682211903,-543.9883585063715,-2680.637720616122,3124.388616979703,-2902.5131687979124,221.8754481817905
83,9,28,86.66666666666669,-40.0,5.260764720731762e-05,-5.321226302203929e-05,-0.008770864822814929,0.008871667726236206,0.00016240855620009649,-0.00031289133594076174,-0.02368334760483737,0.04562761005335877,-2.3610305137043372e-05,4.760550420394007e-05,0.008888944008971288,-0.017922795107114045,6.563476128166413e-05,-4.283517533725383e-05,-0.03400764833245261,0.022194391366442412,644.4861863639346,-237.83610720147428,441.16114678270446,203.32503958123016,742.2600374562475,-1231.4975793346637,986.8788083954555,-244.6187709392081,-861.8598583654968,1157.6272465838076,-1009.7435524746522,147.88369410915539
40,9,29,93.33333333333334,-40.0,-9.042143650097838e-05,3.395929172277073e-05,0.01507526450497695,-0.005661769210190591,0.0002858035328055223,-0.0005157102810392157,-0.04167751116378501,0.0752038324519805,-8.77990104922355e-05,0.00011924112643619209,0.03305507844047693,-0.04489258780459405,8.883805786783699e-05,-4.667600810878381e-05,-0.04603008179678527,0.024184460159980336,366.5866593339256,276.54105476685777,45.022802283533906,321.5638570503917,594.3320691122804,-1553.9074065810155,1074.119737846648,-479.78766873436757,-2030.8713802123973,2254.8375046257756,-2142.8544424190864,111.98306220668917
21,9,30,100.0,-40.0,-3.673541130965221e-05,-1.6050732898398204e-05,0.006124610088296226,0.0026760141544474366,0.00014716942448584497,-0.0003148474241039974,-0.02146108997242634,0.045912858053830746,-2.1225852310919013e-05,7.086936260597471e-05,0.007991231440648804,-0.026681306848831323,6.769220320823584e-05,-3.0226538011393437e-05,-0.03507368041875869,0.015661418658745773,653.0645829744825,120.08579425864902,266.48939435791675,386.57518861656575,350.9874128447164,-1090.03310366394,720.5102582543282,-369.5228454096118,-1062.7345223853479,1283.9712481461004,-1173.3528852657241,110.61836288037625
950,10,0,-100.0,-33.33333333333333,0.001082241069747144,-0.0012893561844158957,-0.18043365617633017,0.21496435218641047,-4.372269758139465e-05,1.4413909864331377e-05,0.00637589465277653,-0.002101919046932279,0.00014769270703675664,-0.00016347016985678058,-0.05560420315463701,0.061544193459581516,-1.5038526415213067e-05,1.344097788970645e-05,0.00779198259855236,-0.006964237248549317,1433.8167898049594,-1668.668850460893,1551.2428201329262,-117.42603032796683,4018.209612763125,-4909.816070434798,4464.012841598962,-445.80322883583676,3805.102494000334,-4347.1775268431775,4076.1400104217555,-271.03751642142174
909,10,1,-93.33333333333333,-33.33333333333333,0.000581967603069453,-0.0006610762374506266,-0.09702694282571489,0.11021611161215417,-4.3206965208590536e-05,2.7600441295819494e-05,0.006300687598776624,-0.004024854727791815,0.00011750964295031616,-0.00014180215136173755,-0.044240708903873625,0.053386492740771105,-8.511657533362977e-06,1.109588145554445e-05,0.004410185250445082,-0.0057491613759270855,1085.681549268861,-1297.5098674759697,1191.5957083724154,-105.91415910355431,2101.828193834142,-2459.1462662207755,2280.4872300274587,-178.65903619331675,2293.60482127764,-2610.284678785909,2451.9447500317747,-158.33992875413446
888,10,2,-86.66666666666667,-33.33333333333333,0.0009928630624667669,-0.0014040741425347615,-0.16553235452907242,0.23409038721787181,-5.386104319537732e-05,9.676329675455277e-06,0.007854326386496894,-0.001411057918404636,0.00014780832994222846,-0.0001752037848551392,-0.05564773353372056,0.06596173258657886,-3.0794847057377226e-05,1.3057443629745095e-05,0.015955879304333093,-0.006765514834061661,1218.4171978515594,-1813.8180512683537,1516.1176245599565,-297.7004267083971,3640.2392394620665,-5366.268713851162,4503.253976656614,-863.0147371945477,3716.737187386115,-4693.353202414019,4205.045194900067,-488.3080075139519
847,10,3,-80.0,-33.33333333333333,0.0005854457446265571,-0.0007228207012627142,-0.09760682637974945,0.12051028697260785,-2.6107870674102076e-05,4.028163781763976e-06,0.0038071995150002567,-0.0005874099572389144,0.00013742897049545016,-0.00015913417024111725,-0.05174005235654484,0.059911751287282725,-1.1806584210433219e-05,1.623675643649206e-05,0.006117401145299333,-0.008412827169162947,1227.4308237246332,-1417.4499511452577,1322.4403874349455,-95.00956371031225,2173.824361917023,-2774.6887224010084,2474.2565421590157,-300.4321802419927,2392.4909527508753,-2846.615062221417,2619.5530074861463,-227.06205473527075
826,10,4,-73.33333333333333,-33.33333333333333,0.000923794150298146,-0.0014119385636363628,-0.15401703072638417,0.23540156112610627,-5.7753016136149404e-05,2.3628178098137832e-05,0.008421876213806249,-0.003445596514494912,0.00016810040773006317,-0.00021818230981999472,-0.06328741215010375,0.0821425358325896,-2.9098414435421783e-05,2.8750764549140974e-05,0.015076898671195967,-0.014896769196439154,1388.5065144493592,-1998.5245826546798,1693.5155485520195,-305.0090341026603,3366.5238903299464,-5354.5007547899895,4360.512322559968,-993.9884322300215,3638.7962131427594,-5090.30721238626,4364.55171276451,-725.7554996217505
785,10,5,-66.66666666666666,-33.33333333333333,0.0007656222950584365,-0.001123255927331468,-0.12764626459775996,0.1872717451366947,-4.959250917721484e-05,3.267303821266183e-05,0.007231864262083555,-0.004764569917998845,0.00024741518899530813,-0.0003091835613830901,-0.09314829898143993,0.11640321248185216,-3.099131895968265e-05,3.683212985836788e-05,0.016057678217444662,-0.019084005107953734,2001.122881445539,-2589.8364478346157,2295.4796646400773,-294.35678319453837,2799.869173827374,-4232.615812198505,3516.24249301294,-716.3733191855656,3636.657747419639,-4896.213608368538,4266.435677894088,-629.7779304744497
764,10,6,-60.0,-33.33333333333333,0.001130668023565911,-0.001998533201945176,-0.1885075064295311,0.33319993363494116,-5.356399882184043e-05,4.593016773629799e-05,0.007811009671434987,-0.006697800617764408,0.00026319621521387904,-0.00033215484600971983,-0.09908963085524523,0.12505157435922112,-3.885078982052456e-05,3.33600688845282e-05,0.020129942912179503,-0.017285009784721576,2163.940944600767,-3109.445639030131,2636.693291815449,-472.752347214682,4184.951044137459,-7542.828883085475,5863.8899636114675,-1678.9389194740083,4738.941168870302,-7299.5443228144695,6019.242745842386,-1280.3015769720837
723,10,7,-53.33333333333333,-33.33333333333333,0.0008993691814878986,-0.0015406852600575874,-0.1499448451961719,0.25686649884218565,-3.3379451413791594e-05,2.718543008122964e-05,0.0048675831445581,-0.003964335411045181,0.0003340369768578342,-0.00042562016422436054,-0.12576016984874733,0.160239937049508,-4.436726881310617e-05,4.717555275148434e-05,0.022988222182945845,-0.02444329158106857,2642.6968148762776,-3611.8231049089068,3127.259959892592,-484.5631450163146,3376.0409057739307,-5864.275952122081,4620.158428948006,-1244.1175231740754,4502.147226524364,-6657.641879862471,5579.894553193417,-1077.7473266690536
702,10,8,-46.666666666666664,-33.33333333333333,0.0011696387427704313,-0.0024900655038115533,-0.19500479205881846,0.4151493004014781,-3.851975697460221e-05,1.908446395605323e-05,0.005617171997757227,-0.0027830060453608654,0.0003114331559846133,-0.0004253514206767377,-0.11725015284707643,0.16013875892691595,-7.154218626629758e-05,5.4532901638919165e-05,0.03706849029340115,-0.02825538945020401,2219.3611785897124,-3839.1369224014693,3029.249050495591,-809.8878719058785,4385.461540485321,-9522.877334700484,6954.169437592903,-2568.7078971075816,5307.566154598836,-9166.252095334448,7236.909124966642,-1929.3429703678062
661,10,9,-40.0,-33.33333333333333,0.0009515600707628954,-0.0019511084806366384,-0.15864622720266133,0.32529317783159484,-1.1269757964749186e-05,-8.622613903703817e-06,0.0016434207750279904,0.0012573990380908263,0.00040212938532080227,-0.0005092638300298805,-0.15139599296708936,0.19173058732847678,-7.033829831784606e-05,5.607184257919331e-05,0.03644471415430739,-0.02905276817573428,2954.3901217474468,-4378.84927850104,3666.6197001242435,-712.2295783767968,3654.527017720339,-7563.9519278155685,5609.239472767954,-1954.7124550476149,5141.223250290306,-8148.764987908212,6644.9941190992595,-1503.7708688089529
640,10,10,-33.33333333333333,-33.33333333333333,0.001221784196445245,-0.003201043188486986,-0.2036985989402357,0.5336850931114543,4.8994757428904765e-05,-7.509270842264083e-05,-0.007144696672100274,0.010950449642388022,0.00036080692638705737,-0.000500463220243117,-0.1358386750229524,0.18841728293934334,-0.00010917190085016946,7.119763222695903e-05,0.05656575173581272,-0.03688996488441753,2262.540152548654,-4566.115738979343,3414.3279457639987,-1151.7877932153447,4873.84299436666,-12561.934030749628,8717.888512558144,-3844.045518191484,5787.383597656214,-11320.587354215728,8553.985475935971,-2766.601878279757
599,10,11,-26.666666666666657,-33.33333333333333,0.0010968314388722132,-0.002751061191052023,-0.1828661952101829,0.4586630862034295,8.134360865638568e-05,-0.0001339239210096103,-0.011861991783656382,0.01952955464960595,0.00047425663933542433,-0.0006180370746975083,-0.17855087803678363,0.2326821665610422,-0.00010458734803984966,7.315925540307129e-05,0.05419033577191756,-0.03790634994976019,3265.441928474287,-5433.261290751865,4349.351609613076,-1083.909681138789,4520.10716551759,-11050.86686811424,7785.487016815916,-3265.3798512983253,5944.774034011767,-10642.146177602837,8293.460105807302,-2348.686071795535
578,10,12,-20.0,-33.33333333333333,0.001543842151168478,-0.004428542313580126,-0.25739282280198666,0.7383364977615745,0.00028565703550763576,-0.0004477172198137675,-0.041656148087170115,0.065288694103387,0.0004010075360290336,-0.000492841919549683,-0.15097363266792532,0.18554797164725081,-0.00012573684756358615,8.79298156772143e-05,0.0651486256805842,-0.04555948998817269,2623.239617402347,-4868.17530446887,3745.7074609356087,-1122.4678435332617,6887.309338345505,-18479.841526577162,12683.575432461334,-5796.266094115828,6417.88919328686,-13747.737951516947,10082.813572401903,-3664.9243791150434
537,10,13,-13.333333333333329,-33.33333333333333,0.001628553604393006,-0.00426959906870461,-0.2715161061004877,0.7118371238243799,0.00035641488911333465,-0.0006018364724710919,-0.05197446432570193,0.08776324789958041,0.0004933133899981732,-0.0006011471985588393,-0.18572547356407013,0.2263233684665806,-0.00010856256801956939,0.00012531631564508273,0.056250035243273974,-0.06493073349483125,3675.268391969668,-5380.797864917836,4528.033128443752,-852.764736474084,7461.004518190533,-18388.30497117193,12924.654744681231,-5463.650226490698,6826.2510293365,-13830.33786619375,10328.294447765125,-3502.0434184286246
516,10,14,-6.666666666666657,-33.33333333333333,0.002418888450442467,-0.005467120080634129,-0.40328250257403786,0.9114905102745036,0.0005041284854225765,-0.0010504697156126295,-0.07351490855600609,0.1531855217809872,0.00033161045482978997,-0.00031398253321057544,-0.12484661882436944,0.11820995710575878,-8.627774669445773e-05,6.942276639895333e-05,0.04470349569658938,-0.035970345284415006,2863.6365923303633,-4140.600949613471,3502.118770971917,-638.4821786415539,10949.821237772603,-24410.449117172408,17680.135177472504,-6730.313939699902,7529.881459334948,-13989.789340185356,10759.835399760152,-3229.953940425204
475,10,15,0.0,-33.33333333333333,0.002737951121728936,-0.0060813017670886095,-0.4564773460695401,1.0138882572657706,0.0005094656602361603,-0.0010354194446018652,-0.07429320601332819,0.15099080490008726,0.000407914422200702,-0.00040326008450040717,-0.15357397705568052,0.15182168512312713,3.543482010312162e-05,-3.964678849636333e-05,-0.01836001041611663,0.02054237745924603,5039.297022976356,-6369.476154662776,5704.386588819566,-665.08956584321,12220.433266305106,-26743.370867620746,19481.902066962924,-7261.46880065782,7816.391394717789,-15256.174734788217,11536.283064753003,-3719.8916700352142
454,10,16,6.666666666666671,-33.33333333333333,0.0031794298399658006,-0.005360124982359155,-0.5300816672159633,0.8936520477411884,0.0006481602194520149,-0.0014863902740726502,-0.09451844250124934,0.21675395903366296,0.000189087465451538,-0.00013449913014440675,-0.07118874082486731,0.05063700914365602,0.00013879996437098,-0.000155190201613558,-0.07191707998493019,0.0804094308878164,4557.831093490073,-5351.0306881858805,4954.430890837977,-396.59979734790386,14349.327765608383,-25443.16905535191,19896.248410480148,-5546.920644871764,6714.181614740052,-10053.559114212047,8383.87036447605,-1669.6887497359971
413,10,17,13.333333333333343,-33.33333333333333,0.0032942028153420343,-0.005654361601964338,-0.5492168748478528,0.9427078362714937,0.000538194783695491,-0.0013524280394352033,-0.07848265165085558,0.19721881727099297,-4.153797421557844e-05,7.440047957492958e-05,0.015638456381873212,-0.028010722154731892,8.635033896760617e-05,-7.65627349793577e-05,-0.044741108273350205,0.03966981087011503,1954.3171423127076,-2679.631615910097,2316.9743791114024,-362.6572367986947,14383.124169265542,-26083.889157953407,20233.506663609474,-5850.382494343932,6463.10360877625,-10638.638053411461,8550.870831093856,-2087.7672223176055
392,10,18,20.0,-33.33333333333333,0.002539543194520338,-0.0032426524399798667,-0.4233983318634181,0.5406222807561396,0.0004917739558060297,-0.001449286574221896,-0.07171330015402978,0.21134328461138496,-0.00020289924510489548,0.00030850142843894495,0.07638867938094808,-0.11614639913225815,0.00020787916801163694,-0.000165685092249724,-0.10770941347748188,0.08584719805681178,1706.9052726044115,-947.4357766254603,1327.1705246149359,379.7347479894756,11338.078086334162,-17151.527763335787,14244.802924834974,-2906.7248385008124,2833.1068380915085,-2231.484390547659,2532.295614319584,300.8112237719247
351,10,19,26.66666666666667,-33.33333333333333,0.002319850035355171,-0.0029301922811285925,-0.3867705960906839,0.48852822292839093,0.0004255002527570964,-0.0012187015564673759,-0.06204888848083047,0.17771805416958725,-0.00034653735551581666,0.0003112934449738347,0.13046638458577806,-0.1171975536390171,0.00019646407881044638,-0.00021664039961014203,-0.10179485948723045,0.11224891171504715,237.26982977296598,-1313.470121240422,775.369975506694,-538.100145733728,10255.629285313962,-15206.241243580864,12730.935264447413,-2475.305979133451,1750.8720870960162,-1544.3760608512455,1647.6240739736309,103.24801312238537
330,10,20,33.33333333333334,-33.33333333333333,0.0011270552310245813,-0.0011861272514298057,-0.1879051735616877,0.19775379316908046,0.000506969814052262,-0.0013256613290729196,-0.07392924740102058,0.19331554197207995,-0.0003270484255622398,0.00039514555787262414,0.12312907970358448,-0.1487666812832783,0.00022428058385426063,-0.00027046381853237657,-0.11620755640111713,0.14013669354002614,371.10105273201845,-689.0513831286892,530.0762179303538,-158.97516519833536,5966.136391642563,-8879.285087507322,7422.710739574943,-1456.5743479323796,-1653.8785131493942,4093.036088221442,-2873.457300685418,1219.5787875360238
289,10,21,40.0,-33.33333333333333,0.0009384833164644345,-0.0009227789803429668,-0.15646604142432813,0.15384777931671798,0.000550113256904009,-0.0013395423973909697,-0.08022067180521555,0.19533975900715927,-0.0004103006450043941,0.0003944235242421229,0.15447235599537792,-0.1484948458928898,0.0002060068516320714,-0.00023280749186517565,-0.10673930136371779,0.12062564345340264,-601.1958814944409,-178.0421068765008,-211.57688730897002,-389.61899418547085,5370.39904361744,-7910.886866324888,6640.642954971164,-1270.243911353724,-2539.2137587999064,4519.155944714072,-3529.184851756989,989.9710929570826
268,10,22,46.666666666666686,-33.33333333333333,0.00023242283228261645,-0.00038971328544932675,-0.038750055398848106,0.06497387219886311,0.0006057761554341762,-0.0013306023309639877,-0.08833775507611503,0.19403606722050434,-0.00034086857451349947,0.0003766884193455722,0.12833216918126558,-0.14181783119512834,0.00018547312064046194,-0.0002227978714247223,-0.09610006250796656,0.11543931161897326,-449.37887557604824,-35.94841419280786,-206.7152306916202,-242.66364488442804,2858.4282267587555,-5842.534412758012,4350.4813197583835,-1492.0530929996282,-3986.6091889224604,5717.692697986828,-4852.150943454644,865.5417545321836
227,10,23,53.33333333333334,-33.33333333333333,0.00010063413632648295,-0.00026279282197843993,-0.016777948703958323,0.043813408132389445,0.0005804141036639439,-0.0011367098696109176,-0.08463931515336708,0.16576155590396618,-0.00038527469774278424,0.00034811632788824036,0.14505044286512792,-0.13106084522187403,0.0001730481905671958,-0.00018292876146660216,-0.089662274905241,0.09478174169249579,-1029.9324510406361,304.7952426092639,-667.36384682495,-362.56860421568615,2261.860535243826,-4717.504050873427,3489.682293058627,-1227.8217578148008,-4408.291231572317,5147.967576182848,-4778.129403877582,369.8381723052653
206,10,24,60.0,-33.33333333333333,2.359714895379647e-06,-7.32583261898621e-05,-0.00039341695488101736,0.012213792295725159,0.0005424017519910127,-0.0010547873702498522,-0.07909613590831438,0.15381514695593793,-0.0002468893767189833,0.00028418231175548233,0.09295033813949605,-0.1069905976594607,0.00017456954770685154,-0.0001769188837737731,-0.09045054285324877,0.09166781542678269,130.896424438118,-78.89971382241191,104.89806913026496,25.998355307853046,1782.3642380106053,-3731.8092931931606,2757.0867656018827,-974.7225275912776,-3865.868951368648,5073.262335358568,-4469.565643363608,603.6966919949598
165,10,25,66.66666666666669,-33.33333333333333,-7.27586228980195e-05,-2.6283390830105467e-05,0.012130480643200667,0.004382025813615981,0.0005318768801161526,-0.0010423427217022717,-0.0775613386972513,0.15200039689431397,-0.0002935142781853867,0.00030199678432163435,0.1105039502657713,-0.11369749315575965,0.00013418980600885045,-0.00015043671926339214,-0.06952839689574501,0.07794648666493367,-768.061049962043,402.36805573462436,-585.2145528483336,-182.8464971137093,1446.4119725129287,-3503.9949251557273,2475.203448834328,-1028.7914763213994,-3971.9883433751193,5057.502779934302,-4514.74556165471,542.7572182795916
144,10,26,73.33333333333334,-33.33333333333333,-7.840113717827389e-06,-3.008324646199627e-05,0.0013071213267449831,0.005015546259078716,0.00038643880387919,-0.0006858674954505634,-0.05635272386137373,0.10001713386086525,-0.00014971576795304683,0.0001697534612827973,0.05636585680999056,-0.06390976329672367,0.00011592394303307804,-0.00010069277258542548,-0.060064219188095326,0.05217242102869354,217.59599497500304,-8.600803286789644,113.09839913089634,104.4975958441067,1236.029399368671,-2359.3190320781905,1797.6742157234307,-561.6448163547598,-2577.7739961713405,3156.3853745620568,-2867.079685366699,289.3056891953581
103,10,27,80.0,-33.33333333333333,-8.968530471428964e-05,3.892879393496262e-05,0.014952534964015345,-0.006490295754402817,0.00039583169461427167,-0.0007149188265093107,-0.057722449087051604,0.10425356565944503,-0.00019888773746938072,0.00022094648730373843,0.07487840382302208,-0.08318320933262442,0.00011638984512229884,-8.064312225227855e-05,-0.060305619234323614,0.04178400116696422,-223.27117044111233,675.0127295537098,-449.1419499974111,225.87077955629877,946.2032435362208,-2179.4572098731937,1562.8302267047072,-616.6269831684865,-3072.819588957761,3516.968901742413,-3294.8942453500867,222.074656392326
82,10,28,86.66666666666669,-33.33333333333333,2.7955169232871724e-05,-4.156107827635674e-05,-0.004660748454957081,0.00692915609808245,0.0002052616436370878,-0.00036732596872722636,-0.0299324307163228,0.05356558056542439,-6.139015983020283e-05,8.304376062717951e-05,0.023112521852854225,-0.03126479451344573,8.247206627368544e-05,-5.0252534853856137e-05,-0.042731640556293776,0.026037582825820055,524.6371767873743,-38.10482470519343,281.37100074628387,243.26617604109043,785.724481985784,-1361.555270275727,1073.6398761307555,-287.9153941449715,-1350.6608281642825,1554.9866303030449,-1452.8237292336637,102.16290106938118
41,10,29,93.33333333333334,-33.33333333333333,-0.00011211181359798545,6.613747700967454e-05,0.01869153277723048,-0.011026588364385114,0.00032080867422135925,-0.0005751830421284052,-0.04678216175304542,0.08387649174315327,-0.00011804323843925496,0.00015170825866075397,0.04444160001464437,-0.0571160012166978,0.00010421906425744069,-5.39874073073535e-05,-0.05399951515927051,0.027972749900170117,292.36062021179066,456.5021356595577,-82.07075772388353,374.43137793567416,624.2609751098489,-1622.3997637395357,1123.3303694246924,-499.0693943148434,-2443.418760464842,2700.9285922482236,-2572.1736763565327,128.75491589169087
20,10,30,100.0,-33.33333333333333,-4.635932492458094e-05,-1.92227029766954e-05,0.007729130530929646,0.003204852113482574,0.00014352041545936516,-0.00030617760071231304,-0.020928970537285034,0.04464857465730308,-2.5536755754581154e-05,6.320605131915103e-05,0.009614225261201892,-0.02379617916596125,6.800247417403586e-05,-3.194442805526477e-05,-0.03523444257720422,0.016551517127072472,614.8268848779405,36.83057606225617,288.9981544078422,325.8287304700983,301.55843155354927,-1075.150064180372,688.3542478669607,-386.79581631341136,-1104.2770966673238,1228.8794213190895,-1166.5782589932066,62.30116232588284
949,11,0,-100.0,-26.666666666666657,0.001053286957559161,-0.0012656299480207575,-0.17560636171351882,0.21100866089012754,-4.513318057292501e-05,2.4384667483868676e-05,0.006581579376295453,-0.003555912137642006,0.0001324238138639038,-0.0001513407480205204,-0.04985568208704995,0.05697763868877722,-2.0124819937001744e-05,7.981962696541473e-06,0.010427367843001223,-0.004135731967118006,1233.2416454030406,-1615.4963535026725,1424.3689994528565,-191.12735404981595,3899.5766393696954,-4785.307767747201,4342.442203558448,-442.86556418875284,3692.113696686081,-4203.2785762633175,3947.6961364746994,-255.58243978861833
910,11,1,-93.33333333333333,-26.666666666666657,0.0004835092314824947,-0.0005208385289170269,-0.08061174249446774,0.08683536660825232,-2.7245926480528012e-05,3.576201757809608e-05,0.003973157343133901,-0.005215022614380279,0.00011138186339442358,-0.00012248363156628557,-0.04193368707355479,0.04611334485889328,-1.0442764503891919e-05,2.0054988000290265e-05,0.005410758810304171,-0.01039118549237353,985.0224650132564,-977.7517357503392,981.3871003817978,3.6353646314585717,1776.207825298889,-1891.1848197255604,1833.6963225122247,-57.48849721333568,1983.2289678165487,-2231.4911427189513,2107.36005526775,-124.13108745120132
887,11,2,-86.66666666666667,-26.666666666666657,0.0010471624241055048,-0.001381951266211493,-0.17458526577259723,0.23040201170549474,-3.3515824267267275e-05,2.6800610187387218e-05,0.004887469816592477,-0.003908218765935067,0.00014127656179782307,-0.00016585123510994503,-0.05318861574688146,0.062440630654875484,-1.208646097447215e-05,2.0377993114846146e-05,0.00626241501267695,-0.010558545655355774,1405.6505274312403,-1633.8125511725275,1519.731539301884,-114.08101187064358,3917.0077184190964,-5222.685599885693,4569.846659152395,-652.8389407332982,3634.1896836705496,-4682.292584392987,4158.2411340317685,-524.0514503612187
848,11,3,-80.0,-26.666666666666657,0.0004976672338466081,-0.0005903520167323692,-0.08297219637310956,0.09842481105894338,-3.681696193411367e-05,-3.584212582252064e-06,0.005368860653901692,0.0005226704458262832,0.00012176627489637754,-0.00013087118016429038,-0.04584327027763469,0.04927113758657875,-1.6821886759227626e-06,1.562161317394453e-05,0.0008716003502186416,-0.008094100090122925,1176.611221042582,-1140.9928899817755,1158.8020555121789,17.80916553040322,1802.0006379400204,-2288.510911418128,2045.2557746790744,-243.2551367390539,2029.370521560408,-2331.853803090276,2180.612162325342,-151.241640764934
825,11,4,-73.33333333333333,-26.666666666666657,0.0009309941695766167,-0.0013433044467593192,-0.15521743407391012,0.22395872736869588,-3.931287637269438e-05,2.842147685861247e-05,0.005732829219498756,-0.00414458284485975,0.0001672867455257512,-0.00021330145015617156,-0.06298107990516391,0.08030496160322055,-1.5234022286955061e-05,3.4082209497581734e-05,0.007893275796346091,-0.017659175905474528,1552.5311142493376,-1870.0955594496243,1711.313336849481,-158.7822226001433,3456.8536793868197,-5074.452059871875,4265.652869629347,-808.7991902425274,3504.8614607259883,-4937.877085006532,4221.36927286626,-716.5078121402719
786,11,5,-66.66666666666666,-26.666666666666657,0.0006609543252133906,-0.000979782378364211,-0.11019578613078775,0.1633515135649948,-3.591995891090027e-05,2.7410374759627275e-05,0.005238054525835513,-0.00399713813483632,0.0002389767330292512,-0.0002837505075592358,-0.08997134035388012,0.10682802952232755,-2.800686150462117e-05,1.9059162317083993e-05,0.014511327204460162,-0.009875213635790211,1934.563680248212,-2532.1330126990274,2233.3483464736196,-298.7846662254077,2443.4322341574593,-3699.9018916634136,3071.6670629104365,-628.2348287529771,3265.7349008459355,-4241.804583125927,3753.7697419859314,-488.0348411399957
763,11,6,-60.0,-26.666666666666657,0.0010959607664890552,-0.0019268494025454354,-0.18272103475950655,0.3212486499737807,-5.6459362407648205e-05,4.216819721206972e-05,0.008233228203816924,-0.006149208488820911,0.0002667864330232014,-0.00033643211987959833,-0.10044129678678831,0.12666190712365177,-3.843927093425474e-05,4.518718023774716e-05,0.019916720691314414,-0.02341304675529849,2187.006209454674,-2987.190446517719,2587.0983279861966,-400.0921185315226,4043.2340510956087,-7279.538086783613,5661.386068939611,-1618.152017844002,4670.817448672305,-7216.952868515832,5943.885158594068,-1273.0677099217637
724,11,7,-53.33333333333333,-26.666666666666657,0.0008411059942451701,-0.0014340019851144879,-0.1402310760660207,0.23908002419347776,-4.604588217286464e-05,1.9680190815480493e-05,0.006714674760902097,-0.002869878354427951,0.0003540593850832919,-0.00040300268756394595,-0.13329832171115683,0.15172477883822297,-4.7315155622997904e-05,2.9883829279839407e-05,0.024515624675117018,-0.015483849367785218,2756.4002761669376,-3585.8115189663035,3171.1058975666206,-414.70562139968297,3114.033355536056,-5480.077183890785,4297.055269713421,-1183.0219141773644,4506.6411990469815,-6112.2605380717105,5309.450868559346,-802.8096695123645
701,11,8,-46.666666666666664,-26.666666666666657,0.0011017888425863972,-0.0024087744814255243,-0.1836927046656976,0.4015962789966907,-4.1521939136830854e-05,3.905419113011276e-06,0.006054967427903788,-0.0005695106253026756,0.0002995788894690186,-0.00041942116358436,-0.11278719014020225,0.15790610149419834,-7.775155545598712e-05,4.184055444177448e-05,0.04028578002899009,-0.021679043752204648,2021.7228274444465,-3915.0821829247125,2968.4025051845792,-946.679677740133,4113.082178164232,-9262.858894522238,6687.970536343235,-2574.8883581790033,5123.360269404262,-8791.618998610264,6957.489634007263,-1834.1293646030008
662,11,9,-40.0,-26.666666666666657,0.0009238069332002393,-0.00187774290170348,-0.15401916192046441,0.3130615041181811,-1.0692437117744682e-05,7.6009550806588725e-06,0.0015592325363105609,-0.0011084148859879575,0.0004214620883802052,-0.0005002108284750084,-0.15867448064607664,0.1883222610291215,-6.352444594941905e-05,6.197173382791484e-05,0.032914220699165504,-0.032109706646573026,3191.033689051599,-4201.47114170857,3696.2524153800846,-505.21872632848545,3554.317356893359,-7227.506703961464,5390.912030427411,-1836.5946735340526,5116.459919291363,-7992.88593411291,6554.6729267021365,-1438.2130074107736
639,11,10,-33.33333333333333,-26.666666666666657,0.0011889965824374766,-0.003218897767698891,-0.19823217446412328,0.5366618485652522,4.399801421467948e-05,-7.936185673293545e-05,-0.00641604290407583,0.011573001346405029,0.0003615834893926854,-0.0004976066405529823,-0.13613103994735296,0.18734182132309626,-0.00010884525087147883,6.193264685394893e-05,0.05639650304219071,-0.03208945432845599,2260.1257072315134,-4656.653590348976,3458.389648790245,-1198.2639415587312,4732.122436890867,-12645.39817124878,8688.760304069823,-3956.6378671789566,5715.055023163566,-11271.513971649103,8493.284497406334,-2778.2294742427684
600,11,11,-26.666666666666657,-26.666666666666657,0.0010591396059708895,-0.0026181611111729696,-0.17658212837102472,0.4365056870905807,7.158043627460417e-05,-0.00010773029970408531,-0.010438269963490714,0.015709850485473652,0.0004954577002386935,-0.0006301543762900256,-0.18653277586512948,0.23724415823249728,-0.00011326543403474037,7.530794093683801e-05,0.05868675338584847,-0.039019658516478185,3330.8239044098814,-5457.901361577865,4394.362632993873,-1063.5387285839918,4345.588390819719,-10457.702532623302,7401.64546172151,-3056.057070901791,6046.119161334116,-10436.022420302434,8241.070790818274,-2194.9516294841587
577,11,12,-20.0,-26.666666666666657,0.0015313264315988395,-0.004541091858783987,-0.25530617399077943,0.7571010101329823,0.00026166615203243577,-0.0004093508538598759,-0.03815765979330046,0.05969389046446473,0.0004138915426726505,-0.0005290767830953746,-0.15582427788413816,0.19918988230282408,-0.0001374456152109993,8.739080279860792e-05,0.07121534466887834,-0.04528020870392081,2584.0424253378105,-5207.007025786015,3895.524725561913,-1311.4823002241023,6760.611459601973,-18790.162661429757,12775.387060515865,-6014.775600913892,6597.294591805023,-14314.208572907966,10455.751582356494,-3858.456990551472
538,11,13,-13.333333333333329,-26.666666666666657,0.0015470451843611834,-0.0041499147654633604,-0.25792683967306046,0.6918830886057933,0.00034245100511516276,-0.0005851615125269441,-0.04993817063293074,0.08533160955555481,0.0005139664377144344,-0.0006378096582084134,-0.1935010522234253,0.24012626297237533,-0.00011840952686645147,0.00010616915807252273,0.06135208645927267,-0.05500992646242136,3706.205570983306,-5872.187505463975,4789.19653822364,-1082.9909672403344,7104.719977456932,-17884.312878258734,12494.516427857832,-5389.796450400901,6829.231117130983,-13602.061789929368,10215.646453530175,-3386.4153363991927
515,11,14,-6.666666666666657,-26.666666666666657,0.002432182293300994,-0.005772319197855671,-0.40549888184354577,0.9623739909715883,0.0005051152661034171,-0.0010461052382639536,-0.07365880657727346,0.15254906864957224,0.00034315161114151563,-0.00038073533825414425,-0.12919169999372537,0.14334143859360726,-0.00010857362461579595,9.25275601506168e-05,0.056255764049608976,-0.04794174101065992,2709.211540099604,-4545.720620016067,3627.466080057836,-918.2545399582316,11001.98638834662,-25570.483564737322,18286.23497654197,-7284.248588195351,7792.937116284569,-15319.789033708892,11556.36307499673,-3763.4259587121614
476,11,15,0.0,-26.666666666666657,0.0026334259715620244,-0.005946186580273958,-0.43905067881932913,0.9913615505611255,0.0005045551909392505,-0.0009847132692910518,-0.07357713320298738,0.1435965394519156,0.0004325928091652592,-0.00045746537790719344,-0.16286503867840826,0.1722292069779303,4.026408207624521e-05,-5.970859346011891e-05,-0.0208622186923453,0.030937095057042004,5271.42392957101,-7002.953306757923,6137.188618164467,-865.7646885934564,11808.877613115592,-26071.359737109542,18940.118675112568,-7131.241061996975,7647.408012082713,-15150.639377473666,11399.023694778189,-3751.6156826954766
453,11,16,6.666666666666671,-26.666666666666657,0.003149799536542401,-0.005489080201250624,-0.52514163663521,0.9151517507907531,0.0006590017020424178,-0.0014181072442089725,-0.09609940970364204,0.20679653579433238,0.00019695084281202367,-0.00015901544108362338,-0.07414919053837418,0.05986705144850176,9.904183213800824e-05,-0.0001477990424173902,-0.05131701147044666,0.07657981472400067,4159.328259391355,-5489.595977514854,4824.462118453104,-665.1338590617497,14266.120783922817,-25714.8605907407,19990.49068733176,-5724.369903408941,6957.067550288948,-10731.059159044127,8844.063354666538,-1886.9958043775896
414,11,17,13.333333333333343,-26.666666666666657,0.0033653581885559353,-0.005847632590813126,-0.5610800581112407,0.9749304086036906,0.000526967639403507,-0.0013288607672644513,-0.0768454450461178,0.19378210240832247,-4.7371070089033845e-05,4.561100908455001e-05,0.017834533997861175,-0.017171896067922514,8.799737529276956e-05,-5.8668602393921916e-05,-0.045594494970325666,0.030398239582328786,1941.746828564066,-2773.3610468577754,2357.5539377109208,-415.8071091468547,14617.92719684106,-26747.531491493577,20682.729344167317,-6064.802147326259,6631.205601694327,-11483.31324813442,9057.259424914373,-2426.0538232200465
391,11,18,20.0,-26.666666666666657,0.0026646577143103582,-0.003431544942659694,-0.4442577049527553,0.5721148620631691,0.0004989549853350357,-0.001473951131402703,-0.07276047908644091,0.21494001187070955,-0.00018829381219893424,0.00029251004448906825,0.07088994166560257,-0.11012587056512008,0.00020169000570470264,-0.00015392413746812662,-0.10450259362933087,0.07975343910261909,1805.006951752724,-1021.2359845266899,1413.1214681397068,391.8854836130171,11841.68922511937,-17955.940271009764,14898.814748064568,-3057.125522945197,3265.975090054607,-2840.0357041352954,3053.005397094951,212.96969295965573
352,11,19,26.66666666666667,-26.666666666666657,0.002459081846505047,-0.0031936271845259935,-0.40998363562881013,0.5324486803136914,0.0004159280569739268,-0.0012496963940764247,-0.0606530159641445,0.1822378992456446,-0.0003444203568496829,0.0002879870016148271,0.12966936470394663,-0.10842300926680394,0.00018823670542913434,-0.00021844823697061638,-0.0975319717248946,0.11318561501062928,201.6768768964622,-1634.7924340592713,918.2346554778667,-716.5577785814046,10755.967553720671,-16320.112049165567,13538.03980144312,-2782.072247722448,2209.448237414244,-2266.9404702112984,2238.194353812771,-28.746116398527192
329,11,20,33.33333333333334,-26.666666666666657,0.0012877568424583252,-0.0012676519205392387,-0.21469770631152413,0.21134576867913693,0.0004999063190846582,-0.0013090040470912594,-0.07289920803279495,0.19088648152998472,-0.0003259510863571871,0.0003853628098048694,0.12271594710339379,-0.14508361580303974,0.0002397730407338148,-0.0002771681267205464,-0.12423473613145232,0.14361042835254775,609.9476471123121,-870.6905787870896,740.3191129497009,-130.37146583738877,6560.685732200013,-9139.170911273333,7849.928321736674,-1289.24258953666,-1331.8257641429282,3842.566142015228,-2587.195953079078,1255.3701889361498
290,11,21,40.0,-26.666666666666657,0.0010574583783762473,-0.0010066899898744227,-0.1763018303392408,0.16783761084911852,0.0005353393490983136,-0.0013330799986510705,-0.07806625579271796,0.1943973749400937,-0.0004182728349593133,0.0003822897770964426,0.15747377210274444,-0.14392666270461976,0.0001954787607062744,-0.00022836327394929127,-0.10128433197211567,0.11832293987004393,-759.2176336127881,-255.75717277385826,-251.7302304194649,-507.4874031933232,5774.192716559234,-8211.89967909064,6993.046197824937,-1218.853481265703,-2156.5033010883963,4188.432495309893,-3172.4678981991447,1015.9645971107484
267,11,22,46.666666666666686,-26.666666666666657,0.00027006920750620407,-0.0004587392347034866,-0.04502654343211501,0.07648203312818343,0.0005854181956322005,-0.0013045598482746856,-0.0853690405588733,0.19023840295665975,-0.0003252122438006477,0.0003812040892668993,0.1224377833914721,-0.1435179166815584,0.00020785804610022696,-0.00022453279625201964,-0.10769846948193267,0.11633823639995593,-51.27233276924178,-28.72178942558079,-11.275271671830494,-39.99706109741128,2941.7538526688068,-6020.729074951798,4481.241463810302,-1539.4876111414956,-3931.1040416663645,5514.829279710629,-4722.966660688497,791.8626190221321
228,11,23,53.33333333333334,-26.666666666666657,0.00016203723704329644,-0.000276212749731368,-0.027015211244259672,0.046050808558016194,0.0005690226020991013,-0.0011595654274669488,-0.08297814102797912,0.16909448450127448,-0.0003891567156949299,0.0003424224858790391,0.14651196739935787,-0.12891719470478222,0.00015359956155438226,-0.00018003788094180128,-0.07958526505404696,0.09328387613560483,-1273.641506702619,275.13851407271943,-774.3900103876692,-499.25149631494975,2455.5786490275364,-4844.344859180282,3649.961754103909,-1194.3831050763727,-4093.7455641132156,5113.7985190880745,-4603.772041600645,510.0264774874295
205,11,24,60.0,-26.666666666666657,-2.3599091778294073e-05,-9.660535856712375e-05,0.003934493460863791,0.01610626184844756,0.0005569105131109562,-0.0010493498838061437,-0.08121188670961954,0.15302222148109856,-0.00028028696622390203,0.0003203395658874339,0.10552405548116889,-0.12060328947481566,0.0001581977330411565,-0.00016843730018214353,-0.08196773732698587,0.08727321252956735,-348.901903390503,325.48349848228804,-337.1927009363955,-11.70920245410747,1722.830967901618,-3796.3287882383993,2759.579878070009,-1036.7489101683907,-4016.0683644395035,5123.8754934176195,-4569.971928928561,553.903564489058
166,11,25,66.66666666666669,-26.666666666666657,-6.0366824622772814e-05,-2.642810917763787e-05,0.010064492267870668,0.004406153580793741,0.0005682231577671975,-0.0010653782444016461,-0.08286156146809517,0.1553595689977606,-0.00028959752881911637,0.0003032849411745167,0.10902934984820503,-0.11418246588582738,0.00013730152869908583,-0.0001263157861924233,-0.07114068844508901,0.0654485938820541,-678.669315835183,683.3412167940561,-681.0052663146196,2.3359504794365193,1614.3716842132003,-3576.006793055183,2595.1892386341915,-980.8175544209914,-4026.7164813857116,4932.46802953143,-4479.59225545857,452.87577407285926
143,11,26,73.33333333333334,-26.666666666666657,-3.371776331361764e-05,-8.593068598462177e-06,0.005621501052612607,0.0014326556516255657,0.0004174292276855033,-0.000761082265995141,-0.06087192529138871,0.1109853833022962,-0.00018521974798040104,0.00020896093768379588,0.06973260021830158,-0.07867082040456849,0.00012938204720907602,-0.00011357895335225944,-0.06703733016011175,0.05884919862808626,72.68885213983737,154.52140166401367,-40.91627476208815,113.60512690192552,1235.6151942942697,-2520.3313145365873,1877.9732544154285,-642.3580601211588,-3004.745074892139,3688.685588720834,-3346.7153318064866,341.9702569143474
104,11,27,80.0,-26.666666666666657,-0.00010700401760563522,5.99916828742975e-05,0.01783994958410893,-0.010001947794967237,0.00043985662392499064,-0.0007728577456460867,-0.06414241690487726,0.11270255131555922,-0.0002191999179825686,0.00025247929408504674,0.08252565082952369,-0.0950548625068561,0.0001211027764526534,-8.8812879329398e-05,-0.0627475525661124,0.04601703592194641,-330.4179281582963,833.9803330991036,-582.1991306287,251.78120247040366,1022.239578461152,-2285.73477660809,1653.987177534621,-631.7475990734691,-3361.331985309751,3932.2668009079644,-3646.7993931088577,285.4674077991067
81,11,28,86.66666666666669,-26.666666666666657,-4.556497463561367e-06,-2.186308977934719e-05,0.0007596694670815248,0.0036450633176586477,0.00024501362512691365,-0.00043186259013403786,-0.03572929276369347,0.06297668102577315,-9.657564939075076e-05,0.00011497804755197092,0.0363593581311896,-0.04328759925032858,8.795909659411395e-05,-5.026116662415081e-05,-0.04557466144770618,0.02604205524566185,291.584951326527,215.71056702981343,37.937192148356786,253.64775917817022,787.4260819862429,-1493.3087353784929,1140.367408682368,-352.941326696125,-1752.4734931353976,1921.6203526280683,-1837.0469228817328,84.57342974633536
42,11,29,93.33333333333334,-26.666666666666657,-0.0001408834106709362,0.00010237896934587462,0.023488397911093514,-0.0170688511746801,0.00036600530889644415,-0.0006443548617019641,-0.05337299437063287,0.09396352339806996,-0.00015215442194653814,0.00016155476108605521,0.05728397534677254,-0.06082306930559685,0.00010689404377153528,-5.721054998658536e-05,-0.05538551490750541,0.029642772013760973,39.49518005763564,486.2858080846822,-223.39531401352326,262.8904940711589,657.8594688314113,-1709.9964699814795,1183.9279694064453,-526.0685005750341,-2820.9165485364515,3030.572356738675,-2925.744452637563,104.8279041011117
19,11,30,100.0,-26.666666666666657,-4.812177582975893e-05,-1.736024076498515e-05,0.008022970295046939,0.00289433824024022,0.00016567351888578912,-0.0003375825807020064,-0.024159463198813916,0.04922822904880261,-5.393959750265658e-05,6.618479462656332e-05,0.020307491126631137,-0.024917633646240004,7.760348856943324e-05,-2.9042490934238402e-05,-0.04020906143492075,0.015047922763847078,490.47510309705996,83.34892758867143,203.56308775419427,286.9120153428657,364.84293325839866,-1170.2621953730325,767.5525643157156,-402.70963105731687,-1381.5439671630047,1299.3814908394618,-1340.4627290012331,-41.081238161771466
948,12,0,-100.0,-20.0,0.0009839323839567172,-0.0012079948891846825,-0.16404341179648868,0.20139961473541024,-3.949468409243493e-05,2.987232111842199e-05,0.0057593414644481755,-0.004356153280121899,0.0001332197528491282,-0.00015225301321356195,-0.050155341792130034,0.05732109355626884,-1.5728397017765708e-05,7.055206426169564e-06,0.008149428506610556,-0.0036555473710706086,1270.7355059644235,-1612.8483465506363,1441.79192625753,-171.05642029310638,3653.5399307613693,-4547.004773953092,4100.27235235723,-446.7324215958613,3469.064438270474,-4063.4919389548886,3766.2781886126813,-297.2137503422073
911,12,1,-93.33333333333333,-20.0,0.00039397835923822577,-0.0004119721374098869,-0.0656849548578983,0.06868491787417638,-1.8089515465003773e-05,3.671967626152995e-05,0.002637916947139951,-0.005354673898876716,9.762747321239579e-05,-0.00010832770263224586,-0.036755354837019374,0.040783838994429354,-1.908931251120501e-05,4.641955607826871e-06,0.009890835498029072,-0.0024051583460231642,740.8294010470629,-998.4867615731778,869.6580813101203,-128.82868026305744,1460.1045610935141,-1471.810998590874,1465.9577798421942,-5.8532187486799785,1723.286936602161,-1758.4427511030476,1740.8648438526043,-17.57790725044333
886,12,2,-86.66666666666667,-20.0,0.0010173195580200024,-0.0013217768916017527,-0.1696097962685191,0.2203696051350286,-3.292355564503158e-05,3.7744838824887754e-05,0.004801101807516871,-0.005504168986497319,0.00015758559225169172,-0.00015693731159374146,-0.0593287337040016,0.059084665258584614,-7.0877814462209926e-06,1.8903607446051106e-05,0.0036724256198019107,-0.009794615257016732,1594.5251373197023,-1549.740430784358,1572.1327840520303,22.392353267672092,3808.08278529326,-4955.320820981954,4381.7018031376065,-573.6190178443471,3602.0406422859514,-4492.964775537754,4047.5027089118526,-445.4620666259011
849,12,3,-80.0,-20.0,0.000420066584516511,-0.00048216941113823187,-0.07003444223339825,0.08038836464447426,-2.9622850257834485e-05,1.8972207756678774e-05,0.004319774007706644,-0.002766636202214747,0.00010853680614103663,-0.00012123570360752145,-0.04086256349082751,0.04564351773517347,-8.379725652058716e-06,1.0686573888519823e-05,0.004341826762722698,-0.005537084916328932,962.6202991784321,-1070.137657190577,1016.3789781845046,-53.7586790060725,1525.512887469994,-1799.734975948118,1662.623931709056,-137.11104423906204,1792.8546521211433,-2014.0053261420542,1903.4299891315986,-110.57533701045543
824,12,4,-73.33333333333333,-20.0,0.0009281058739525408,-0.0013167457047117562,-0.15473589095552534,0.21953079438311304,-2.9936617028318877e-05,2.403554478840869e-05,0.00436552927864861,-0.003505001062839213,0.0001748613586652011,-0.00021714635718792888,-0.06583281399734853,0.08175251440385627,-3.230183824717873e-05,1.869560618271623e-05,0.01673670375500708,-0.009686842581713736,1422.8554946042236,-2074.8169535436596,1748.8362240739416,-325.98072946971797,3474.918254935451,-4990.381631748308,4232.649943341879,-757.7316884064285,3645.7874731161855,-4761.059730791539,4203.423601953862,-557.6361288376766
787,12,5,-66.66666666666666,-20.0,0.0005793961203038175,-0.0008364094147198112,-0.09659821945698667,0.13944805180370787,-3.325006328938047e-05,5.688094882321225e-06,0.004848715025795988,-0.0008294706354099714,0.00021777359738406603,-0.00024833147473341904,-0.08198866141471771,0.09349326752695475,-1.584806751511825e-05,3.0744123969037946e-05,0.008211433945653296,-0.015929597911411197,1867.3795449612155,-2053.8393790243335,1960.6094619927744,-93.22991703155901,2138.859850622048,-3215.1999987787717,2677.0299247004095,-538.170074078362,2843.5401458443416,-3722.8425621310994,3283.1913539877205,-439.6512081433789
762,12,6,-60.0,-20.0,0.001014588079241468,-0.0018489497790182016,-0.16915439800600987,0.30826105018599737,-4.7498865079359246e-05,2.9528590542794562e-05,0.0069265570658959405,-0.004306028515174384,0.0002650636470429884,-0.00032823330246579995,-0.09979269237322114,0.12357516900197077,-3.4827225826963226e-05,3.899942097474855e-05,0.018045194728988075,-0.020206953872917287,2191.1879669924547,-2968.1892846851374,2579.688625838796,-388.50065884634137,3761.601332739813,-7022.720878481232,5392.161105610523,-1630.5597728707094,4401.670514897867,-6894.88060716961,5648.275561033739,-1246.6050461358714
725,12,7,-53.33333333333333,-20.0,0.0007670073743824792,-0.0013261431688849459,-0.12787718812627627,0.2210975606674039,-2.1467257635962135e-05,1.3377439775418466e-05,0.0031304786928140213,-0.0019507750310499027,0.0003384226296190341,-0.00035975744690656166,-0.12741130572398568,0.13544356092821525,-4.495322266161821e-05,3.701184148584352e-05,0.023291825213262823,-0.019177119940842622,2635.3193640696054,-3098.0510630754216,2866.6852135725135,-231.36584950290808,2909.2081532730717,-5080.186169756707,3994.6971615148896,-1085.4890082418178,4157.4034329666565,-5645.579936074491,4901.4916845205735,-744.0882515539174
700,12,8,-46.666666666666664,-20.0,0.0010742793528777973,-0.0023247640787589685,-0.179106260899682,0.38758987641809145,-2.1216694700471717e-05,-4.375534607066854e-06,0.0030939401677698313,0.0006380655642827409,0.00029937443947740817,-0.0004029580513084679,-0.11271021762682255,0.15170797392302127,-4.871450894223547e-05,4.4753380403773826e-05,0.02524067820840039,-0.023188280001944537,2356.3746141706156,-3715.50215797016,3035.938386070388,-679.5637718997723,4079.3343478647344,-8965.547815038075,6522.441081451405,-2443.10673358667,4781.926419611912,-8490.092513374368,6636.00946649314,-1854.0830468812278
663,12,9,-40.0,-20.0,0.0008851747511644521,-0.0017950567326301089,-0.14757831796652424,0.2992758807315096,-2.5819540148225834e-05,-8.815706397438839e-06,0.003765153503206399,0.0012855568935388922,0.00043620548576278997,-0.0005124832668430678,-0.16422516002421791,0.19294265948962577,-5.39653856177682e-05,5.5303523520111114e-05,0.027961339698312455,-0.028654675399007942,3409.727213118852,-4364.36316365497,3887.045188386911,-477.31797526805894,3360.631054847799,-6968.002324544508,5164.316689696154,-1803.6856348483545,5054.564969148144,-7752.858985900172,6403.711977524158,-1349.1470083760141
638,12,10,-33.33333333333333,-20.0,0.0011777517570975432,-0.0031796865577301226,-0.1963574119866445,0.5301244677768705,7.794866630571624e-06,-4.866176558982076e-05,-0.0011366921809078032,0.007096137891336999,0.000377456214515302,-0.0005168321017265227,-0.14210689515404257,0.19457993395765633,-8.805009619366836e-05,6.594144838523881e-05,0.045621811499288754,-0.03416655356746531,2618.8546929527765,-4749.7464175780215,3684.300555265399,-1065.4458623126225,4576.0508476543955,-12396.752891217693,8486.401869436044,-3910.351021781649,5692.990585039033,-11371.082238616598,8532.036411827816,-2839.0458267887825
601,12,11,-26.666666666666657,-20.0,0.0009983553169341602,-0.0024639274936555126,-0.1664480355006272,0.4107915127796035,4.280747055824313e-05,-9.994310034939384e-05,-0.006242430996465638,0.014574276390731385,0.0004922697362054303,-0.0006051882097277152,-0.18533255275789695,0.22784475168510618,-0.00010300494323855237,5.810598177606485e-05,0.05337043691114215,-0.030106726308827853,3390.1533556454488,-5388.497079266034,4389.325217455742,-999.1718618102927,4019.6586922386527,-9840.910936214646,6930.284814226649,-2910.626121987997,5858.964395379519,-9790.431660850234,7824.698028114877,-1965.7336327353573
576,12,12,-20.0,-20.0,0.0015157008681797363,-0.0045992864731529606,-0.2527010450446171,0.7668033466399665,0.0002315190603181804,-0.0003332069778402569,-0.03376143788819372,0.04859015353123039,0.0004341080037367233,-0.0005691990917429748,-0.16343548787973225,0.21429536073730754,-0.0001179331324486756,7.069377169911155e-05,0.06110524997337855,-0.03662889725340859,2966.445780017636,-5732.762768727928,4349.604274372782,-1383.158494355146,6608.124426141826,-18771.644988840017,12689.88470749092,-6081.760281349096,6582.366342590144,-14722.847034395467,10652.606688492806,-4070.2403459026614
539,12,13,-13.333333333333329,-20.0,0.0014905312898031732,-0.004021380145998102,-0.2485047165390273,0.6704535088350234,0.00028780205262904086,-0.00048032816901789926,-0.041968946792442605,0.07004420984588018,0.0005166951687600032,-0.0006381697138437934,-0.1945283806437407,0.24026181879702183,-0.0001158472178805128,6.82455667862186e-05,0.06002446522303564,-0.035360397298542366,3717.56026268391,-6228.225492641477,4972.8928776626935,-1255.3326149787836,6709.739577927423,-17054.37083863057,11882.055208278996,-5172.315630351573,6802.499552218746,-13220.578104921547,10011.538828570147,-3209.0392763514005
514,12,14,-6.666666666666657,-20.0,0.002306941732771683,-0.005617700967320304,-0.3846184949597286,0.936595693116445,0.00046685464940260255,-0.0009266078997378537,-0.06807942390124978,0.13512328104094584,0.0003730027516863656,-0.0004008442175028855,-0.14043022975295288,0.1509121455661648,-0.00011119867406638421,7.676803690816661e-05,0.057615893298617805,-0.039776184926492646,2878.398753748541,-4799.941143861711,3839.169948805126,-960.7711950565849,10401.130110959744,-24591.870711239735,17496.50041109974,-7095.370300139995,7730.762976323508,-15176.679773034957,11453.721374679233,-3722.9583983557245
477,12,15,0.0,-20.0,0.002559552498565557,-0.005849884302328478,-0.42673432786961857,0.9753058189930451,0.0004990489492797884,-0.000938240840862435,-0.07277418144805269,0.13681966326837372,0.0004540794577073068,-0.0004997811459075018,-0.17095445619004587,0.18816049165502713,5.148713726409994e-06,-3.6223391796393006e-05,-0.0026677273193821726,0.018768596785687108,5022.587558340746,-7043.527505875126,6033.057532107936,-1010.4699737671899,11505.508056757428,-25552.69887934881,18529.10346805312,-7023.595411295691,7848.333242237669,-15407.280524261976,11627.806883249823,-3779.4736410121536
452,12,16,6.666666666666671,-20.0,0.0030589695991132134,-0.005451738032603791,-0.509998265940135,0.9089259807596124,0.000603045240127469,-0.0012891185461940686,-0.08793951733543572,0.18798666368132266,0.0002114838004113618,-0.00019344592385540937,-0.07962064233179422,0.07282963841143254,0.00011045159892253229,-0.00011245975130565563,-0.057228807731855326,0.05826930119461305,4363.126520020864,-5308.921674078314,4836.024097049589,-472.8975770287252,13738.80644157423,-25147.541399390622,19443.173920482426,-5704.367478908196,6837.967667346188,-11380.63250355591,9109.300085451048,-2271.3324181048606
415,12,17,13.333333333333343,-20.0,0.00337300624965665,-0.006005060145572245,-0.5623551599953195,1.001177083288402,0.0005209919647968044,-0.0013274333116088074,-0.07597403788509624,0.19357394263352926,-1.841761293527777e-05,2.4214348077511532e-05,0.006933969265129565,-0.009116357583072526,6.675760819240247e-05,-3.8306286769999764e-05,-0.03458943429656546,0.019847816979265236,1944.6863137132589,-2772.49010946497,2358.5882115891145,-413.9018978758555,14628.4589091382,-27345.19596275788,20986.827435948042,-6358.36852680984,6978.417002880805,-12163.956406361942,9571.186704621374,-2592.7697017405685
390,12,18,20.0,-20.0,0.0027983561184375754,-0.0036909558812038695,-0.4665482024731004,0.6153644350114539,0.0005079132985135199,-0.0015203077771400752,-0.07406683171910418,0.22170000395782496,-0.00020060926922707862,0.00024782404209170323,0.07552653603965462,-0.09330222635597643,0.00018663197392870045,-0.0001298364809391779,-0.09670050462622456,0.06727278805135614,1572.003230961444,-1231.5552681313359,1401.77924954639,170.22398141505403,12378.378370517063,-19103.839185611083,15741.108778064074,-3362.73040754701,3644.35952725798,-3826.352668204195,3735.3560977310876,-90.99657047310757
353,12,19,26.66666666666667,-20.0,0.0026038870471226656,-0.003425924881248916,-0.43412588314755235,0.5711778728316302,0.00042294443345978875,-0.0012949633310733698,-0.061676184244985215,0.1888389837512175,-0.00033890221148789954,0.0003019318812369229,0.12759186147518492,-0.11367305806766313,0.00017139586232632094,-0.00018833011460414262,-0.08880614628302644,0.0975803702611683,104.3783285385941,-1260.932943948872,682.655636243733,-578.2773077051389,11331.220531919276,-17350.665868349228,14340.943200134252,-3009.722668214976,2727.963402067933,-2925.1560475499505,2826.5597248089416,-98.59632274100863
328,12,20,33.33333333333334,-20.0,0.0013788852904560753,-0.001359752354802198,-0.2298908453574765,0.22670095945319998,0.00047091136639276017,-0.0012701049305973288,-0.0686709976511819,0.18521398915026197,-0.0003286933676945984,0.0003692809928951688,0.12374837701582433,-0.13902904051300782,0.0002263960080964861,-0.0002579657166678148,-0.117303631138021,0.1336609930920697,448.7141233323634,-800.0826940839883,624.3984087081758,-175.68428537581244,6811.514454650398,-9363.094769840653,8087.304612245525,-1275.7901575951273,-939.8169197116632,3282.4165648609082,-2111.116742286286,1171.2998225746226
291,12,21,40.0,-20.0,0.0011990537679929557,-0.0011611550022050713,-0.1999089309755379,0.19359036382184813,0.0005385381729977115,-0.0013400497571895219,-0.0785327266493566,0.1954137451243379,-0.00042300262527949085,0.0003829223155035769,0.15925447087331093,-0.1441648044165504,0.00020659489479600787,-0.0002297551240335741,-0.1070439869408868,0.11904410571682227,-623.196234884955,-320.10879044908023,-151.54372221793736,-471.6525126670176,6327.715087844775,-8826.068128160161,7576.891608002468,-1249.1765201576932,-1904.7943035864143,3816.1542917665497,-2860.474297676482,955.6799940900677
266,12,22,46.666666666666686,-20.0,0.00034406574077255767,-0.00046992959472483194,-0.05736341126576789,0.0783477150257042,0.0005829398681498655,-0.0013203655848509574,-0.08500763662415421,0.1925432861613669,-0.00033209819500585285,0.00037242859909554824,0.12503024606217022,-0.14021406947028148,0.00019848886946457898,-0.00023094993794788124,-0.10284397381579607,0.11966318028382049,-196.01086313811268,-189.13067814211794,-3.4400924979973695,-192.5707706401153,3214.173204941175,-6117.902229809293,4666.037717375234,-1451.8645124340592,-3697.018198549434,5525.310812300058,-4611.1645054247465,914.1463068753121
229,12,23,53.33333333333334,-20.0,0.00021031178952674306,-0.00028816112039255275,-0.0350636528053432,0.048042867687920834,0.0005886435478511111,-0.0012295776669328216,-0.08583937992728921,0.17930407100742185,-0.0004052689152659245,0.00033225014347742875,0.15257798132914976,-0.12508745250013226,0.00017349111018674483,-0.0001753565486009341,-0.0898917669360953,0.09085831533722918,-1157.4695193237574,208.0448128282325,-682.757166075995,-474.71235324776245,2705.6382942895975,-5120.8759562247515,3913.2571252571743,-1207.618830967577,-4249.37932099888,5154.933682086503,-4702.156501542691,452.7771805438115
204,12,24,60.0,-20.0,1.3244322911387473e-06,-0.00011150134723221984,-0.00022081231929591404,0.018589754456829557,0.0005537389683325645,-0.0010624711410106345,-0.08074939385094028,0.15493563849961797,-0.00028962927119827577,0.00032212725495235834,0.10904130040239829,-0.12127632897647934,0.00015009727413403494,-0.0001756277630937239,-0.07777060835956733,0.09099884098116166,-516.474804703197,246.99557524793113,-381.7351899755641,-134.73961472763295,1805.006478483423,-3897.3717599539536,2851.1891192186886,-1046.1826407352653,-3930.708349518721,5179.588595691334,-4555.148472605028,624.4401230863066
167,12,25,66.66666666666669,-20.0,-5.1695469028071446e-05,-1.819874615617447e-05,0.008618784432810778,0.003034135737937476,0.0005797218874365495,-0.001130726550479895,-0.0845383722109836,0.16488903397454213,-0.00029220014603257346,0.000291897491590229,0.11000919820479862,-0.10989525311275296,0.00012576092806764093,-0.00013359982603426386,-0.0651611026256903,0.06922270778974174,-827.1782776609374,475.61907578340686,-651.3986767221721,-175.77960093876527,1683.0095370515078,-3762.179223551134,2722.5943803013206,-1039.584843249813,-3955.961078172794,5100.547103774625,-4528.254090973709,572.2930128009154
142,12,26,73.33333333333334,-20.0,-4.669161414635091e-05,-1.5246999650206728e-05,0.007784530534559107,0.0025420139463463447,0.0004436657356825187,-0.0007972089228329398,-0.06469788343896839,0.11625357970591496,-0.00021376785682777796,0.000237865480159477,0.08048055708007931,-0.08955296945685458,0.00013463545546388118,-0.0001172787954588188,-0.0697593033491287,0.06076621526360834,-105.27409531160943,342.91200016660855,-224.09304773910898,118.81895242749957,1268.661744658976,-2660.672981924633,1964.6673632918046,-696.0056186328285,-3288.1289387163965,3933.702267920783,-3610.91560331859,322.78666460219324
105,12,27,80.0,-20.0,-0.0001185687687387189,8.917922101017634e-05,0.019768050806694373,-0.014868159554860195,0.00047147899507500466,-0.0008329951480713782,-0.06875377252281803,0.12147213242023579,-0.00021531324651324034,0.0002441799630444811,0.08106237431227444,-0.09193028243458248,0.00010985057760219884,-9.973993799843929e-05,-0.05691739772132001,0.051678724351498846,-417.7554554067518,619.6981667383978,-518.7268110725748,100.97135566582301,1080.5945994018975,-2374.714786288023,1727.6546928449602,-647.0600934430627,-3357.9204531473847,4186.90539614638,-3772.412924646882,414.49247149949747
80,12,28,86.66666666666669,-20.0,-1.986884666505624e-05,1.36250061251959e-05,0.0033125786370504194,-0.00227159155137993,0.0002913667671239676,-0.000511688009911614,-0.042488773915290344,0.07461728179538502,-0.00011482438771135503,0.00014438378672190967,0.04322974850626856,-0.05435844172808623,8.641477223526448e-05,-6.330633361946632e-05,-0.04477449338612652,0.032801209129241865,131.28610178903438,295.21081259770585,-81.96235540433574,213.24845719337011,878.061853130752,-1617.4301496373691,1247.7460013840605,-369.6841482533086,-1982.510101382637,2451.0289430087064,-2216.769522195672,234.2594208130347
43,12,29,93.33333333333334,-20.0,-0.00015434959089344043,0.00012285724473179454,0.025733509652088073,-0.020483035133648297,0.00038871885151200254,-0.0007233064395448888,-0.05668521349065752,0.10547669552245371,-0.00016568475172324448,0.00018101212448606022,0.062377952028139595,-0.06814848982942961,0.00010237291769735511,-5.7245138069673883e-05,-0.05304296253746496,0.02966069330033533,-124.17912214576278,626.4656934795391,-375.32240781265097,251.14328566688818,678.1192758485763,-1888.0430229866574,1283.0811494176169,-604.9618735690406,-2944.3417756112344,3367.4756067935227,-3155.9086912023786,211.56691559114415
18,12,30,100.0,-20.0,-9.369542694296014e-05,4.25674392886421e-05,0.015621111527647369,-0.007096938861050764,0.0002646943392282858,-0.00047180325031486716,-0.03859924742667289,0.06880105728255011,-8.627735726090676e-05,0.00010210967766381953,0.03248219764559342,-0.03844284105010339,8.932599689712071e-05,-3.0961992291349495e-05,-0.04628289994667309,0.01604248305250521,375.26777625566154,332.8321608071516,21.217807724254982,354.04996853140653,512.7630938185276,-1376.7119447199432,944.7375192692355,-431.97442545070777,-1986.5961257320034,1966.6190622636695,-1976.6075939978364,-9.98853173416694
947,13,0,-100.0,-13.333333333333329,0.0008490000213428104,-0.0010579941563866031,-0.1415471859522543,0.17639115644967013,-4.3501051879266036e-05,3.250599625566819e-05,0.006343573004635266,-0.004740210901302713,0.00011851809646070363,-0.00012685682415427863,-0.04462037730449166,0.047759789656174986,-2.4816583604513485e-05,1.1440511747269627e-05,0.012858333473835188,-0.005927726293919322,992.7502048918559,-1292.9575757004152,1142.8538902961354,-150.10368540427964,3120.2207348310126,-3959.6736352107096,3539.947185020861,-419.7264501898485,3119.6139338726234,-3579.852161026625,3349.733047449624,-230.1191135770007
912,13,1,-93.33333333333333,-13.333333333333329,0.0003431583754994543,-0.0003331706238422178,-0.05721213329426037,0.05554695295794451,-3.3770641744566007e-05,3.973418976953538e-05,0.00492462876333675,-0.005794267556624706,8.242258055291228e-05,-8.452275857130129e-05,-0.031030929052258318,0.03182161619950075,-1.5062896678343742e-06,-9.749630299144843e-07,0.0007804609677894672,0.0005051621916653004,790.4629498964762,-831.5039556903104,810.9834527933933,-20.520502896917094,1214.7002567001366,-1157.620647011946,1186.1604518560412,28.53980484409533,1413.2284883226484,-1392.9399706504605,1403.0842294865545,10.144258836093968
885,13,2,-86.66666666666667,-13.333333333333329,0.0009639732401076172,-0.0012626160090533059,-0.1607157786105814,0.21050617023200027,-2.636594162454858e-05,2.3459520780350905e-05,0.0038448329018681564,-0.0034210019366185712,0.00014062742545535283,-0.0001548065633667685,-0.05294422514841548,0.058282468862695544,-1.800662010786147e-05,2.8557815507150126e-05,0.009329854978162215,-0.014796795599552751,1307.1535275364847,-1406.105784921668,1356.6296562290763,-49.4761286925916,3621.047561903764,-4773.909085102361,4197.478323503063,-576.4307615992986,3442.958739220254,-4368.696997666407,3905.8278684433303,-462.86912922307647
850,13,3,-80.0,-13.333333333333329,0.00034365335419535883,-0.00038937410803161106,-0.05729465725156344,0.06491732377977089,-2.4653909450507276e-05,2.3308200151643944e-05,0.0035951745461930413,-0.0033989354942260035,0.0001049919630546538,-0.00010036130319996528,-0.039527980496980114,0.037784602936461555,-7.68665244921991e-06,1.7589031531526343e-05,0.0039827214762778885,-0.00911348784016484,917.1817599876152,-778.0336383137309,847.607699150673,69.57406083694218,1248.9786128060318,-1426.008155616964,1337.4933842114979,-88.51477140546604,1558.6136209653273,-1726.1116002948663,1642.3626106300967,-83.74898966476951
823,13,4,-73.33333333333333,-13.333333333333329,0.0008630739082371923,-0.001269353702333966,-0.143893615911301,0.21162949355321578,-2.273219889514623e-05,1.9947453396358364e-05,0.003314939685768405,-0.002908852117589161,0.00017318680750412978,-0.00020408250441306266,-0.06520236930701004,0.07683415967768047,-1.7480249875146072e-05,2.292238278966056e-05,0.009057124287636229,-0.011876882274429986,1562.074329770726,-1899.4948247397826,1730.7845772552544,-168.71024748452828,3251.9306506371636,-4819.734769956008,4035.832710296586,-783.9020596594221,3337.792567251739,-4592.339270941217,3965.065919096478,-627.2733518447392
788,13,5,-66.66666666666666,-13.333333333333329,0.0004822938402162916,-0.0006850831678305912,-0.08040910973918242,0.11421860083855147,-3.2500604135838216e-06,2.472093554766124e-05,0.00047394245914478137,-0.003604948676292056,0.00020324007714285242,-0.00020991371309189352,-0.07651699779463557,0.07902952679173911,-3.852049497769816e-05,2.928312821953457e-05,0.019958805687917202,-0.015172605295088556,1460.213050426076,-1682.192558771554,1571.202804598815,-110.98975417273903,1859.8012004260086,-2567.8947705621,2213.8479854940542,-354.04678506804566,2619.064332103325,-3160.818470377451,2889.9414012403877,-270.877069137063
761,13,6,-60.0,-13.333333333333329,0.0009501544151612204,-0.0016138732030145052,-0.15841187315103197,0.2690685566876034,-3.439521758267424e-05,2.435067665252204e-05,0.005015707996017541,-0.0035509553995673937,0.0002618964187071907,-0.00031134703661250124,-0.09860027596110275,0.11721773012859191,-2.9353097410543277e-05,3.0224875709340126e-05,0.015208858761932429,-0.015660557362345093,2211.853834209201,-2849.6261877576267,2530.740010983414,-318.8861767742128,3558.4955073051506,-6138.974761478669,4848.73513439191,-1290.2396270867594,4145.323617821397,-6115.524962852303,5130.42429033685,-985.100672515453
726,13,7,-53.33333333333333,-13.333333333333329,0.0006925667290979783,-0.0011993480396717145,-0.11546627694181533,0.19995799260920888,-2.153558057206343e-05,1.2211809077699478e-05,0.003140441935409913,-0.001780796074036482,0.00031827168116837346,-0.00032931446571692486,-0.11982476029537288,0.1239822115856233,-3.5965750228625296e-05,3.310076501470771e-05,0.018635103745393018,-0.017150655448027085,2541.581400586405,-2840.159328616288,2690.8703646013464,-149.28896401494148,2622.509951878474,-4594.755943331299,3608.632947604887,-986.1229957264125,3789.78517652769,-5123.853763341264,4456.819469934477,-667.0342934067871
699,13,8,-46.666666666666664,-13.333333333333329,0.0010194551857716087,-0.002149117819737483,-0.16996585291266772,0.35830573853525727,-3.68320007155852e-05,8.444514688320218e-06,0.005371053695312051,-0.0012314275885270374,0.0003231097683279309,-0.0004097677293743899,-0.12164623128535836,0.15427172084182456,-4.834883299148841e-05,4.3350610977563894e-05,0.02505120880386832,-0.02246145646504854,2540.3515530443938,-3727.3086902554865,3133.8301216499403,-593.4785686055463,3821.9222897103577,-8252.512511134304,6037.217400422331,-2215.2951107119734,4796.216335456393,-8087.004099230543,6441.610217343468,-1645.3938818870752
664,13,9,-40.0,-13.333333333333329,0.000822903296207347,-0.0016777156081984497,-0.1371962814615196,0.2797125055345282,-8.610419067289551e-06,-4.478508169768873e-06,0.0012556207170679647,0.000653081760083261,0.0004419587099332968,-0.0005035254455388466,-0.16639116708028343,0.18957016720062678,-4.8001777873831974e-05,4.892568230490172e-05,0.024871387499383207,-0.02535009445848648,3515.346089378879,-4320.8458346293255,3918.095962004102,-402.74987262522336,3180.7389842398784,-6504.381275126815,4842.5601296833465,-1661.8211454434684,4837.229617566497,-7361.731696168094,6099.480656867296,-1262.2510393007983
637,13,10,-33.33333333333333,-13.333333333333329,0.0011049290872237486,-0.002805737968426996,-0.18421625328812957,0.4677789210441925,8.16382868676338e-06,-3.269092093919417e-05,-0.0011904963451355726,0.004767177679797218,0.00038965179365878916,-0.0005121398208647274,-0.14669835720987817,0.19281335696456928,-7.887902326142354e-05,5.4481980294372535e-05,0.0408699602390605,-0.028229005333858616,2806.502400544637,-4712.737491996205,3759.6199462704208,-953.1175457257839,4301.975117343231,-10914.381821637386,7608.178469490309,-3306.203352147077,5496.052215766846,-10321.886057332573,7908.969136549709,-2412.9169207828636
602,13,11,-26.666666666666657,-13.333333333333329,0.0009716599590003271,-0.002341875130204564,-0.16199732560836383,0.3904426692566329,4.8523094828737e-05,-6.815236765187924e-05,-0.007075916125229259,0.00993836932583464,0.0004907072562729912,-0.0006047102923410662,-0.18474430129083724,0.22766482258778284,-7.703136690406072e-05,6.17499613833508e-05,0.03991262533887296,-0.03199479864420829,3671.6225899429546,-5288.507115354837,4480.064852648896,-808.4422627059412,3940.372282207623,-9268.688931278724,6604.530606743174,-2664.1583245355505,5569.5621243998185,-9571.114681138877,7570.338402769348,-2000.7762783695293
575,13,12,-20.0,-13.333333333333329,0.0014073497004828725,-0.004353426514705108,-0.23463649557867647,0.7258130234576544,0.0001848139289290462,-0.0002869781276180666,-0.02695062762364308,0.041848797319460514,0.00046239543357003057,-0.0005586123753215605,-0.17408530280107637,0.2103096126089971,-0.0001175779640769613,7.801169810207315e-05,0.06092122491031424,-0.040420568964785894,3158.671101710917,-5456.331039228118,4307.501070469518,-1148.8299687586007,6044.416627281486,-17676.013186486853,11860.21490688417,-5815.798279602683,6552.665463321984,-14189.648848766268,10371.157156044126,-3818.491692722142
540,13,13,-13.333333333333329,-13.333333333333329,0.0014449394909429637,-0.0038925857841440406,-0.24090354967338112,0.6489806242311752,0.0002357388149906879,-0.0003992178776141651,-0.03437678672851592,0.05821624172283651,0.0005197651421032322,-0.000643756571844657,-0.19568418193468556,0.24236519135690604,-0.0001092817652904561,7.821706103279183e-05,0.056622676316272096,-0.040526974628370654,3782.9692347009,-6083.8168034553,4933.3930190781,-1150.4237843772,6365.773973013786,-16294.18149784297,11329.977735428378,-4964.203762414592,6769.437684452903,-13177.260347432883,9973.349015942893,-3203.9113314899896
513,13,14,-6.666666666666657,-13.333333333333329,0.0020722975897615984,-0.005261782760768589,-0.34549809765900236,0.8772562121976025,0.00037737881397695137,-0.000770144826823713,-0.05503154414540685,0.1123069379254936,0.0002681558681837212,-0.0002130411345149791,-0.1009568696434338,0.08020695646750595,-0.00018427934375862758,0.00025203300639139943,0.09548152526349309,-0.13058704994366938,1012.7887576558877,-966.4703998969222,989.629578776405,23.159178879482738,9180.888479810481,-22657.63760262149,15919.263041215985,-6738.374561405504,7336.95363364183,-14969.326547805998,11153.140090723915,-3816.1864570820844
478,13,15,0.0,-13.333333333333329,0.002492883305814933,-0.005754606268211678,-0.4156190906654621,0.9594208516511535,0.0004578455319895814,-0.0008711982488273166,-0.0667656627035793,0.12704312779113716,0.00046673697755251,-0.000490977371260187,-0.17571983234860847,0.18484599574091873,-1.2773815248228806e-05,-2.1927304379855195e-05,0.006618557123431529,0.01136129760613729,4884.259570620559,-6742.042266363706,5813.150918492132,-928.8913478715735,11113.941872118561,-24964.065091823995,18039.00348197128,-6925.061609852717,7972.650274131618,-15376.797504278575,11674.723889205095,-3702.0736150734783
451,13,16,6.666666666666671,-13.333333333333329,0.003021543602004809,-0.005641832282623231,-0.5037585198400429,0.9406189200759135,0.0006014171157084504,-0.0012656357733189156,-0.08770209489008109,0.18456227099081388,0.00022487897892082566,-0.00021092642158146587,-0.08466373648367735,0.07941079713148982,0.00010641231168661533,-0.0001294530991839914,-0.05513591279096669,0.06707414465488654,4418.650917288957,-5708.890839004256,5063.770878146606,-645.1199608576494,13591.609666747223,-25803.3943781291,19697.50202243816,-6105.892355690938,6845.063520581576,-11891.083021721823,9368.0732711517,-2523.0097505701233
416,13,17,13.333333333333343,-13.333333333333329,0.003380288154572194,-0.006086437932734133,-0.5635692154997433,1.0147445703110385,0.0005095950028574511,-0.0012659731789607302,-0.07431206749656419,0.1846114734176188,2.002771815816068e-05,-1.1766822590734471e-05,-0.007540150976534193,0.004430041313122782,3.9338530593599854e-05,-3.738463940960784e-05,-0.02038265833864327,0.01937027948683441,1955.2595820089475,-3072.114868460324,2513.6872252346357,-558.4276432256883,14620.202240685776,-27460.065921124784,21040.134080905278,-6419.931840219504,7433.949621744736,-12712.245995877902,10073.097808811319,-2639.148187066583
389,13,18,20.0,-13.333333333333329,0.0026611678274960655,-0.003604180221105586,-0.44367586320312413,0.6008970025175956,0.000481091734138937,-0.0014021457049465814,-0.07015555729335202,0.20446893254790166,-0.00017926550827806716,0.00016571402082249032,0.06749091367410695,-0.06238897142762974,0.000145442172614558,-0.00018454339052696709,-0.07535863866035761,0.09561833706056012,1221.6153599295235,-2494.2185229866895,1857.9169414581065,-636.301581528583,11761.636604430307,-18405.261987976435,15083.449296203371,-3321.812691773064,3775.1528337143254,-3882.794301505527,3828.9735676099262,-53.820733895600824
354,13,19,26.66666666666667,-13.333333333333329,0.002774582923091222,-0.003648806171259792,-0.46258468207524783,0.6083371409227546,0.00046754370316309194,-0.0013306982287913816,-0.06817990567456217,0.19405005159197997,-0.0003221644362029823,0.0003134871387606601,0.1212903271884068,-0.11802344814274061,0.00017863248843345188,-0.0001598424055422996,-0.09255569348879202,0.0828198992446762,407.4769129219172,-919.4036210948092,663.4402670083632,-255.963354086446,12134.777421920608,-18314.504628376253,15224.64102514843,-3089.8636032278228,3101.9025414116163,-3580.8005070994145,3341.3515242555154,-239.4489828438991
327,13,20,33.33333333333334,-13.333333333333329,0.0013776394100917903,-0.0014113997389239518,-0.22968312939144064,0.2353117270626834,0.00043684711576028994,-0.0011901822706502899,-0.06370355315501185,0.17355920826115132,-0.0003123604484044191,0.0003090083453256073,0.11759926525167068,-0.11633724612879585,0.00021116433438307373,-0.0002374081796807462,-0.10941157221915818,0.12300941952364534,397.75644199607535,-1063.5119296807766,730.634185838426,-332.8777438423506,6694.790773477259,-9303.976785676326,7999.383779576792,-1304.5930060995338,-662.9372198995991,2492.1179054220015,-1577.5275626608004,914.5903427612012
292,13,21,40.0,-13.333333333333329,0.0013167174675238855,-0.001276008097014284,-0.21952608661587886,0.21273892914513118,0.0005506448016113434,-0.001355411315050678,-0.08029818470457169,0.1976538556400015,-0.00043457219500594313,0.00039484245800546093,0.1636102492891083,-0.1486525684951249,0.00020579194190240547,-0.00020622014481111673,-0.10662794917218109,0.10684981596425935,-688.3630379424698,11.258564244532433,-349.8108010935011,-338.5522368489687,6815.878395192835,-9310.319814739323,8063.099104966079,-1247.220709773244,-1680.5004899802973,3434.715889275313,-2557.608189627805,877.107699647508
265,13,22,46.666666666666686,-13.333333333333329,0.00039548793387298077,-0.00045023615420335,-0.06593663452357901,0.07506438049395121,0.0005594459925132006,-0.0012659653979270502,-0.08158162486525143,0.18461033874263813,-0.00033117309454502105,0.00032907143959170755,0.12468195889894733,-0.12389071570671639,0.00019451596755744638,-0.0002138045885597825,-0.100785475418319,0.11077957956460249,-227.27504735884813,-333.9562709455127,53.340611793332286,-280.6156591521804,3333.2539055693505,-5867.593249532382,4600.423577550866,-1267.1696719815159,-3473.823559933083,5093.945706705983,-4283.884633319532,810.0610733864501
230,13,23,53.33333333333334,-13.333333333333329,0.00024590444471334706,-0.0002960846430984766,-0.040997740032177835,0.049363895148059674,0.0006023489286191875,-0.0013235888666778633,-0.08783797719569356,0.19301332361334025,-0.00040391379230811895,0.0003458400312410273,0.15206779681322385,-0.1302038519163051,0.00016329268883419454,-0.0001816572529006846,-0.08460761079488,0.0941229289640414,-1246.5565695631065,209.27966715726495,-727.9181183601856,-518.6384512029208,2885.384667605141,-5459.0406414419485,4172.212654523545,-1286.8279869184037,-4103.191712778256,5469.80615163398,-4786.498932206118,683.307219427862
203,13,24,60.0,-13.333333333333329,1.311254200881112e-05,-0.0001355605572532152,-0.0021861523855939906,0.022600959862124934,0.0005480155402768294,-0.0010731930869023118,-0.07991477072943275,0.1564991741746719,-0.0002932702439934757,0.00032087411083453834,0.11041207486409475,-0.12080453804307896,0.0001481974763939199,-0.0001754379403996302,-0.07678625719888642,0.09090048725365202,-568.4358554271764,225.9372588702211,-397.18655714869874,-171.24929827847768,1830.4390259591762,-4024.8334105481063,2927.6362182536413,-1097.197192294465,-3891.3205957051523,5133.61792967054,-4512.469262687846,621.1486669826941
168,13,25,66.66666666666669,-13.333333333333329,-4.107510722130483e-05,-5.724311607120272e-06,0.006848133914846166,0.0009543700578713329,0.0006091597902592995,-0.0011712324049259972,-0.08883117612243291,0.17079583010230312,-0.0002965203447888923,0.0002859803276431687,0.11163569157833383,-0.1076675250629871,0.0001309894627935589,-0.0001439046652191741,-0.0678701879759056,0.07456200270420052,-787.6935319593755,291.95918161415295,-539.8263567867642,-247.86717517261127,1820.5820896260454,-3850.1508380733567,2835.366463849701,-1014.7843742236556,-4058.588217744827,5274.15452120369,-4666.371369474258,607.7831517294314
141,13,26,73.33333333333334,-13.333333333333329,-5.273474766906261e-05,7.103584535218879e-06,0.008792055296596992,-0.00118432553104517,0.00048728489091220115,-0.0008449946168351827,-0.07105867895186709,0.12322196381123982,-0.0002510151240986931,0.00027262945718142296,0.09450362333596145,-0.10264111226075308,0.00011469905517703782,-0.00012203273532331146,-0.05942956226786753,0.0632293965405464,-640.6093301307642,574.0751947132935,-607.3422624220289,-33.26706770873534,1379.8018399477223,-2727.5978992536466,2053.6998696006845,-673.8980296529621,-3446.3145406462513,4319.739285891947,-3883.026913269099,436.7123726228476
106,13,27,80.0,-13.333333333333329,-0.0001173854340767292,9.454426462806971e-05,0.01957076260029423,-0.015762631648539062,0.0004900859947829699,-0.0008628737713720516,-0.0714671519917169,0.12582920472073705,-0.00021559692351398328,0.0002452616303289534,0.08116917466752611,-0.09233751477962003,0.00010576427314398799,-9.369138509453731e-05,-0.054800141525356824,0.048544759116317934,-459.26406885682144,688.1759073905146,-573.719988123668,114.45591926684656,1145.530798014466,-2451.173421182578,1798.352109598522,-652.8213115840559,-3367.9081339329014,4229.055550765188,-3798.4818423490447,430.5737084161433
79,13,28,86.66666666666669,-13.333333333333329,-5.379396233870764e-05,4.874257448944572e-05,0.008968649939751968,-0.008126471238642458,0.000366011929600541,-0.0006067055566795021,-0.053373959839695485,0.08847328569883853,-0.00015333394203057238,0.00018207141503426521,0.05772804787881227,-0.06854729765158916,0.00010117406240649623,-6.873745568918841e-05,-0.052421793992978784,0.035615262015106924,-8.424809950814877,527.7318297200219,-268.07831983541837,259.6535098846035,990.0343357251811,-1790.3412865665682,1390.1878111458745,-400.15347542069355,-2556.5589501517566,2999.469784269513,-2778.014367210635,221.4554170588783
44,13,29,93.33333333333334,-13.333333333333329,-0.00017766571469914744,0.0001641236980885774,0.029620826058502605,-0.02736307070495958,0.00041156899449664114,-0.000766679263629328,-0.06001735246034753,0.1118015696142451,-0.00016650606820140768,0.00018861449462471484,0.06268716599829638,-0.07101067403694972,0.00010996599321631435,-5.6916170018394825e-05,-0.05697719855764926,0.029490243532833308,-41.086840732421635,690.7793945608637,-365.93311764664264,324.84627691422105,665.105260811734,-1871.3976890688496,1268.2514749402917,-603.1462141285579,-3119.9941951626333,3611.9513169967054,-3365.972756079669,245.97856091703602
17,13,30,100.0,-13.333333333333329,-0.00012461887876758177,9.880836700471889e-05,0.020776738707470363,-0.016473552351547266,0.0004464397651963244,-0.0006518943193146637,-0.06510240834072661,0.09506297037039269,-0.00011322157338944631,0.00013199029829861903,0.04262631171536193,-0.04969246964381948,9.960243969282821e-05,-4.0275245425813234e-05,-0.05160748170610454,0.020868002811292464,329.83708372280887,423.7325062690583,-46.947711273124725,376.78479499593357,989.1277616704754,-1750.1404489565623,1369.6341053135188,-380.50634364304346,-2704.6905701533374,2754.8053321365464,-2729.747951144942,25.057380991604532
946,14,0,-100.0,-6.666666666666657,0.0007023180964154704,-0.0007852940112696258,-0.11709204675133157,0.13092597720382226,-3.189441155859084e-05,2.8288926267296023e-05,0.004651026111353368,-0.0041252535570265,9.024293925331218e-05,-9.270405203501113e-05,-0.033975182852217095,0.03490175680326537,-2.4320790579290615e-05,1.5033066744249618e-05,0.012601445895999625,-0.007789153753493579,711.8448841896479,-869.5214741499218,790.6831791697848,-78.83829498013694,2592.750589130621,-2924.07177188161,2758.4111805061157,-165.6605913754945,2559.493236175648,-2709.1279554051994,2634.3105957904236,-74.8173596147758
913,14,1,-93.33333333333333,-6.666666666666657,0.00031148737779421984,-0.00028667494796197546,-0.05193187359016065,0.04779508969015905,-2.8579031414888715e-05,2.6907474266929553e-05,0.00416755835434226,-0.003923802299225973,5.607115452732573e-05,-6.082578314197709e-05,-0.021109992023347044,0.02290004205843868,-1.0045367559836113e-05,-5.808632391049991e-06,0.005204853657943745,0.003009654088625535,456.33494388502294,-673.7257560455815,565.0303499653022,-108.6954060802793,1105.0840450818685,-1018.9962396539534,1062.040142367911,43.04390271395755,1246.5043655110978,-1081.6588334604298,1164.081599485764,82.422766025334
884,14,2,-86.66666666666667,-6.666666666666657,0.0008656755047825427,-0.0010709895769867737,-0.14432735991686066,0.17855778209157616,-3.5645188315066294e-05,3.2251838573623396e-05,0.005197985900850591,-0.004703148169688435,0.00012602155884627875,-0.00012541360085609199,-0.04744532415001775,0.04721643661539212,-2.1315592474757993e-06,1.5021567884174761e-05,0.0011044348432511944,-0.007783195794905573,1329.289784566407,-1243.3687914079462,1286.3292879871765,42.96049657923038,3214.7871936047604,-4009.4224229076185,3612.1048082561892,-397.31761465142904,3010.706357123435,-3632.9526477844515,3321.829502453943,-311.12314533050835
851,14,3,-80.0,-6.666666666666657,0.00027024152279262387,-0.00029352574453697503,-0.04505527222278183,0.04893726984604267,-1.687207946408767e-05,3.156326259590459e-05,0.0024603834435429155,-0.0046027360694012864,8.154782481825636e-05,-6.132417834856228e-05,-0.03070159596224741,0.02308768076365493,-1.3982979861912857e-05,2.25618615003274e-06,0.007245067285961832,-0.0011690083678920662,621.5098585327474,-584.7421782160527,603.1260183744,18.38384015834737,988.9520069473193,-1028.6472406736732,1008.7996238104963,-19.84761686317694,1275.2571466763059,-1174.473837866799,1224.8654922715523,50.39165440475347
822,14,4,-73.33333333333333,-6.666666666666657,0.0007505803075478464,-0.0011364955035693715,-0.12513843073471076,0.18947907695361452,-2.6264492416398887e-05,-1.1248371497902714e-07,0.003830038996195573,1.640302077711697e-05,0.00015235969245755074,-0.00019628158030078854,-0.05736125677403462,0.07389722272367877,-1.933216111574648e-05,1.225600053342042e-05,0.010016663790537547,-0.006350259343738189,1322.833924833323,-1920.9970528935953,1621.9154888634591,-299.0815640301362,2806.310079031008,-4377.780875033147,3592.0454770320775,-785.7353980010694,2958.3853385293205,-4077.9005220610516,3518.142930295186,-559.7575917658655
789,14,5,-66.66666666666666,-6.666666666666657,0.00038558140552628065,-0.0005816705496192586,-0.06428499591959663,0.09697741740887696,-1.6503253917258114e-05,1.1601475716447615e-06,0.002406599185893666,-0.00016917937610576783,0.00016413252828333176,-0.00015961711623953143,-0.06179356198460944,0.060093573585399705,-3.265305674520672e-05,1.8100532548628263e-05,0.016918682251394555,-0.009378514273896282,1154.1182808000185,-1354.903092822395,1254.5106868112066,-100.3924060111882,1441.120753554309,-2243.6962675155296,1842.4085105349193,-401.2877569806103,2148.6759728817374,-2489.1949923087122,2318.935482595225,-170.25950971348743
760,14,6,-60.0,-6.666666666666657,0.0008547465429663462,-0.001470803121293796,-0.14250525891382948,0.24521559207931581,-4.9021922792109955e-05,3.1649422755415854e-05,0.007148658081244306,-0.004615300438269139,0.0002628922244970791,-0.00032166103582804316,-0.09897518267487665,0.12110080410850772,-3.775167265285748e-05,2.529380154807824e-05,0.019560452151730506,-0.013105596657029246,2085.475888062906,-2945.5748396015306,2515.5253638322183,-430.04947576931227,3144.0660950137485,-5569.874848338714,4356.970471676232,-1212.904376662483,3999.9314103390457,-5775.8858406895815,4887.908625514314,-887.9772151752679
727,14,7,-53.33333333333333,-6.666666666666657,0.0006208324383388481,-0.0010945407384016063,-0.10350657524807912,0.18248428449484386,4.003660351134343e-06,9.448791319163514e-06,-0.0005838367263778653,-0.0013778769696198212,0.0002980962460744106,-0.0003033881976804267,-0.11222899599389854,0.11422134049139764,-4.736651923139386e-05,2.4487478298936737e-05,0.024542237943715947,-0.012687812590116745,2222.981936008524,-2683.5941624415796,2453.2880492250515,-230.30611321652782,2426.8945848366357,-4200.199045495381,3313.5468151660084,-886.6522303293727,3526.0136748018117,-4643.345099187082,4084.6793869944468,-558.6657121926353
698,14,8,-46.666666666666664,-6.666666666666657,0.0009148635159431991,-0.001954072965889596,-0.15252809535543813,0.32578742345562844,-2.756806582526629e-05,2.5655797167501627e-05,0.004020133550897434,-0.003741275562160204,0.0003300503075167931,-0.00042104295534786977,-0.12425924555534641,0.15851668302189878,-5.4192114467536855e-05,3.6884805007833174e-05,0.028078815786275434,-0.019111297931510868,2501.981173745929,-3828.0514998864533,3165.016336816191,-663.0351630702621,3452.1784472859244,-7452.34242565294,5452.2604364694325,-2000.0819891835076,4583.419097847759,-7628.111570520046,6105.765334183903,-1522.3462363361436
665,14,9,-40.0,-6.666666666666657,0.0007419848545738632,-0.0015017301717592498,-0.12370537755465555,0.250371819232602,-2.7110076912943245e-06,-7.641498361421822e-06,0.0003953346979650878,0.0011143271398360026,0.0004328284154507409,-0.0004721876058892006,-0.16295374109320776,0.17777191637790543,-5.1669792233740466e-05,4.6687095205964134e-05,0.026771913074464443,-0.024190204769918323,3370.14919964047,-4020.563015003365,3695.3561073219175,-325.2069076814473,2888.435210375004,-5836.846690782217,4362.6409505786105,-1474.2057402036064,4593.29395101752,-6715.419124905987,5654.356537961754,-1061.0625869442333
636,14,10,-33.33333333333333,-6.666666666666657,0.00103645346508613,-0.002565783136729859,-0.17279984412882268,0.4277731138256528,-6.718763323314167e-06,-4.698197237696894e-05,0.0009797686217013928,0.006851180805977523,0.00041831867855048326,-0.0005252043183334099,-0.15749103156265887,0.19773195440879562,-8.452525331702005e-05,5.80982802849008e-05,0.04379546803988634,-0.030102735898898295,2959.0521359186773,-4710.660559669111,3834.856347793894,-875.8042118752167,3994.4794180877357,-10044.434557303746,7019.456987695741,-3024.977569608005,5544.811918452452,-9759.946859102989,7652.379388777721,-2107.5674703252685
603,14,11,-26.666666666666657,-6.666666666666657,0.00096029587072929,-0.0022835048447613963,-0.16010267934777345,0.38071104447452453,5.4830532690257615e-05,-8.765976036556705e-05,-0.007995702907806518,0.012783049269501707,0.0005107186812601675,-0.0006116567978781521,-0.19227831812027898,0.23028008310300113,-6.387548144171585e-05,6.339905652298407e-05,0.0330961043739306,-0.03284925208443239,3995.4886136889477,-5318.36918585651,4656.928899772729,-661.4402860837811,3922.8726093755054,-9110.189452957415,6516.53103116646,-2593.658421790955,5529.349330025492,-9423.077970474786,7476.213650250139,-1946.8643202246467
574,14,12,-20.0,-6.666666666666657,0.0012990856066475832,-0.0038439428456427476,-0.216586463262048,0.6408707645277366,0.0001610826862619657,-0.00026649171250566124,-0.023490001642295425,0.03886135071174416,0.0004480682739584615,-0.0005673516805872761,-0.16869133102241343,0.21359983671806093,-0.0001109745072968433,6.20357553326796e-05,0.0574997447133635,-0.03214287841069983,3066.2378375522217,-5540.9678656098395,4303.60285158103,-1237.365014028809,5551.027664485562,-15662.93174710028,10606.97970579292,-5055.952041307359,6200.05925400058,-12833.476464975041,9516.76785948781,-3316.7086054872307
541,14,13,-13.333333333333329,-6.666666666666657,0.0013776493008346886,-0.003772735170710272,-0.2296847783982593,0.6289988614046329,0.0002254736521786281,-0.000343907810283816,-0.03287986178326406,0.05015061032212563,0.0005421568704326971,-0.0006664227287490308,-0.20411434911081525,0.25089867698752705,-9.956217843209039e-05,6.199680561301137e-05,0.05158662094924558,-0.0321226972087992,4062.0564862136835,-6404.197079980983,5233.126783097334,-1171.07029688365,6079.588454509441,-15659.98065549453,10869.784555001985,-4790.196100492544,6660.423195629602,-12986.78193550877,9823.602565569186,-3163.1793699395844
512,14,14,-6.666666666666657,-6.666666666666657,0.002032499470174096,-0.005151317755863056,-0.3388628659838695,0.8588392390556588,0.00035905327382359923,-0.0007363231078258848,-0.052359208723844954,0.10737486078399247,0.00032030266595774827,-0.0002995666871733379,-0.12058939717621947,0.11278259614946569,-0.00017267883925135846,0.0002490735749700011,0.08947090116646525,-0.12905366578750518,1575.4958601208118,-1695.197372038213,1635.3466160795124,-59.850755958700574,8978.31161895259,-22137.539517124198,15557.925568038394,-6579.613949085804,7459.054987128752,-15188.609734264235,11323.832360696493,-3864.7773735677415
479,14,15,0.0,-6.666666666666657,0.0024898900755904265,-0.005779323146402725,-0.41512005261536167,0.9635417049674276,0.00045649859410645333,-0.0008254703879667435,-0.06656924449240487,0.12037482872287694,0.00045728127679675617,-0.0005038296706897619,-0.17215989552883346,0.18968470364210477,-3.826503422822071e-05,2.3632536527358227e-05,0.01982644260528646,-0.012244837578936376,4505.629108546128,-6312.905513949403,5409.267311247766,-903.6382027016375,11092.35407521847,-24902.78108691782,17997.567581068146,-6905.213505849675,8113.468975788804,-15961.823778317137,12037.64637705297,-3924.1774012641667
450,14,16,6.666666666666671,-6.666666666666657,0.0028885141697538065,-0.005379060235620382,-0.48157955480989684,0.8968089755940062,0.0005338557198398609,-0.0011928985339520548,-0.07784990446082538,0.1739553093623932,0.00021325634503246348,-0.00018036357422887748,-0.08028798016580026,0.06790431988373685,3.91975704295845e-05,-4.8164027704510156e-05,-0.020309621984231203,0.02495545476916461,3466.5282378852894,-4385.658290068178,3926.0932639767334,-459.5650260914442,12847.528733193954,-24540.530023571348,18694.02937838265,-5846.500645188697,7107.307168648204,-11836.073493982964,9471.690331315584,-2364.3831626673796
417,14,17,13.333333333333343,-6.666666666666657,0.003478114799111667,-0.006298717869709743,-0.5798790928820934,1.0501363570691766,0.0005086128407433884,-0.0011974907316695065,-0.07416884298120681,0.17462496998469781,3.938290344918376e-05,-5.6203387089838695e-05,-0.014827102895899079,0.02115977570202117,5.260249619035745e-05,-6.0231059570580836e-05,-0.02725517937322949,0.03120780288629676,2307.444608330431,-3760.168475443621,3033.806541887026,-726.361933556595,14996.54018475764,-28058.089562336183,21527.31487354691,-6530.774688789272,7690.6217540232465,-13480.036929209764,10585.329341616505,-2894.7075875932587
388,14,18,20.0,-6.666666666666657,0.0026171442633239035,-0.003461384430879872,-0.4363361559386859,0.5770897684019713,0.0004371136047881108,-0.0012858754932611094,-0.06374241411422746,0.18751374309321317,-0.00013735286146004588,0.00014377701262400293,0.0517113983874259,-0.05412999991206223,0.00015347336385263823,-0.0001708242286762307,-0.07951987764381692,0.08850996304463785,1642.4661213937018,-2427.540459670235,2035.0032905319686,-392.5371691382667,11456.440949025342,-17477.85421087411,14467.147579949726,-3010.7066309243837,3919.151632306268,-3997.954434707672,3958.5530335069698,-39.40140120070214
355,14,19,26.66666666666667,-6.666666666666657,0.002972517463448901,-0.003953560690757059,-0.4955847721648446,0.6591464972910174,0.0004993260177832319,-0.0013422492187951404,-0.07281458516711119,0.19573448323671408,-0.00030906925130865887,0.00034196225654636083,0.11636017636497935,-0.1287439249081524,0.00017528025046174056,-0.0001326017280299036,-0.09081878262262115,0.06870555856468485,559.8666674580469,-463.18382522451736,511.5252463412821,48.341421116764764,12998.138757249088,-19509.82591647462,16253.982336861853,-3255.843579612766,3638.213134453275,-4407.457348789488,4022.835241621381,-384.62210716810637
326,14,20,33.33333333333334,-6.666666666666657,0.001514368664590608,-0.0014723904089084614,-0.2524789370771069,0.24548022822714227,0.0004347177062093685,-0.0011506110275568654,-0.06339303043522732,0.1677887025238647,-0.0003083482843533828,0.0002918851017472578,0.11608874256263883,-0.10989058851312955,0.0001861630217439701,-0.0002308391737294192,-0.09645752421962865,0.11960578949705261,186.2916450943972,-1137.9011127928234,662.0963789436103,-475.8047338492131,7207.4950216795605,-9408.905376503037,8308.200199091298,-1100.705177411738,-89.8784272666761,2102.583742281898,-1096.2310847742872,1006.3526575076111
293,14,21,40.0,-6.666666666666657,0.0014246207920964715,-0.0014224944589938853,-0.2375159706726369,0.2371614636531999,0.0005737227104678784,-0.0013451964559388263,-0.08366353780067752,0.19616426626896885,-0.00044675593522662614,0.00041079913398462395,0.16819725415892614,-0.1546600300050374,0.00021883172547914538,-0.00019930846062919184,-0.11338431371971157,0.10326863245031032,-596.7902938570281,185.11993197260222,-390.9551129148152,-205.83518094221296,7304.952458409644,-9833.756121613182,8569.354290011413,-1264.4018316017687,-1615.9120347448434,3060.1863456011256,-2338.0491901729847,722.1371554281411
264,14,22,46.666666666666686,-6.666666666666657,0.0004451080910190807,-0.0004675147301067773,-0.07420941830917928,0.07794510338548226,0.0005575107220277991,-0.0012362384592800508,-0.08129941261801811,0.180275385968739,-0.0003369284520659724,0.0003478206595825198,0.1268487691311066,-0.130949530310884,0.00017973576898149083,-0.00019695697424493551,-0.09312734144114353,0.10205024572271693,-432.8019827455072,29.909901494884306,-231.35594212019575,-201.44604062531144,3513.4396094758335,-5830.359762908322,4671.899686192078,-1158.4600767162444,-3257.199663085744,4949.611974688801,-4103.405818887272,846.2061558015284
231,14,23,53.33333333333334,-6.666666666666657,0.0003222256116463665,-0.00031471438720743735,-0.05372217599965242,0.05246988783044291,0.0006377708103682126,-0.0014329080898622716,-0.0930033992516967,0.20895488003834345,-0.00041713322728334235,0.0003489163460270636,0.15704472602455521,-0.13136204067025492,0.00017045594489382182,-0.00017495395124403316,-0.08831914243199085,0.09064971567044124,-1237.1543791123406,260.75852096857517,-748.9564500404579,-488.19792907188275,3293.010626735438,-5887.914180446295,4590.462403590866,-1297.4517768554285,-4109.744274101166,5637.726457168122,-4873.735365634644,763.9910915334776
202,14,24,60.0,-6.666666666666657,2.6685467190936012e-05,-0.0001464349875181649,-0.004449060885444922,0.024413969242740884,0.000546963690133036,-0.0010576315200730353,-0.07976138390569322,0.15422989720357694,-0.00030721066936738735,0.00032063284296518236,0.11566044670387779,-0.12071370412249129,0.0001385092292669246,-0.00015430527740311232,-0.0717664400346425,0.07995092093421781,-796.8387354595842,472.0302727502531,-634.4345041049187,-162.40423135466554,1875.1696912441246,-4011.830194156644,2943.4999427003845,-1068.3302514562597,-3852.266659392082,4906.661140728731,-4379.463900060407,527.1972406683244
169,14,25,66.66666666666669,-6.666666666666657,-5.192379506165921e-05,-1.3246574821604942e-05,0.008656851460751333,0.0022084986364765574,0.0006227010640216824,-0.0012319501769073975,-0.09080584236558119,0.17965004402595294,-0.0003358839425887141,0.00029451654263513993,0.12645552617188616,-0.11088128857310477,0.00013625656597720663,-0.0001312624310912663,-0.0705992569829757,0.06801162232704927,-1063.3503038573908,483.71590320086034,-773.5331035291256,-289.81720032826524,1818.3940701459358,-4075.0063667412414,2946.7002184435887,-1128.3061482976527,-4363.7875264082995,5342.236578284806,-4853.012052346552,489.224525938253
140,14,26,73.33333333333334,-6.666666666666657,-7.36330705424175e-05,2.2150164176441583e-05,0.012276270513890361,-0.003692925004403228,0.0004941508795833359,-0.0009124882358051231,-0.07205991681860248,0.1330642706242142,-0.00024339692965728233,0.0002838438709454978,0.09163548150356679,-0.10686317950908773,0.00011908831037182344,-0.0001178298409642137,-0.0617037877573927,0.06105173106951231,-528.0287494703749,695.5277677292438,-611.7782585998093,83.74950912943444,1324.2845640810706,-2889.343389028707,2106.8139765548885,-782.5294124738182,-3510.324730557839,4540.6933167371335,-4025.509023647486,515.1842930896473
107,14,27,80.0,-6.666666666666657,-0.00015757516526583603,0.00011185661918469525,0.02627128463914894,-0.018648986192820707,0.0005191076805584229,-0.0009346121489794574,-0.07569926074497486,0.13629050659568262,-0.00021848900825082042,0.00023150164889328498,0.08225800342876953,-0.08715707751562889,0.00012103155672248498,-8.376908888854797e-05,-0.06271065115151737,0.04340367299922741,-307.90024928694385,659.83823946931,-483.86924437812695,175.96899509118307,1089.182266341802,-2621.071005481003,1855.1266359114024,-765.9443695696004,-3671.1891011824705,4291.568016437421,-3981.3785588099454,310.1894576274751
78,14,28,86.66666666666669,-6.666666666666657,-8.564581934264202e-05,7.236939567193532e-05,0.014279062911390809,-0.012065587807908297,0.0004086348850033475,-0.0007212667621484729,-0.05958948377740258,0.10517925806034407,-0.00018388877173643075,0.0002025341374143408,0.0692315065966287,-0.07625122152939777,0.00010329259774614236,-7.848058928489438e-05,-0.053519480697458134,0.04066351776417502,-239.2286818977036,549.8073470891953,-394.51801449344947,155.28933259574586,1003.8416631766855,-2074.801067085757,1539.3213651312212,-535.4797019545358,-2913.3333671491578,3506.006668078613,-3209.6700176138856,296.33665046472765
45,14,29,93.33333333333334,-6.666666666666657,-0.00019361809210734543,0.0001715481356740898,0.032280442165234124,-0.02860088957550009,0.0004291306282555487,-0.0007790229635030885,-0.0625782906679911,0.11360159876098462,-0.00016611627459855278,0.00019102335204220118,0.06254041425194151,-0.07191757458674551,0.0001062370684490626,-6.724504395592656e-05,-0.05504511318601713,0.034841991686992334,-78.71967901924899,588.8961566962986,-333.80791785777376,255.0882388385248,661.1919531203401,-1884.8949990057868,1273.0434760630635,-611.8515229427232,-3171.4172922857397,3751.2385860861896,-3461.3279391859646,289.91064690022495
16,14,30,100.0,-6.666666666666657,-0.0002046808218057198,0.00017640861893889641,0.03412484524932197,-0.0294112402365204,0.0005661951974244276,-0.0008538571004409538,-0.0825658326539835,0.12451434202571669,-0.00015744204824313498,0.00017314498445803096,0.0592746914268062,-0.06518662352511949,0.00010508487961951355,-6.141861425757335e-05,-0.05444812415516298,0.031823116195619026,37.46476718285072,472.18391680932757,-217.35957481323842,254.82434199608915,1070.3205932965352,-2113.9325849452316,1592.1265891208834,-521.8059958243482,-3461.616337826313,3798.260392421031,-3629.938365123672,168.322027297359
945,15,0,-100.0,0.0,0.000489724393283462,-0.0005192843797065799,-0.0816479481965282,0.08657625536943192,-3.1756241331837596e-05,3.105649433792678e-05,0.004630877336033892,-0.00452883621406362,6.072707465789581e-05,-6.81455781202286e-05,-0.02286287971838775,0.025655840737920498,-2.6784596730719216e-05,2.6742932426046814e-06,0.013878029394148563,-0.0013856441671520384,359.41017965704935,-712.9228759706091,536.1665278138292,-176.75634815677986,1774.6733242287355,-1895.2619385017483,1834.967631365242,-60.294307136506404,1870.2683507238453,-1800.0466610915746,1835.15750590771,35.11084481613534
914,15,1,-93.33333333333333,0.0,0.0002993642633159919,-0.00029414566009461677,-0.049910680779521946,0.04904062355688643,-1.5556606989093277e-05,2.32869046910414e-05,0.0022685536987386854,-0.003395830067962416,6.161046928968619e-05,-4.3901996108588495e-05,-0.023195465230274697,0.016528476994524224,-2.103095756172255e-05,9.47472519078682e-06,0.01089686920295997,-0.00490918403667482,378.2011689522992,-354.7316515960066,366.4664102741529,11.734758678146306,1100.490024451629,-1054.3331252625612,1077.4115748570953,23.078449594533936,1297.8636551130523,-1121.2654659998773,1209.5645605564648,88.29909455658753
883,15,2,-86.66666666666667,0.0,0.0006496615253548902,-0.0008444484471731457,-0.10831302523407474,0.14078833730776308,-3.709737491694402e-05,1.493453382263723e-05,0.005409752084135812,-0.002177839419999154,0.00010041134316179179,-0.00011520791020163659,-0.037803442270231497,0.04337413926795107,-7.702558697306867e-06,4.3672792566334195e-06,0.003990963055597552,-0.0022628389930732557,972.6486123898452,-1212.1144057431823,1092.3815090665137,-119.73289667666853,2378.475911388566,-3199.5642610588493,2789.020086223708,-410.5441748351416,2360.3801157292382,-2868.3915086153543,2614.385812172296,-254.005696443058
852,15,3,-80.0,0.0,0.00020367300367506053,-0.0002849268253874683,-0.03395681955231332,0.04750363877743735,-3.532293521252534e-05,-3.113551050744832e-06,0.005150993104271502,0.0004540358805317222,5.999116252779302e-05,-5.267107450689763e-05,-0.02258581927033182,0.019829910264463346,-4.081119295843359e-06,1.8472506946604743e-05,0.002114569583337542,-0.009571247122588668,521.0117838776944,-334.1255471375128,427.56866550760355,93.44311837009079,671.9212612983001,-1105.63484815058,888.77805472444,-216.85679342613992,956.1217255812273,-1151.0610243568888,1053.591374969058,-97.46964938783071
821,15,4,-73.33333333333333,0.0,0.0006174436446310902,-0.0009671628722268064,-0.10294158796769348,0.1612475612246502,-3.519782438148382e-05,2.1845820850672205e-06,0.005132748724972693,-0.0003185682953070711,0.00015045977978181974,-0.00018887703738999822,-0.05664596667937122,0.07110951765320196,-1.5684368889072345e-05,1.0071095115466593e-05,0.008126616004696907,-0.0052181839976486516,1301.2856944288192,-1826.0365094195367,1563.661101924178,-262.3754074953588,2267.7663236367175,-3721.4306434390705,2994.598483537894,-726.8321599011765,2594.4212322445187,-3586.843558703136,3090.6323954738273,-496.21116322930857
790,15,5,-66.66666666666666,0.0,0.00032667059539926867,-0.0004687639221037298,-0.05446325365101887,0.078153371474337,-1.0663588139064722e-05,3.699016956399903e-06,0.001555025612697003,-0.0005394118784399021,0.0001276851736558893,-0.00012630695893776534,-0.04807165145960946,0.047552773224422105,-8.183757015512297e-06,2.036513696226938e-05,0.004240288609071752,-0.010551884436404084,1107.2266956204942,-1003.6720118184078,1055.449353719451,51.7773419010432,1233.3503039444338,-1797.7746828755187,1515.5624934099762,-282.21218946554245,1604.4629048555962,-2044.4084830010795,1824.435693928338,-219.97278907274165
759,15,6,-60.0,0.0,0.0007718086235776524,-0.0013275900874296462,-0.12867766315047874,0.22133879416935426,-5.111988968645645e-05,1.0675396198950674e-05,0.00745459565242148,-0.0015567475317470878,0.0002784886924586906,-0.00031840447637276095,-0.10484703099042282,0.11987475580070875,-3.811150767070297e-05,2.387329581647516e-05,0.019746895166158133,-0.01236958332459276,2187.496979193201,-2895.9668536009963,2541.7319163970988,-354.23493720389774,2822.1047740815134,-5090.449887527617,3956.2773308045653,-1134.1725567230517,3872.9480124246575,-5326.786817428092,4599.867414926375,-726.9194025017173
728,15,7,-53.33333333333333,0.0,0.0005073999897885142,-0.0008917619417791872,-0.08459486325238473,0.1486765491460384,-1.5054411794770214e-05,1.4463462763041596e-05,0.0021953207137845043,-0.0021091451349687707,0.00026668821685076174,-0.00026678806234029905,-0.10040431979506693,0.10044191020149726,-3.6457273120133945e-05,3.1701228689738926e-05,0.018889778818713444,-0.01642550709312132,2033.7009437834026,-2216.087602823277,2124.89427330334,-91.19332951993715,1927.1783427050802,-3400.8733441886448,2664.0258434468624,-736.8475007417823,3027.097062157097,-3990.8683618960054,3508.982712026551,-481.88564986945426
697,15,8,-46.666666666666664,0.0,0.0008842017934869977,-0.0017721879220874495,-0.14741610428238736,0.29546314139462615,-1.9501522811086105e-05,2.1536604392284364e-05,0.0028438239607867597,-0.003140591234749459,0.00036020702120871743,-0.00041846436763119253,-0.13561281925742952,0.15754588142900436,-4.5882007245504346e-05,4.5434802241762454e-05,0.023773060748954897,-0.02354134831178304,2851.426138742592,-3648.7622896522093,3250.0942141974006,-398.6680754548088,3367.3542598518834,-6767.983046691994,5067.668653271939,-1700.3143934200552,4578.914708345663,-7196.860603909152,5887.887656127407,-1308.9729477817446
666,15,9,-40.0,0.0,0.0006466880986937321,-0.0013120737416558886,-0.10781728887843055,0.21875187423375309,9.140598680994992e-06,5.541074298544039e-06,-0.0013329345506378793,-0.0008080312502437659,0.00040783440983728475,-0.0004189226980475399,-0.1535438535390926,0.15771843631064916,-3.8551468697606785e-05,5.3891436052117174e-05,0.01997485424745534,-0.027923023861187588,3280.8601595811365,-3410.484273962492,3345.6722167718144,-64.8120571906777,2561.0308798159294,-5058.348834201438,3809.6898570086837,-1248.6589771927543,4087.059825333416,-6028.84014488762,5057.949985110518,-970.8901597771021
635,15,10,-33.33333333333333,0.0,0.0009883020832603309,-0.0023867187650127384,-0.16477193785577637,0.3979191005350777,1.0005749519545179e-05,-3.063604550038402e-05,-0.0014590958103608965,0.004467523951935591,0.00043727068405069024,-0.00052136862456237,-0.16462619202633053,0.19628787026975414,-8.564849674017528e-05,5.873356942829442e-05,0.044377459450847326,-0.03043190125816945,3100.5590429100594,-4604.535296766973,3852.5471698385163,-751.988126928457,3867.8741569668305,-9304.760204104756,6586.317180535793,-2718.4430235689624,5488.451883068171,-9316.075496202086,7402.263689635129,-1913.8118065669573
604,15,11,-26.666666666666657,0.0,0.0009219081092618499,-0.0021506549250784727,-0.15370258573867268,0.35856200818197076,6.483339276162237e-05,-6.23034647401341e-05,-0.00945437736225339,0.009085448740818545,0.0005251834419754805,-0.0006046435255051409,-0.1977240947570178,0.2276396858238676,-7.885413448205868e-05,6.195138969086065e-05,0.04085706449845695,-0.03209916564291801,3937.9945560363585,-5220.3587927445005,4579.17667439043,-641.182118354071,3808.5463396827618,-8517.633303107586,6163.089821395174,-2354.5434817124124,5596.384801219115,-9087.78555314763,7342.085177183373,-1745.700375964258
573,15,12,-20.0,0.0,0.0012392642520801052,-0.003531379717093102,-0.2066129129840563,0.5887595393611464,0.00013670655061327408,-0.0002282355323591406,-0.01993533366581668,0.033282614999525645,0.0004605632137449776,-0.0005781971184978992,-0.1733954981017093,0.2176829898065422,-9.423910599582562e-05,5.597169269310729e-05,0.04882855232942056,-0.029000877043047248,3337.9028242299296,-5585.811682825934,4461.857253527932,-1123.9544292980024,5246.716442908864,-14343.745819954502,9795.231131431683,-4548.514688522819,6037.669360414462,-12117.805276545834,9077.737318480147,-3040.067958065686
542,15,13,-13.333333333333329,0.0,0.0013486881459078993,-0.0036085685317847746,-0.22485630975425316,0.6016286315071225,0.00020504880278886218,-0.0003246935259237034,-0.029901393042502056,0.04734867312050381,0.0005651424555403389,-0.0006613450968108612,-0.2127680949158497,0.24898702079610663,-9.462933521543269e-05,5.8093369631129504e-05,0.04903074363491635,-0.030100191518705913,4298.981600967179,-6343.682220775321,5321.331910871249,-1022.3503099040713,5905.999314376159,-14968.46287356109,10437.231093968625,-4531.231779592465,6714.306502233101,-12547.12745894095,9630.716980587025,-2916.410478353924
511,15,14,-6.666666666666657,0.0,0.00200687131898341,-0.005126065099661663,-0.3345900831911636,0.8546290596289571,0.0004247655366147379,-0.0007798476848186788,-0.06194174795697209,0.1137218643556752,0.00043181507398905663,-0.0005091570452905414,-0.16257223244846145,0.19169038439321237,-0.00011151150711241299,9.628875492836846e-05,0.05777798295977253,-0.0498905465949863,3264.7933092053768,-5282.297795864146,4273.545552534762,-1008.7522433293846,9123.455446686827,-22241.569670698584,15682.512558692706,-6559.0571120058785,7355.6274884837785,-14948.864884916184,11152.24618669998,-3796.6186982162026
480,15,15,0.0,0.0,0.002453540977270111,-0.005656256429865996,-0.4090598494942772,0.9430237462250874,0.0004378949843809986,-0.0007888980508108371,-0.06385635937020823,0.11504164065784983,0.0005104154876193569,-0.0005621614968305402,-0.19216417002768135,0.2116458063680883,-4.368911057731336e-06,-3.659153832450154e-06,0.002263684485870103,0.0018959346282116309,5336.438792840543,-7075.753445311864,6206.096119076204,-869.6573262356605,10905.937382567363,-24325.15643133684,17615.546906952102,-6709.6095243847385,8079.89761352043,-15821.404913796536,11950.651263658483,-3870.7536501380528
449,15,16,6.666666666666671,0.0,0.002862912290848939,-0.0053335788024381795,-0.4773111521915521,0.8892262091414989,0.0005230083673468558,-0.0011306166831943712,-0.07626808127555229,0.16487301249652186,0.00025531180911328666,-0.0002527288374786586,-0.09612126412023853,0.0951488120446003,2.7993181826256384e-05,-6.208056123572814e-05,-0.01450423928820898,0.03216609390450735,3685.6932542242675,-5128.709807355142,4407.201530789705,-721.5082765654374,12718.493832492,-24175.27339544,18446.883613965998,-5728.389781473999,7370.824226470137,-12132.400879198953,9751.612552834544,-2380.788326364408
418,15,17,13.333333333333343,0.0,0.0035774459404491377,-0.006475287676849305,-0.5964398033418018,1.0795744709636939,0.0005165672185644347,-0.0011834109512222845,-0.07532879599922358,0.17257177560668416,8.147429455811655e-05,-7.689040430935062e-05,-0.03067391286533044,0.028948143396107386,5.140011803918424e-05,-4.05035298242925e-05,-0.026632185512518274,0.020986284883043323,2691.937670702164,-3761.4313263349427,3226.6844985185535,-534.7468278163894,15409.06985962395,-28687.438756471765,22048.254308047857,-6639.184448423907,8159.940066989217,-14231.095316192204,11195.51769159071,-3035.577624601494
387,15,18,20.0,0.0,0.0027534920618946324,-0.0036768110591377605,-0.4590683664372751,0.6130061785816291,0.00044170332258547097,-0.0012604901666445154,-0.06441171310035393,0.18381190909881204,-0.00013993495396674217,0.0001732104150195011,0.05268351948390411,-0.0652112572007119,0.0001503994775972099,-0.00014320607134346165,-0.07792719046483926,0.07420003696548957,1631.2759015814943,-1913.6211691355213,1772.4485353585078,-141.17263377701352,11992.41078509264,-18209.755136080723,15101.082960586682,-3108.6721754940418,4273.688694300847,-4674.880012492469,4474.284353396658,-200.59565909581124
356,15,19,26.66666666666667,0.0,0.0031709364073554992,-0.004296226758944286,-0.5286656230995429,0.7162765520070472,0.0005030962016207907,-0.0013403571762746348,-0.07336437500853452,0.19545857473937445,-0.0002919277218693476,0.0003494640896148366,0.10990663438279166,-0.1315682583389689,0.00017246437178554066,-0.00010285204195061361,-0.08935977812718147,0.053291213445888934,741.527277614226,-165.170418586635,453.34884810043053,288.1784295137955,13772.030204337134,-20808.86570716673,17290.44795575193,-3518.4177514147977,4257.286237682899,-5492.466790195411,4874.876513939154,-617.590276256256
325,15,20,33.33333333333334,0.0,0.0016271738457587807,-0.0016534327967398068,-0.2712860696493001,0.27566402079651403,0.0004384301465864477,-0.0011523348450392303,-0.06393439979389752,0.16804007948082653,-0.0003131446070753703,0.00032190962976349135,0.11789448983601111,-0.12119439618876009,0.00018255280669398402,-0.00022554570247008325,-0.09458694647352274,0.11686305827460004,141.71517205211336,-878.100681667851,509.9079268599821,-368.1927548078688,7650.0562226799575,-10101.923073924689,8875.989648302322,-1225.9334256223656,197.9073580842399,1751.358975305762,-776.7258086107611,974.6331666950009
294,15,21,40.0,0.0,0.0015311947390064659,-0.0016049721746555974,-0.25528421790668915,0.26758455729465647,0.0005566326255513379,-0.0013174004422291808,-0.0811713635510897,0.19211089204955092,-0.0004522010191964984,0.0004348262864213842,0.17024725081298897,-0.163705911092372,0.0002040531587042867,-0.00018152146264856036,-0.10572702523533241,0.09405257132045373,-787.4055881721142,550.3022561377551,-668.8539221549347,-118.55166601717957,7653.35554533707,-10434.113150954918,9043.734348145994,-1390.3788028089239,-1214.4773178904213,2510.4528297583192,-1862.4650738243704,647.987755933949
263,15,22,46.666666666666686,0.0,0.000478519528311036,-0.0005007064074549751,-0.07977984800106132,0.08347889420711468,0.0005558937003702928,-0.0012436466631403798,-0.08106360924105756,0.18135569276572513,-0.0003489433880022184,0.00036131449968924067,0.13137222158920736,-0.13602976915059573,0.0001617028265493739,-0.00019268212813274604,-0.0837838479530044,0.09983529955059907,-735.1388337399247,181.63512687397892,-458.38698030695184,-276.7518534329729,3631.1369445080386,-5978.938962027122,4805.037953267581,-1173.9010087595418,-3091.332767851633,4917.992699039738,-4004.6627334456853,913.3299655940525
232,15,23,53.33333333333334,0.0,0.0003547193955264002,-0.00036515448252424384,-0.059139612458470055,0.060879373545137117,0.0006648542452038404,-0.0014783031636478043,-0.09695286113075474,0.21557465018570823,-0.0004349014577203284,0.0003816109965601435,0.16373421201705377,-0.14367111148888914,0.00018513398052065464,-0.00016242699547594177,-0.09592434223863643,0.08415906501340209,-1197.7032233879945,651.6647188370328,-924.6839711125136,-273.0192522754809,3506.0710724614632,-6222.984805838562,4864.527939150013,-1358.4568666885496,-4292.44007681647,5685.780584951494,-4989.110330883982,696.6702540675124
201,15,24,60.0,0.0,5.233746213682334e-05,-0.00013438430948513208,-0.008725818962445822,0.022404853198556833,0.0005629224309534908,-0.0010570291725095103,-0.08208857906726262,0.1541420594254471,-0.00030864705891112554,0.00032019760430915245,0.11620122693332634,-0.12054984296010758,0.00012925321117471494,-0.000163567243181567,-0.06697057573816304,0.08474986693341488,-901.3338355043128,365.0721473770584,-633.2029914406855,-268.1308440636272,2024.00587361733,-3965.3468733689447,2994.6763734931374,-970.6704998758073,-3758.932251138108,5005.192939235898,-4382.062595187002,623.130344048895
170,15,25,66.66666666666669,0.0,-5.01537494788997e-05,-6.801166240102363e-06,0.008361745494969899,0.001133905675240553,0.0006602303773142079,-0.0012707384705502648,-0.0962785821822116,0.1853063755816052,-0.0003331458459002523,0.00031583612170519914,0.1254246717202552,-0.11890780680523312,0.00015350636588606098,-0.0001282890607333845,-0.07953697714299969,0.06647101592400242,-823.1135284492507,687.3506893431926,-755.2321088962217,-67.88141955302905,1951.7714031090932,-4174.011524298455,3062.891463703774,-1111.1200605946808,-4563.139405386532,5536.876739204553,-5050.008072295543,486.86866690901024
139,15,26,73.33333333333334,0.0,-5.988491583712531e-05,3.569741316662476e-05,0.009984147355292005,-0.005951552711999794,0.0005078603783838592,-0.0009441794759286886,-0.07405911460212851,0.13768566911106514,-0.00022814443515076685,0.0002737689241969247,0.08589313430057184,-0.10307010538227666,0.00011465638434084693,-0.00011050715641225539,-0.05940745302631786,0.057257593995960546,-437.72958673921283,684.6236990557359,-561.1766428974744,123.44705615826152,1423.5413555840141,-2941.9433724387936,2182.742364011404,-759.2010084273898,-3392.5636181048576,4540.336260590812,-3966.449939347835,573.8863212429774
108,15,27,80.0,0.0,-0.0001645973940252115,0.0001293534979135056,0.02744204635294781,-0.02156610502056093,0.0005559764705472926,-0.0010011150740001588,-0.08107567926322304,0.14598834473213648,-0.00024187105661188573,0.00024870659276068,0.0910610120087169,-0.09363449412787009,0.00013444491599734398,-7.366462572819696e-05,-0.06966057823693331,0.03816819985915161,-340.24845312955387,902.5494752135712,-621.3989641715625,281.1505110420087,1182.093210888185,-2768.2797073062925,1975.1864590972386,-793.0932482090537,-3998.957643208883,4502.781096175783,-4250.869369692333,251.91172648345014
77,15,28,86.66666666666669,0.0,-0.00011146900361984237,0.00010145661341556616,0.018584362057300144,-0.016915073927213083,0.0004297608692322139,-0.0007613533963412987,-0.0626701960236842,0.11102492108518469,-0.00018630086434470353,0.00021117889540151472,0.07013962514973247,-0.07950584993309992,0.00010477384612983572,-8.844863692354092e-05,-0.054286966906625315,0.0458283092867874,-242.27857225369462,501.0773086460209,-371.6779404498578,129.39936819616315,974.3038067197243,-2095.528031560772,1534.9159191402482,-560.6121124205238,-3053.126536397407,3795.3636717576483,-3424.2451040775277,371.1185676801206
46,15,29,93.33333333333334,0.0,-0.00019774895646304134,0.00019241281235955117,0.03296914912683634,-0.03207949522495527,0.00046329157302003014,-0.0008279291036039523,-0.06755983565734544,0.1207333727458022,-0.00016901315351303985,0.00018754437322040162,0.06363104795286917,-0.07060778855154284,0.00011731904146907907,-5.0350198912100764e-05,-0.06078706811866547,0.026088185964806884,38.08536045371321,740.8650959076082,-351.3898677269475,389.4752281806607,759.025317240358,-1963.4406393733595,1361.2329783068587,-602.2076610665008,-3360.6498502221075,3770.819173522909,-3565.734511872508,205.08466165040068
15,15,30,100.0,0.0,-0.0002345262488871501,0.0002283748691313418,0.03910074172837973,-0.0380751699118076,0.0006377776130847933,-0.000988305308410106,-0.09300439126286415,0.14412035120824893,-0.00016700839017941787,0.0001855978667643327,0.06287628307709273,-0.0698749565614153,0.0001032727263738918,-6.490008477606234e-05,-0.053509184649659924,0.03362698693058657,-45.17911467077888,498.72248366669686,-271.9507991687379,226.771684497959,1189.5171118080298,-2355.460408221185,1772.4887600146074,-582.9716482065776,-3740.194237970635,4334.68564605953,-4037.4399420150826,297.2457040444474
944,16,0,-100.0,6.666666666666671,0.00033943914708422043,-0.0003083468903038056,-0.05659205519902385,0.051408284478721866,-2.594835948362502e-05,4.077445936904738e-05,0.003783938677890941,-0.005945965638945156,4.907514822687675e-05,-4.511836923548651e-05,-0.018476095174909755,0.016986424172938698,3.186495781673976e-06,1.2048548287277234e-05,-0.0016510340837681296,-0.0062427711333013555,559.8499827754689,-332.55245531691554,446.20121904619225,113.64876372927668,1221.8339112224014,-1050.9822296331108,1136.4080704277562,85.4258407946453,1175.5596810105415,-1224.527703642956,1200.043692326749,-24.48401131620733
915,16,1,-93.33333333333333,6.666666666666671,0.0003037778527912135,-0.00033081441927746406,-0.05064652430656686,0.05515412125325121,-2.1063622201603307e-06,2.418761621861119e-05,0.00030716182576176644,-0.0035271769914141417,6.315867218452814e-05,-5.162929618707659e-05,-0.023778341595781113,0.01943769554716516,-6.924830093575693e-06,1.9758472965241227e-05,0.0035879948671359916,-0.010237550759187572,562.3243112113098,-313.6472856944272,437.9857984528685,124.33851275844131,1164.1646312124267,-1191.1727541969237,1177.6686927046753,-13.504061492248525,1178.6406025339886,-1337.7951671236294,1258.217884828809,-79.5772822948204
882,16,2,-86.66666666666667,6.666666666666671,0.00044130523284023984,-0.0005614754629814357,-0.07357539727236108,0.09361044731254574,-3.410392935393665e-05,2.5425756139557714e-05,0.004973230675020425,-0.0037077296594341344,8.071561887545548e-05,-9.45208343735956e-05,-0.030388282263565724,0.035585749508587415,-8.982058513461674e-06,-4.598613750623288e-06,0.004653916328216314,0.0023827014251923025,721.1203436098151,-1040.6403669231931,880.8803552665041,-159.76001165668902,1587.7006780827548,-2080.487419031375,1834.094048557065,-246.39337047431002,1717.8338882346936,-1979.0618571436369,1848.4478726891653,-130.61398445447162
853,16,3,-80.0,6.666666666666671,0.00023403968173821803,-0.0002976946043581322,-0.039019620163036055,0.049632311496784806,-1.720384271890627e-05,1.3301904594648039e-05,0.0025087630650986945,-0.0019397600575507467,6.370679086688524e-05,-4.110319270607268e-05,-0.02398470048227001,0.015474767328652586,-1.2284061412116252e-05,2.3961138567175962e-05,0.0063647986591246234,-0.012415097703194192,475.5635709710915,-168.04087233546107,321.8022216532763,153.76134931781522,846.8646316423958,-1097.8722643799033,972.3684480111496,-125.50381636875375,1075.6089240229117,-1203.6615459864931,1139.6352350047023,-64.02631098179074
820,16,4,-73.33333333333333,6.666666666666671,0.0005129460030928639,-0.0007571914081504354,-0.08551950701769681,0.12624064824097614,-2.1710039537770912e-05,1.441238550977939e-05,0.003165882542877294,-0.0021016967568043914,0.00014277629543940783,-0.00016560408294430485,-0.05375324412804972,0.062347581380445535,-9.750255568722753e-06,9.885039289329612e-06,0.005051945890527568,-0.005121782015194302,1275.4150812395133,-1553.67747704565,1414.5462791425816,-139.13119790306837,1911.9825544749935,-2874.1604756857255,2393.0715150803594,-481.08896060536597,2205.7587207244783,-2945.245748305786,2575.502234515132,-369.7435137906539
791,16,5,-66.66666666666666,6.666666666666671,0.00026262461311652645,-0.0004005106209057979,-0.04378536397401778,0.06677402816025958,-1.3721420618211166e-05,8.360788945779342e-06,0.002000936291391552,-0.0012192182203110819,0.00011841774693781813,-9.533939625090858e-05,-0.044582597136676005,0.035893926410710444,1.1242042032406627e-06,2.1094552053115452e-05,-0.0005824892244767557,-0.010929819716635035,1113.0597987077342,-704.1639760565391,908.6118873821367,204.44791132559754,978.3336182922377,-1516.3812762427958,1247.3574472675168,-269.02382897527906,1325.1669640637879,-1721.2900318745005,1523.2284979691442,-198.06153390535633
758,16,6,-60.0,6.666666666666671,0.00063273621234679,-0.0011271777614332455,-0.10549119912402531,0.1879256021059798,-1.889876571947185e-05,1.9016027262150215e-05,0.002755926462920987,-0.0027730262139495573,0.00027091582585339727,-0.0003003908520259973,-0.10199595444350232,0.11309288249209994,-2.6762636043044045e-05,2.5890247725145875e-05,0.01386665079949822,-0.013414636127012334,2222.0286115101353,-2648.140716512251,2435.084664011193,-213.05605250105782,2396.4738824568763,-4292.97276748661,3344.723324971743,-948.2494425148668,3310.307338283119,-4745.43626910369,4027.8718036934047,-717.5644654102857
729,16,7,-53.33333333333333,6.666666666666671,0.00038779865398434174,-0.0006752881973496544,-0.06465466055081671,0.1125855614119221,-1.743959438852889e-05,2.2453901807439634e-05,0.0025431417263634013,-0.0032743568075027504,0.000246407157466327,-0.00021899695664758743,-0.09276878945081839,0.08244923877418761,-1.7765006792001176e-05,2.90294060244975e-05,0.009204666731602534,-0.01504114301786734,2035.5934638596627,-1761.1053217915933,1898.349392825628,137.24407103403473,1461.6397523437809,-2539.2940871260284,2000.4669197349046,-538.8271673911238,2472.329941593937,-3175.574515374041,2823.9522284839886,-351.622286890052
696,16,8,-46.666666666666664,6.666666666666671,0.0007965970551118415,-0.0016214610807108914,-0.13281044600045447,0.27033362465965666,-9.384563663948258e-06,-9.521528057998691e-07,0.001368510924382448,0.00013884838582578393,0.0003584098023970223,-0.00039965189731617714,-0.1349361919416748,0.15046325397755977,-4.2940967900033815e-05,4.5921429729976805e-05,0.022249206165810255,-0.023793486906712638,2845.633187484696,-3441.2628000613363,3143.447993773016,-297.81480628832014,3065.547731679608,-6262.074278399623,4663.811005039615,-1598.2632733600074,4295.617410107871,-6658.072271821772,5476.844840964822,-1181.2274308569504
667,16,9,-40.0,6.666666666666671,0.0005735263397124299,-0.0011125461735202549,-0.09561959648409915,0.18548619098344393,-8.56375561675922e-06,2.770161748523905e-06,0.0012488159849454198,-0.0004039608820306522,0.00037774627984567624,-0.00036492786786741186,-0.14221610062452142,0.13739015086667822,-2.7489275546975245e-05,4.759828073875527e-05,0.014243147951794004,-0.024662321626286565,3118.509721176274,-2954.2336710316536,3036.3716961039636,82.13802507231026,2220.105310968189,-4296.631516373016,3258.3684136706024,-1038.2631027024136,3695.623528380103,-5172.834745796055,4434.229137088079,-738.6056087079762
634,16,10,-33.33333333333333,6.666666666666671,0.0009026265475338939,-0.002205712054503985,-0.15048792056229238,0.36774125616887227,2.834366652179424e-05,-2.9991107015652275e-05,-0.004133236095050305,0.004373475321278348,0.0004440762829630121,-0.0005135832082667968,-0.1671884032018325,0.1933567717881295,-6.171494628689091e-05,5.267690327033476e-05,0.031976656107182456,-0.027293732264409426,3416.459727350309,-4548.074626577899,3982.267176964104,-565.8074496137949,3605.2860108795535,-8609.749701402628,6107.517856141091,-2502.2318452615373,5075.6826636411815,-8759.225623484133,6917.454143562658,-1841.771479921476
605,16,11,-26.666666666666657,6.666666666666671,0.0008487093262273338,-0.001940212149440988,-0.14149872061122792,0.32347651707873804,3.5538142223040064e-05,-6.526628670274486e-05,-0.0051823758254548515,0.009517504440798442,0.0005195701749715711,-0.000551287938547833,-0.19561077958317566,0.20755206635955176,-6.651140448279891e-05,7.396699694662567e-05,0.03446186760765176,-0.038324868884244134,3996.293343306093,-4553.766346944721,4275.029845125407,-278.73650181931384,3433.366262327026,-7711.815139912707,5572.590701119867,-2139.2244387928404,5349.521024220895,-8346.220480755761,6847.870752488328,-1498.349728267433
572,16,12,-20.0,6.666666666666671,0.001130828968913506,-0.0032302658299291254,-0.1885343395985199,0.5385571573732246,0.00012897595714103993,-0.000180376100549404,-0.018808014165672637,0.02630347802398661,0.00045652139377840424,-0.0005639104104928583,-0.17187381038235644,0.21230424748228124,-0.00010278872196781656,5.866518628695011e-05,0.05325840516464696,-0.030396469578716452,3165.0616521377756,-5312.328446242009,4238.695049189892,-1073.6333970521166,4804.29050044124,-13031.50574667256,8917.898123556899,-4113.60762311566,5817.331752120596,-11389.794940926651,8603.563346523624,-2786.2315944030274
543,16,13,-13.333333333333329,6.666666666666671,0.0012828084684625473,-0.0033689481087543064,-0.21387270231089542,0.561678577650815,0.0001861000291394708,-0.0002841599373253841,-0.02713817413628256,0.041437832639521215,0.0005775937436946597,-0.0006457135926707775,-0.21745582777660277,0.2431019818577828,-0.00010601790383615896,6.298163570190175e-05,0.0549315563917666,-0.03263297186625512,4244.4139709626015,-6056.466157125068,5150.440064043834,-906.0260930812333,5591.631822109507,-13915.053106184414,9753.342464146961,-4161.710642037453,6738.426820103159,-11972.156770280373,9355.291795191766,-2616.864975088607
510,16,14,-6.666666666666657,6.666666666666671,0.0018283698365094082,-0.004830756283786787,-0.30482991605649346,0.8053945121340482,0.00035197803905079306,-0.0006431706657308989,-0.05132745738985888,0.09379083714636514,0.00044813608402619845,-0.0005311449139702571,-0.16871686054826496,0.19996850415643208,-9.433609903305831e-05,3.675090581492452e-05,0.048878807789126594,-0.019041920111350974,3514.9115924402354,-6006.951483409717,4760.9315379249765,-1246.019945484741,8206.562795062437,-20675.69178309507,14441.127289078753,-6234.5644940163165,7012.207184153867,-14154.031325220021,10583.119254686944,-3570.912070533077
481,16,15,0.0,6.666666666666671,0.0023984980216324083,-0.005385766115149887,-0.39988296459303924,0.8979269948553426,0.000406713060690184,-0.000756178804178855,-0.05930923232816242,0.11027033236299057,0.0004997154926336229,-0.0005480704358160959,-0.18813577413138108,0.20634072235255496,-2.304778746657293e-05,-3.814952711123975e-06,0.011941858790964863,0.0019766594358146096,4996.295685994888,-6853.509318143213,5924.902502069051,-928.6068160741625,10588.080031642947,-23180.361045773552,16884.22053870825,-6296.140507065303,8095.261608602786,-15117.535789373758,11606.398698988272,-3511.1370903854863
448,16,16,6.666666666666671,6.666666666666671,0.0028591671213111483,-0.005566035038055622,-0.4766867491342354,0.9279818336191774,0.0005317631905684676,-0.0010943345194407395,-0.07754475983502963,0.1595821391820999,0.0002601136293152682,-0.00027204149642123755,-0.0979290811166226,0.10241975339874666,1.114915137363409e-05,-4.602793906520158e-05,-0.005776762369755902,0.0238486730907669,3534.1900520632316,-5169.623532395186,4351.906792229209,-817.7167401659772,12730.849356820283,-24945.9552368109,18838.40229681559,-6107.552939995308,7494.761926600952,-13044.834559948427,10269.79824327469,-2775.0363166737375
419,16,17,13.333333333333343,6.666666666666671,0.0036471378148774506,-0.006385393297726004,-0.6080589888083265,1.0645870786457254,0.0005162786377713919,-0.001142330142091469,-0.0752867134920354,0.16658113628756865,0.00010679139726873402,-0.00012046985424094502,-0.040205441880217,0.04535518634346591,3.141061558950311e-05,-4.683119696835417e-05,-0.01627493035724791,0.02426486889550898,2700.848763003089,-4163.06291287996,3431.955837941525,-731.1070749384355,15675.377570122626,-28216.187061021687,21945.782315572156,-6270.40474544953,8627.095110416984,-14270.692323031302,11448.893716724142,-2821.7986063071594
386,16,18,20.0,6.666666666666671,0.0029482094394268875,-0.004121622494102572,-0.49153208393177034,0.6871661377287096,0.0004904066325247168,-0.0012634253909642704,-0.07151390922711566,0.18423994035214872,-0.0001343841988195745,0.00019898533239141582,0.050593739134845,-0.0749151469228039,0.0001509347388583376,-7.47065993564754e-05,-0.07820452790583794,0.03870808256810392,1769.9518103594019,-1044.4074413248352,1407.1796258421186,362.77218451728334,12898.545742055434,-19906.28857708968,16402.417159572557,-3503.8714175171226,4693.565344256504,-6215.630303486218,5454.5978238713615,-761.0324796148566
357,16,19,26.66666666666667,6.666666666666671,0.0033362246521100847,-0.004505966342501345,-0.5562228496341134,0.7512448053509561,0.0004924531353892722,-0.0013536030210242749,-0.07181234201815559,0.1973901598286411,-0.00029160637130633846,0.0003271064011188554,0.10978565046728275,-0.12315090667590245,0.00016635756205738827,-9.715467704378449e-05,-0.08619562800896927,0.050339210903491804,723.1588542513578,-366.0855860965301,544.6222201739439,178.53663407741382,14368.64603731484,-21657.53253902027,18013.089288167554,-3644.443250852715,4760.5978810754805,-6168.472961678199,5464.53542137684,-703.9375403013591
324,16,20,33.33333333333334,6.666666666666671,0.0017576156786318433,-0.0018442449424887195,-0.2930336243130013,0.3074766492974553,0.000462842661980335,-0.00118928579091297,-0.06749437287357651,0.1734284784416369,-0.0003299448590519087,0.0003327469328103278,0.12421954570840463,-0.12527448661675047,0.0002066039383291964,-0.00021092760122003035,-0.10704867270937828,0.10928891254918756,329.2100672898792,-693.6114618273729,511.41076455862606,-182.20069726874684,8230.899816998712,-10949.455447095595,9590.177632047154,-1359.2778150484419,209.8357111162624,1284.3140109710491,-537.2391499273933,747.0748610436558
295,16,21,40.0,6.666666666666671,0.0016705030488709536,-0.0017326991310685673,-0.27851001148192966,0.2888794816715806,0.0005216239348920679,-0.0013022080422201406,-0.07606619539078546,0.18989544910255168,-0.00046726172315360987,0.0004567776888745273,0.17591739160250444,-0.17197030184004783,0.000187492421122676,-0.00020131972410973483,-0.09714633218786972,0.10431073788064299,-1078.3966448449735,474.27906662172444,-776.337855733349,-302.0587891116245,8066.38752910869,-10872.944144018598,9469.665836563643,-1403.2783074549543,-723.1279184572221,2408.8154068505214,-1565.9716626538718,842.8437441966496
262,16,22,46.666666666666686,6.666666666666671,0.0005945139221249249,-0.0005367603289169368,-0.09911869325176596,0.08948988478095783,0.0005707467153517545,-0.0012825587707753433,-0.08322956111586159,0.18703007958817963,-0.00035186475356000825,0.00036746444499069915,0.1324720741629968,-0.13834513606879498,0.00019043724258657892,-0.00019335307289265697,-0.09867214641787053,0.10018293932257348,-382.633651702456,198.37836690149945,-290.5060093019777,-92.12764240047828,4128.19426616199,-6243.930940378961,5186.062603270475,-1057.8683371084858,-3058.3697804001204,4950.901828843025,-4004.635804621573,946.2660242214524
233,16,23,53.33333333333334,6.666666666666671,0.0003904676312156825,-0.00041853376222043695,-0.06509963841532772,0.06977888666553031,0.0006940746658600276,-0.001510366346281983,-0.10121395054471038,0.22025028746375325,-0.0004571000123391103,0.0004057076704336769,0.17209165203915902,-0.15274316640817182,0.00018043819072707023,-0.00016136344242192625,-0.09349129053211715,0.08360800125484508,-1419.1219503498548,840.303359039916,-1129.7126546948855,-289.4092956549694,3734.692479685862,-6528.734986737295,5131.713733211578,-1397.0212535257165,-4346.596460940393,5738.243014056874,-5042.419737498633,695.8232765582407
200,16,24,60.0,6.666666666666671,9.157876380775958e-05,-0.00014387412405461432,-0.015268216706840834,0.02398701634785142,0.000574820518763827,-0.001108638880541391,-0.08382362650588338,0.16166808319969497,-0.000298158546940447,0.00031563228124228753,0.11225245138368253,-0.11883106377073752,0.00015233302464414699,-0.00014128045454485106,-0.07892902831299273,0.07320230805429284,-525.3820754054191,559.1095678469535,-542.2458216261863,16.86374622076721,2218.7358799040544,-4168.207352813019,3193.4716163585363,-974.7357364544821,-3805.810789321305,4905.053010973711,-4355.431900147508,549.621110826203
171,16,25,66.66666666666669,6.666666666666671,-4.3441754467733114e-05,-1.3928704918276562e-05,0.007242706646827655,0.0023222248946744004,0.0006751259604653166,-0.0012902794218156508,-0.09845074159178004,0.18815594922584802,-0.0003627380070783649,0.00033558835633493297,0.13656569943209088,-0.12634424215228407,0.00015441100896398152,-0.00011789984065617823,-0.08000570412637799,0.06108800033996024,-1058.8841339013795,967.2577626617076,-1013.0709482815436,-45.81318561983596,2022.0081436739897,-4260.724890372676,3141.3665170233326,-1119.358373349343,-4741.3575286362875,5586.990666670955,-5164.174097653621,422.8165690173337
138,16,26,73.33333333333334,6.666666666666671,-3.7565968782441676e-05,1.8569958100552364e-05,0.006263082491228587,-0.0030960250250960915,0.0005091100305944058,-0.0009616402520200169,-0.07424134605827828,0.1402318996748765,-0.00022855769560852418,0.00027617778161441193,0.08604872098396303,-0.1039770059320728,0.00012585952240501565,-9.751971247447497e-05,-0.0652121877745891,0.05052834843234689,-303.4967577406663,842.9263741064929,-573.2115659235795,269.7148081829133,1514.8684727018235,-3062.319007015305,2288.5937398585643,-773.7252671567408,-3425.1216511262965,4449.209419537015,-3937.1655353316555,512.0438842053591
109,16,27,80.0,6.666666666666671,-0.00015372865976844897,0.0001360204326428545,0.02562998662358014,-0.02267763131754985,0.0005823425259296441,-0.0010564289408411095,-0.0849205287539068,0.1540545301992858,-0.00025309306604128244,0.00026583376311045584,0.09528593891699094,-0.10008263011711699,0.00014343179366171238,-9.116477747654871e-05,-0.07431699153453135,0.047235635998189744,-317.83536791990934,825.6505855820087,-571.7429767509591,253.90760883104969,1310.0922738320971,-2924.793967201616,2117.4431205168567,-807.3508466847594,-4158.633281889507,4870.667517883891,-4514.650399886699,356.01711799719214
76,16,28,86.66666666666669,6.666666666666671,-0.00011233912406422265,0.00010904175349561451,0.01872943048750672,-0.018179685477736213,0.00043372628421019265,-0.0007660629238561115,-0.06324845559028729,0.11171169141180735,-0.0001863229480383272,0.0002256651185600462,0.0701479393462239,-0.08495970687439038,0.00010339753628217923,-7.387919994735692e-05,-0.05357385299592281,0.03827937821104791,-257.02484611119974,795.2765744530767,-526.1507102821382,269.1258641709385,983.769077783728,-2077.317537828636,1530.543307806182,-546.774230022454,-3054.11322560946,3790.204307704254,-3422.158766656857,368.0455410473969
47,16,29,93.33333333333334,6.666666666666671,-0.00020101073801925807,0.00020848964092336157,0.033512960656714996,-0.034759860107214,0.00047207372086577185,-0.0008552782539143458,-0.06884049885030873,0.1247215827801305,-0.00017460135951006384,0.0002039571056049996,0.06573492801413144,-0.0767869488103412,0.00013856111139155724,-4.3043557862527306e-05,-0.07179332196450396,0.022302361586791313,239.0094776511681,960.5453635637385,-360.7679429562852,599.7774206074533,778.0859648378819,-1988.032494096554,1383.0592294672178,-604.9732646293361,-3580.9291432921823,3905.4663665457124,-3743.1977549189473,162.26861162676505
14,16,30,100.0,6.666666666666671,-0.0002507523658515711,0.00024406118997110344,0.04180599630730576,-0.04069042847128403,0.0006448049785743654,-0.0010523633734939274,-0.09402916202328346,0.15346166583950688,-0.0001780062688732589,0.00019595177838793804,0.06701682795186571,-0.07377305699518168,0.00010561123460175105,-6.466705747906446e-05,-0.054720846943886944,0.03350624739846337,-115.08608910395067,568.3980673617392,-341.74207823284496,226.65598912889428,1149.2116293413899,-2504.26500500316,1826.738317172275,-677.526687830885,-3873.922136095261,4575.255101672757,-4224.588618884009,350.66648278874777
943,17,0,-100.0,13.333333333333343,0.0002036046957319241,-0.00021125699572245124,-0.033945431098972814,0.03522123970025932,-2.548586576232781e-05,3.743038950758917e-05,0.003716495189550084,-0.005458314182662288,5.148139170398219e-05,-3.8169613130897026e-05,-0.0193820116133375,0.014370316351071378,-6.9498561272387565e-06,7.766702205891514e-06,0.003600961723956226,-0.004024198034138804,418.6363796836403,-291.94791870178244,355.29214919271135,63.344230490928936,702.1948910014971,-690.0572998173292,696.1260954094132,6.068795592083973,910.8048821494524,-894.9722202740016,902.888551211727,7.916330937725377
916,17,1,-93.33333333333333,13.333333333333343,0.00032793866370242093,-0.00037926667396980196,-0.05467466883994026,0.06323218972478672,-1.5119139984316275e-05,2.853655425148612e-05,0.002204759749810183,-0.004161364090630614,9.16212243016706e-05,-7.753975164252398e-05,-0.03449408756573723,0.02919261342957158,-1.9656782780923058e-05,7.591550471203865e-06,0.01018486154451497,-0.003933445840000168,662.1264944207833,-691.919846981393,677.0231707010881,-14.89667628030486,1216.1150924916974,-1368.3171594295038,1292.2161259606005,-76.10103346890321,1517.4474208297088,-1516.2449804846221,1516.8462006571654,0.6012201725433215
881,17,2,-86.66666666666667,13.333333333333343,0.0002620423397835291,-0.0002980856640209584,-0.04368828605921342,0.04969750984003683,-2.215258014053348e-05,3.431884059416558e-05,0.003230416352977589,-0.005004570265283499,6.9649953557289e-05,-6.70780003260622e-05,-0.02622221668905215,0.025253912885549058,-1.0990576908046054e-05,1.010388364220415e-05,0.005694599434218098,-0.005235172871605927,548.8190970815317,-543.5908562357877,546.2049766586597,2.61412042287202,938.8988973009756,-1036.6169008195416,987.7578990602585,-48.85900175928299,1181.0648202135878,-1282.7270124359104,1231.8959163247491,-50.83109611116129
854,17,3,-80.0,13.333333333333343,0.0002863648687566245,-0.0003162805245281382,-0.04774339259023399,0.052730997753867165,-1.738419433877713e-05,6.851222908388635e-06,0.00253506297320966,-0.0009990846384822212,6.993524815342489e-05,-4.7010451811778974e-05,-0.026329626045957722,0.01769876634655281,-4.826227128089752e-06,9.68810987269825e-06,0.002500635817661918,-0.005019746048027841,632.7856411800533,-393.2994908701367,513.042566025095,119.74307515495829,1048.720308527417,-1193.4836218963144,1121.1019652118657,-72.38165668444867,1187.7940293451743,-1158.9396898037296,1173.366859574452,14.427169770722344
819,17,4,-73.33333333333333,13.333333333333343,0.0003602758294348733,-0.0005563679760748006,-0.06006599357025154,0.0927589156508872,-1.2508148152861533e-05,-6.14021389204296e-06,0.0018240099384421976,0.0008954012237762778,0.00012545230592846265,-0.00013487435366702077,-0.04723100852452963,0.050778275462071025,-2.38730518088345e-05,8.989897258923473e-06,0.012369456895763402,-0.004657977854362322,916.2724602056401,-1242.3199266216952,1079.2961934136677,-163.02373320802758,1352.9339912852436,-2168.574175497681,1760.7540833914622,-407.8200921062188,1804.5117692135796,-2207.66857524668,2006.0901722301298,-201.57840301655028
792,17,5,-66.66666666666666,13.333333333333343,0.00025153945262622383,-0.0003316410469461562,-0.041937221178037935,0.05529193847043877,6.824990359162454e-06,2.347028226845721e-06,-0.000995259257625321,-0.0003422571238566265,0.0001019073961877726,-8.218703287595993e-05,-0.03836668495198452,0.030942248702736378,-1.7799335616971314e-05,1.1796351139995871e-05,0.009222453687545604,-0.00611209903626444,756.5401719944825,-678.7183521519312,717.6292620732069,38.910909921275675,997.7232270514302,-1272.1118999730916,1134.9175635122608,-137.1943364608307,1307.47879219825,-1388.34397097709,1347.91138158767,-40.43258938942006
757,17,6,-60.0,13.333333333333343,0.0005213312557027198,-0.0009537271148697334,-0.08691751512203896,0.15900752165195028,-4.237478138116737e-06,2.2865318275479257e-07,0.0006179333777788865,-3.334351917679902e-05,0.00024385767474501344,-0.00027413505167588184,-0.09180894547463697,0.10320794716965322,-3.4309243356901816e-05,2.4903938339932886e-05,0.017776810029474517,-0.012903594994777862,1871.20460330178,-2384.5940713896507,2127.899337345715,-256.69473404393534,2012.8877242197568,-3687.0434849678927,2849.9656045938245,-837.077880374068,2902.863276875632,-4105.868158190452,3504.365717533042,-601.50244065741
730,17,7,-53.33333333333333,13.333333333333343,0.0003299607024535602,-0.0005060165883583567,-0.05501178767140681,0.08436421946609671,-5.554543222343532e-06,-1.2797957530168524e-05,0.0008099953660001639,0.0018662716048376954,0.00018973346037686896,-0.0001502662192548474,-0.07143194872446948,0.056573093894516584,-3.074996490194082e-05,2.298341520082438e-05,0.01593262430151631,-0.011908505285395679,1383.0642253427775,-1198.882242976379,1290.9732341595782,92.09099118319921,1268.4796611438092,-1997.7797364621645,1633.1296988029867,-364.65003765917766,2097.7350614275906,-2248.556356676633,2173.1457090521117,-75.41064762452129
695,17,8,-46.666666666666664,13.333333333333343,0.0007141958189131014,-0.0014481437825560855,-0.1190723272611039,0.2414377763511266,-8.295673979707521e-07,-6.47582216058203e-06,0.00012097227823129992,0.0009443415472963983,0.00035703509246891676,-0.00038021577364698306,-0.13441863321007097,0.14314582991022548,-3.471190171571354e-05,5.211638721837989e-05,0.01798544130347013,-0.027003309439562483,2905.8504421431853,-3147.5362977043583,3026.6933699237716,-120.84292778058648,2779.4708656323737,-5612.924552024448,4196.197708828411,-1416.726843196037,3991.2453754119792,-6139.886072964775,5065.565724188377,-1074.3203487763979
668,17,9,-40.0,13.333333333333343,0.0004972185738529341,-0.0009251852788711916,-0.08289739477363084,0.15424896279924905,-1.244266916182038e-05,-1.95465481492621e-06,0.0018144614162342232,0.0002850389813965909,0.0003137299656168797,-0.00030341327040901635,-0.11811486899970462,0.1142307800170324,-2.0792409591850203e-05,2.984222597707694e-05,0.01077326921857021,-0.01546229325236426,2618.2380116562836,-2571.0032923934173,2594.6206520248506,23.617359631433146,1906.6288932689133,-3588.6556081774647,2747.642250723189,-841.0133574542757,3120.4108694729607,-4217.123487143351,3668.767178308156,-548.356308835195
633,17,10,-33.33333333333333,13.333333333333343,0.0008383454834869252,-0.0019324916077399753,-0.13977083752680078,0.322189331066567,9.469404232952254e-06,-1.6951755428864395e-05,-0.0013808828629904007,0.002472002249926694,0.000443721888911508,-0.000499023958881471,-0.16705497888297483,0.18787542151130637,-5.472595743425294e-05,5.1095276243392627e-05,0.028355418359703326,-0.026474236395527876,3465.3223473584194,-4345.837050322337,3905.579698840378,-440.2573514819587,3298.385014955872,-7519.33088850141,5408.857951728642,-2110.472936772769,4896.44168416485,-7989.604161573558,6443.022922869204,-1546.5812387043538
606,17,11,-26.666666666666657,13.333333333333343,0.000736561128825119,-0.0016036403022297347,-0.12280112184462945,0.26736250453942795,3.092792526969337e-05,-3.709628284204156e-05,-0.004510087534773284,0.005409592831506944,0.00047730924111073954,-0.0004813742583329808,-0.17970013917953315,0.1812305603356458,-7.600716008213039e-05,6.0262262047652823e-05,0.03938194822906474,-0.03122396997286255,3483.483750905899,-3988.2296342695327,3735.8566925877158,-252.37294168181688,2980.96089559513,-6322.771050830125,4651.865973212627,-1670.9050776174977,4920.028771982764,-7064.764987395853,5992.396879689308,-1072.3681077065444
571,17,12,-20.0,13.333333333333343,0.0010657415664673178,-0.0028895896997337195,-0.1776828220183103,0.4817588695781381,0.00013409724239729466,-0.00015059940423965018,-0.019554829368918298,0.021961269302183076,0.00048713441003158357,-0.0005650599347318916,-0.1833991755074899,0.2127370270053926,-7.687503425867295e-05,6.096259447780655e-05,0.039831623968205755,-0.031586836516983484,3710.051849540855,-5171.096540162065,4440.574194851461,-730.522345310605,4581.052867038343,-11629.70754154397,8105.380204291157,-3524.327337252814,5597.756791114024,-10594.695888491582,8096.226339802803,-2498.469548688779
544,17,13,-13.333333333333329,13.333333333333343,0.0012255286374238457,-0.003096822929300909,-0.20432288053053174,0.5163092579687516,0.00017920894549713386,-0.0002552657740463834,-0.026133276776845422,0.03722431994845096,0.0005663967835504392,-0.0006136888727861631,-0.21324033156785183,0.23104513039800648,-0.00010138436649194158,6.79581562862694e-05,0.05253075984035974,-0.03521147994105581,4180.001721378076,-5621.364224129443,4900.682972753759,-720.6812513756836,5348.8382518389835,-12772.95979153094,9060.899021684962,-3712.0607698459785,6511.236779242313,-11200.833391712507,8856.03508547741,-2344.7983062350972
509,17,14,-6.666666666666657,13.333333333333343,0.0017280080267758789,-0.004597539984317242,-0.28809737025232723,0.7665121681078364,0.00031474474631158257,-0.0005368370615726972,-0.0458978849889507,0.0782846608199705,0.0004805275526401734,-0.000562955103196322,-0.180911787687357,0.2119445878751316,-5.744189973105289e-05,4.141459335326322e-05,0.029762642347681917,-0.02145833852499684,4172.9234300252865,-6104.890310562977,5138.906870294131,-965.9834402688452,7711.280918562402,-19437.920709031547,13574.600813796975,-5863.319895234572,6723.596719870873,-13993.160924064163,10358.378821967519,-3634.782102096645
482,17,15,0.0,13.333333333333343,0.002394243368447638,-0.0048806558985748285,-0.39917361928047435,0.8137138877239068,0.0003993322042055424,-0.0006856271479657247,-0.0582329134824249,0.09998208501145382,0.0004987350188348495,-0.0005505823504704948,-0.1877666396941524,0.20728642248597826,-4.801815688672306e-05,2.0844154462184822e-05,0.024879874034559935,-0.01080008003221508,4693.698565654943,-6393.305135155859,5543.501850405401,-849.8032847504578,10543.227690996679,-21011.786112431793,15777.506901714236,-5234.279210717557,8286.949670971202,-14166.131734913877,11226.54070294254,-2939.5910319713375
447,17,16,6.666666666666671,13.333333333333343,0.0028328934004484365,-0.005528905785311709,-0.4723063355192513,0.9217915614044624,0.0005180760110487702,-0.0010274213382815858,-0.0755488167771071,0.14982447514138758,0.0002452555584853774,-0.000255696269340026,-0.09233522881689041,0.09626600792635735,-4.959806060970227e-06,2.2687022169597753e-05,0.002569847699983375,-0.011754933766625479,3204.9517790211953,-4191.177032694316,3698.0644058577554,-493.11262683656037,12580.361440379225,-24570.036569880907,18575.199005130067,-5994.837564750841,7503.424125827757,-13542.146352906753,10522.785239367255,-3019.361113539498
420,17,17,13.333333333333343,13.333333333333343,0.0037435090630926066,-0.0059361971728003745,-0.6241262192543121,0.989696094163398,0.0005162968390197718,-0.0011457428761624318,-0.07528936770251735,0.16707880075289339,0.00012291210679809937,-0.00014292316841239632,-0.046274659688274634,0.053808539712996546,3.983972228787755e-05,-4.397705484397757e-05,-0.020642343154331073,0.022786038779252362,2969.055550353377,-4177.377402629323,3573.21647649135,-604.1609261379731,16048.128833086295,-26511.305448477957,21279.717140782126,-5231.588307695831,8897.750255442008,-13232.068680779576,11064.909468110793,-2167.1592126687838
385,17,18,20.0,13.333333333333343,0.0030213443300284824,-0.004297521717704689,-0.5037252967696317,0.7164924504332562,0.000506951794816366,-0.0012112961055458628,-0.07392661973264346,0.17663814882193626,-0.0001296086469601677,0.00020673690812250242,0.04879581179575253,-0.07783350491330795,0.00013626864435542792,-5.782220088977271e-05,-0.07060551521003336,0.029959689580179142,1672.0315729263177,-817.3029416667315,1244.6672572965247,427.3643156297931,13231.074280020937,-20404.170684161603,16817.62248209127,-3586.548202070333,4982.998406359565,-6882.3122611643685,5932.655333761966,-949.6569274024018
358,17,19,26.66666666666667,13.333333333333343,0.003543597146869667,-0.004529262309502874,-0.5907964566296605,0.7551287611698118,0.00049448628308783,-0.0013641430681899701,-0.07210882728225458,0.19892716998769328,-0.00029832722228612124,0.0003099687046773209,0.11231595525178967,-0.11669880776285033,0.00014701086723653588,-0.00011189191502447536,-0.07617143380127842,0.05797508550488248,509.8089145316704,-696.7247140668233,603.2668142992468,-93.45789976757644,15164.673756776761,-21786.40545936198,18475.53960806937,-3310.8658512926095,5408.7824465243,-6181.688182149267,5795.235314336784,-386.4528678124834
323,17,20,33.33333333333334,13.333333333333343,0.0018747622336055545,-0.001999233788874576,-0.3125645604539728,0.3333167370576485,0.0004843700974937497,-0.0012194797053386782,-0.07063362704979595,0.17783152830320775,-0.00035844543638248726,0.00034481506184724526,0.1349496076302809,-0.12981796552054042,0.0002060822957445214,-0.00020278148238311663,-0.10677839157742244,0.10506812558705807,125.36153764844882,-558.9490606288209,342.15529913863486,-216.79376149018606,8745.48530032542,-11638.58446986039,10192.034885092904,-1446.5495847674856,320.55378990654395,950.9129133833702,-315.1795617384131,635.7333516449571
296,17,21,40.0,13.333333333333343,0.001782149754699682,-0.0018609769003041943,-0.2971240004496809,0.3102662387965302,0.0005087440944957554,-0.001283674120524412,-0.07418798315654287,0.18719272628873654,-0.00048825443073725514,0.0004733014726993557,0.18382084737000146,-0.17819127138629903,0.00019279868753267816,-0.00018298604226028853,-0.09989569302206645,0.09481142086020891,-1166.4870806010003,795.0213894596527,-980.7542350303265,-185.73284557067382,8449.004939421404,-11297.369978694585,9873.187459057994,-1424.1825196365908,-552.8936888529867,1978.1968537635528,-1265.5452713082698,712.651582455283
261,17,22,46.666666666666686,13.333333333333343,0.0007102858183787177,-0.0006202983823774773,-0.11842044321069073,0.10341753624151526,0.0005837195641272791,-0.0013134634439502329,-0.08512133636566555,0.19153677636906244,-0.0003761450713974538,0.0003423871683796286,0.14161326842221286,-0.12890389816867331,0.00019350649269683166,-0.00019870574650584943,-0.10026243144908882,0.10295634533977036,-512.5947415672518,-120.24139165881229,-196.17667495421978,-316.41806661303207,4610.659945795272,-6669.908223650167,5640.28408472272,-1029.6241389274478,-2936.960388041501,4714.479187817171,-3825.7197879293362,888.7593998878349
234,17,23,53.33333333333334,13.333333333333343,0.0004198092044256627,-0.00045562309875194786,-0.06999153124792844,0.07596250395987159,0.000661516204505907,-0.0014463735554251613,-0.09646608888169386,0.21091849149483577,-0.00046150250919146793,0.00042975949706102856,0.1737491294750978,-0.16179833697725438,0.00017930745931943697,-0.00016387205447640398,-0.09290541933645252,0.08490780024680185,-1474.4113613390919,1033.4557198641855,-1253.9335406016387,-220.47782073745316,3739.1465375414896,-6457.154538509778,5098.150538025634,-1359.0040004841442,-4209.583859106741,5639.109347235327,-4924.346603171034,714.7627440642927
199,17,24,60.0,13.333333333333343,0.00011780559195191922,-0.0001670127001942879,-0.019640812262713275,0.027844731609545516,0.0006064711701035094,-0.0011889639018353964,-0.08843910610336017,0.1733815387292674,-0.000301629484672105,0.00030033191528950877,0.11355921006283771,-0.11307069364923335,0.00016200812585949242,-0.00013487459820237812,-0.0839420341240502,0.06988321150379027,-420.94773265761637,459.7872985058099,-440.3675155817131,19.41978292409675,2424.1768086205734,-4521.944701822723,3473.060755221648,-1048.8839466010747,-3902.448225903041,4900.826722770831,-4401.637474336936,499.18924843389505
172,17,25,66.66666666666669,13.333333333333343,-4.173286370154934e-05,-2.1160118474425936e-05,0.0069577965490981815,0.003527862366521557,0.0006795102316716077,-0.001287613575971897,-0.09909008117709439,0.18776720028764096,-0.00036070472483466326,0.00034986249867141557,0.13580019759237333,-0.1317182536810893,0.00014314233959777136,-0.00010754272283421826,-0.07416701533559825,0.05572161804879177,-1169.63914569499,1209.0613258443045,-1189.3502357696473,19.71109007465725,2041.3829193851634,-4275.72105253742,3158.551985961292,-1117.1690665761284,-4650.234115857098,5557.365342531423,-5103.799729194261,453.56561333716263
137,17,26,73.33333333333334,13.333333333333343,-5.311370883388007e-05,1.0030957424760079e-05,0.008855236551151332,-0.0016723836986905687,0.0005375451811408619,-0.0009776120522361847,-0.07838792287876234,0.14256099923246676,-0.00021160963292253746,0.00025449696301669427,0.0796680164821856,-0.09581448615669691,0.00013271876019463948,-9.512123936887991e-05,-0.06876619699200912,0.04928561625328267,-70.96999606325684,674.432053846833,-372.70102495504494,301.73102889178807,1552.537413167295,-3150.399194096954,2351.4683036321244,-798.9308904648295,-3495.0169926034305,4332.205789454539,-3913.6113910289846,418.5943984255541
110,17,27,80.0,13.333333333333343,-0.0001342173369660806,0.00011944334884842373,0.022377015166037448,-0.01991386276229684,0.0006098569208237535,-0.0010986985872613265,-0.08893283570164609,0.16021853259377897,-0.0002681845629193861,0.0002676886878795364,0.1009676728032065,-0.1007809829049148,0.0001222336298641076,-8.219231151346748e-05,-0.06333348697619201,0.042586689903331164,-675.506266302504,922.2122668228459,-798.859266562675,123.35300026017097,1469.305148755227,-3125.3285310192623,2297.316839887245,-828.0116911320176,-4087.882148203738,4865.879570887871,-4476.880859545804,388.9987113420664
75,17,28,86.66666666666669,13.333333333333343,-0.0001154645546647798,0.00011628879795795165,0.01925050928052986,-0.019387928969287895,0.0004446398437441755,-0.0007753208978375863,-0.06483993346618781,0.11306174230228919,-0.00017956008646515328,0.00022296504708502332,0.0676018181709389,-0.08394316837468065,0.00011711035393425421,-5.976986987892369e-05,-0.06067893986227959,0.030968844496837213,-36.11546404221184,934.0951061346951,-485.10528508845346,448.9898210462417,1010.9921804564491,-2078.0587338353994,1544.5254571459243,-533.5332766894751,-3156.8991295271653,3708.424135769018,-3432.6616326480917,275.76250312092634
48,17,29,93.33333333333334,13.333333333333343,-0.0001938269898959563,0.00023033663616794817,0.032315270072638354,-0.038402240107973586,0.0005047903965714219,-0.000902446174795063,-0.07361143223793766,0.13159987966394227,-0.00018892793303634431,0.00021583112319477436,0.07112867914002075,-0.08125734751566964,0.00012930143318473484,-4.947213741655334e-05,-0.06699556123558267,0.02563323182203641,24.56407423043578,975.2768198558774,-475.3563728127208,499.9204470431566,909.3245147653392,-2058.6467361165037,1483.9856254409215,-574.6611106755822,-3641.532302086249,4182.0675089834085,-3911.7999055348287,270.26760344857985
13,17,30,100.0,13.333333333333343,-0.00028880163430537996,0.0002694550762669535,0.048149655602696816,-0.04492415409579462,0.0006313005395883852,-0.001074320927258087,-0.09205986723859712,0.15666364232717292,-0.0001633607594553539,0.00019501925808736932,0.06150300199989322,-0.07342197636785089,0.0001167854120090488,-5.268399474239677e-05,-0.06051057617046339,0.02729740660226539,122.3804277160903,698.3119851354588,-287.9657787096843,410.34620642577454,963.3420749621035,-2477.367096497087,1720.3545857295953,-757.0125107674917,-3950.892585863845,4595.447954573667,-4273.170270218756,322.2776843549109
942,18,0,-100.0,20.0,0.00018585637577351233,-0.00017804127592109344,-0.030986391426017345,0.029683440466963,-1.4047677995395342e-05,3.336134117165459e-05,0.0020485130142766164,-0.004864942205128714,6.828956755360423e-05,-5.5211613566726964e-05,-0.025710050711223696,0.020786387079326545,-9.536535376305622e-06,8.465128326350896e-06,0.004941210039534288,-0.004386076853029507,532.429524361531,-421.43538932579224,476.9324568436616,55.49706751786937,673.9998386163663,-578.8086852475896,626.404261931978,47.59557668438839,945.7846619578412,-893.4179771121871,919.6013195350142,26.183342422827025
917,18,1,-93.33333333333333,20.0,0.0003519823090498833,-0.0003928268383273865,-0.05868327926798772,0.06549297071137651,-1.97924015117347e-05,3.590410107324997e-05,0.0028862415620479675,-0.005235742044953222,0.0001005561531145692,-7.946357659797508e-05,-0.037857961157416936,0.02991690615737865,-1.9955463383784405e-05,4.247654510713473e-06,0.010339618333562228,-0.0022008572594360066,741.4968304485235,-748.5745714535129,745.0357009510183,-3.538870502494717,1294.096577109515,-1396.8589929127081,1345.4777850111116,-51.381207901596554,1639.750702294043,-1552.9968450331685,1596.3737736636058,43.376928630437305
880,18,2,-86.66666666666667,20.0,0.00018383126824276884,-0.00020894227487623608,-0.03064876096073881,0.03483532425407527,-2.719471271789931e-06,1.6381373807803922e-05,0.00039656890583903754,-0.002388825928955387,5.8645287995820956e-05,-5.529543548451198e-05,-0.02207911665516612,0.020817944838940023,4.646698506345417e-06,8.40761877550184e-06,-0.0024076158063954666,-0.004356279158289077,618.0494570300654,-440.208207655669,529.1288323428672,88.92062468719817,704.3572650943632,-752.876366241925,728.6168156681441,-24.25955057378087,755.6542759409648,-934.8063612404587,845.2303185907117,-89.57604264974697
855,18,3,-80.0,20.0,0.00027903222962863,-0.00025184103197439854,-0.046520878564227944,0.04198750116272855,-3.7703294475463424e-05,2.7375041586212082e-05,0.005498110751072697,-0.003991985648738586,8.648975456901258e-05,-6.201124613082433e-05,-0.03256216221057682,0.023346352009598014,-2.6947578584319904e-05,1.7588696021019826e-05,0.01396247595041831,-0.009113314000524158,507.69654604227486,-400.9403587393931,454.31845239083395,53.37809365144088,952.7461202083447,-880.4264728343837,916.5862965213641,36.159823686980474,1471.013304729945,-1177.0808807060323,1324.0470927179886,146.96621201195637
818,18,4,-73.33333333333333,20.0,0.0002345061141605366,-0.0003492713623938806,-0.039097384821641906,0.058231304166954226,-1.3167920655019938e-06,6.420558620192448e-06,0.0001920221750641791,-0.000936282700721173,8.271225906699647e-05,-8.329135821763813e-05,-0.031139988891906747,0.031358011483983296,-1.0199641390754583e-05,2.112285693945243e-05,0.0052847882853626045,-0.010944485460851078,670.3284012513691,-584.1046390210433,627.2165201362062,43.11188111516287,904.1109080597835,-1324.8111687092633,1114.4610383845234,-210.3501303247399,1123.5454133678568,-1520.7002858600981,1322.1228496139775,-198.57743624612067
793,18,5,-66.66666666666666,20.0,0.0002593190517764572,-0.000305177216290822,-0.043234253380475825,0.05087982932484072,-2.1384760477686585e-05,4.433027800383518e-06,0.0031184484838055505,-0.0006464495516420833,9.521847513443979e-05,-7.21215338222189e-05,-0.03584840133055775,0.02715273149862871,-1.9777764819345474e-05,1.789289729675444e-05,0.010247546538516191,-0.009270931241837355,666.5112547987942,-511.76193901484066,589.1365969068174,77.37465789197677,933.4554851862968,-1161.4194589741323,1047.4374720802145,-113.98198689391779,1372.8729203229166,-1318.2848404239687,1345.5788803734426,27.294039949473927
756,18,6,-60.0,20.0,0.0004505570293311963,-0.0007791925930119805,-0.07511787751426564,0.12990873508017492,8.918611705459246e-07,-1.1707953019462485e-05,-0.00013005631360500777,0.0017073208923759312,0.00020060630363552464,-0.00022159441631051688,-0.07552541953662241,0.08342714538637773,-5.770750204810399e-06,3.145185288080504e-05,0.002990026012853735,-0.01629629682942506,1808.7223460418325,-1804.0449706985146,1806.3836583701736,2.3386876716589313,1757.017970898762,-3049.1668385293697,2403.092404714066,-646.0744338153038,2262.758279248651,-3399.615833881182,2831.1870565649165,-568.4287773162655
731,18,7,-53.33333333333333,20.0,0.00027617861783734983,-0.00038965736301236367,-0.046045118012164564,0.06496454868486462,-3.024979225823246e-06,-1.1939495650397086e-05,0.00044111982877501386,0.0017410857674666652,0.00015067683060710575,-0.00010764447956946788,-0.05672768322737302,0.04052661523067786,-1.1255111691666549e-05,7.472169732924778e-06,0.005831664088943679,-0.0038715905351923803,1256.280238185219,-973.2185918919323,1114.7494150385758,141.5308231466434,1068.230354450444,-1545.7056214666522,1306.9679879585483,-238.73763350810407,1598.9043442165892,-1606.3998975680495,1602.6521208923193,-3.747776675730165
694,18,8,-46.666666666666664,20.0,0.0006184604483250506,-0.001231499466966672,-0.10311111175795006,0.2053183506110282,4.887126195865629e-06,6.6528748041836435e-06,-0.000712668785398164,-0.000970160379757455,0.0003511044133951312,-0.00035071759710553473,-0.13218581690735634,0.13204018607708864,-3.418145960549148e-05,5.0816924527109196e-05,0.01771060083185261,-0.026330012708334457,2831.9602798315404,-2831.9109014507526,2831.9355906411465,0.024689190393928584,2431.0547415435863,-4736.388385889744,3583.7215637166655,-1152.666822173079,3693.7509837665634,-5441.971216137366,4567.861099951965,-874.1101161854015
669,18,9,-40.0,20.0,0.00042613795522709305,-0.0007217138873928735,-0.07104667476267026,0.1203257564841385,1.3046245309611288e-05,-1.6601768174106694e-05,-0.0019024783535716188,0.002420965100126058,0.0002514313501480041,-0.00024153108025844848,-0.09466032652238474,0.0909330157480783,-3.0186292001132643e-05,3.8878240680118436e-05,0.01564056580368838,-0.020144166155492388,1960.3812139466734,-1872.8180002214349,1916.5996070840542,43.78160686261924,1707.2216198322337,-2847.09484773945,2277.1582337858417,-569.9366139536081,2623.19599661017,-3399.524471550866,3011.3602340805182,-388.1642374703481
632,18,10,-33.33333333333333,20.0,0.000778435553784389,-0.00169003843620403,-0.12978251980381772,0.2817669950319545,1.7035731438570975e-05,-7.841507329541026e-06,-0.0024842481135368463,0.0011434935952671797,0.0004395805047763339,-0.00046881382937646497,-0.16549580667052224,0.1765017375154799,-6.459914710252474e-05,4.4283162429405696e-05,0.03347106067486767,-0.02294464374579536,3298.7215265842,-4081.2636669964286,3689.9925967903146,-391.27107020611425,3091.686316421765,-6558.038768823961,4824.862542622863,-1733.176226201098,4776.865332819447,-7169.366332881468,5973.115832850457,-1196.2505000310107
607,18,11,-26.666666666666657,20.0,0.0006111051355520656,-0.0012689906370059489,-0.10188481753104531,0.21156896248819135,2.5187615556085658e-05,-5.084605190460196e-05,-0.003673002633043735,0.007414663055723761,0.00041269005611204845,-0.0004030802969776856,-0.155371935286161,0.1517539976784411,-5.4435908601687096e-05,4.631987895698376e-05,0.028205133990498298,-0.023999937283400084,3133.6149810240045,-3371.802938799955,3252.70895991198,-119.09397888797525,2475.6709944438694,-5077.564737316687,3776.6178658802783,-1300.9468714364086,4104.244674288444,-5646.2586684724765,4875.25167138046,-771.0069970920163
570,18,12,-20.0,20.0,0.0010108096829892562,-0.0026795872166980404,-0.16852445531641222,0.4467467850440626,0.00011309934945389269,-0.00013099099459746186,-0.016492796128902,0.019101858490342398,0.0005113727876058728,-0.0005652667056212404,-0.19252457985426077,0.21281487330375418,-7.420400461826439e-05,6.722007892417373e-05,0.038447670786647556,-0.03482905643737947,3922.7663189940495,-5023.031303362016,4472.898811178033,-550.1324921839832,4306.006178925361,-10760.59632883341,7533.3012538793855,-3227.295074954024,5609.157318933301,-10141.850413698567,7875.503866315934,-2266.3465473826327
545,18,13,-13.333333333333329,20.0,0.0011894157909779694,-0.0026511150795283486,-0.1983020658513344,0.4419998465362847,0.00015207120268665542,-0.0002142432544134969,-0.022175895397262325,0.03124218073840275,0.0005385385908598217,-0.0005502213805420662,-0.20275211832449505,0.2071505224430055,-7.23127471455794e-05,4.900617432542254e-05,0.03746774463499776,-0.025391800168600872,4253.859762319268,-5130.90158198432,4692.380672151794,-438.52090983252583,5122.053880650995,-10925.893062514317,8023.973471582656,-2901.919590931661,6111.95785343878,-9658.28402720529,7885.1209403220355,-1773.1630868832553
508,18,14,-6.666666666666657,20.0,0.001646781470839093,-0.004414535343743162,-0.27455509683841056,0.7360012243642847,0.0003009310681156531,-0.0004853505759923379,-0.043883495168179874,0.07077660605068384,0.0005182990497571363,-0.0005835155025503727,-0.195132219022695,0.21968528574411017,-7.1366821024924e-05,4.424033908843905e-05,0.03697762747403664,-0.022922455486227164,4304.12903092603,-6167.150133756206,5235.6395823411185,-931.5105514150878,7358.514230652705,-18571.089917945723,12964.802074299214,-5606.287843646509,6847.51402026292,-13764.026345520286,10305.770182891603,-3458.256162628683
483,18,15,0.0,20.0,0.0024369734972104094,-0.004063241942598142,-0.4062976820951978,0.6774328013658639,0.0003673337497609075,-0.0006679509828513946,-0.05356671524040524,0.09740444518435382,0.0004960337283024302,-0.0005405963011382948,-0.18674964223667495,0.20352681697179612,-5.629593309634482e-05,2.8569619376775847e-05,0.029168877251978535,-0.014802911594177475,4574.7981219062585,-5941.968495870251,5258.383308888255,-683.5851869819962,10599.826945267603,-17822.66512933617,14211.246037301886,-3611.4190920342826,8521.061175231314,-12085.001966712975,10303.031570972144,-1781.97039574083
446,18,16,6.666666666666671,20.0,0.002697977110291726,-0.005363910023954255,-0.449812789311095,0.8942830983572428,0.0004914265167260436,-0.000955845520573757,-0.07166263459369637,0.1393868786838065,0.00028505597737150403,-0.0002950995333920901,-0.10731952033531363,0.11110077629959532,1.0709800365831735e-05,-1.0590846640924433e-05,-0.00554911936053199,0.005487485306175904,3673.7759256687755,-4831.765008304452,4252.770466986613,-578.9945413178382,11985.206271562754,-23715.041449177363,17850.12386037006,-5864.917588807304,7301.407610968901,-13228.514961475534,10264.961286222217,-2963.553675253316
421,18,17,13.333333333333343,20.0,0.003900253273489718,-0.005133107706000714,-0.6502589652357879,0.8558032187385004,0.0005118356220359633,-0.0011450162823271651,-0.07463880744239185,0.16697284467046292,0.0001509031884667536,-0.00017546742946076307,-0.05681290374141218,0.06606099103004476,1.7991156123623498e-05,-4.2157794875816606e-05,-0.00932184255109591,0.02184341703409168,3006.2134004009877,-4172.705880302438,3589.459640351713,-583.2462399507253,16633.974364776965,-23440.203860607653,20037.08911269231,-3403.114747915344,9629.38756979932,-11326.121635829575,10477.754602814448,-848.3670330151272
384,18,18,20.0,20.0,0.0030233099385589862,-0.004478902664782318,-0.5040530074282681,0.7467326883587937,0.0005004284673975162,-0.0011997656146980928,-0.07297535069598976,0.17495670648175757,-0.00011834138002488744,0.0001395532600625577,0.044553846080336884,-0.05253981715887408,0.0001284850446204088,-5.207283185449077e-05,-0.06657256197945538,0.026980741893505952,1676.6415698085107,-1383.7388353914732,1530.190202599992,146.45136720851872,13217.593269585299,-21069.776101197374,17143.684685391338,-3926.0914158060377,5121.462536220093,-7775.9212554709875,6448.691895845541,-1327.2293596254472
359,18,19,26.66666666666667,20.0,0.0037047369756154206,-0.004273125648408844,-0.6176620499516893,0.7124250830948415,0.0005156904416784837,-0.0013728856510720514,-0.0752009393625555,0.20020206359062223,-0.00029799935445471977,0.00027717021155304546,0.1121925176774443,-0.10435064168587335,0.00012427714810467458,-0.00013346980046265413,-0.06439230471741794,0.06915533702724969,310.88349934591486,-1149.1068159688803,729.9951576573976,-419.1116583114827,15847.272672419715,-20843.53605212715,18345.40436227343,-2498.131689853718,5955.13391935112,-5500.797431756966,5727.965675554044,227.16824379707714
322,18,20,33.33333333333334,20.0,0.0019905925470595897,-0.002145126220574189,-0.3318760498594201,0.3576402501785903,0.00047368314350207765,-0.0012424825340456539,-0.0690751940943928,0.18118593278107673,-0.00038026107803968757,0.00033895231005825273,0.14316288636958818,-0.12761072287423142,0.00019819114964180447,-0.00019874156987762003,-0.10268971484026532,0.10297490667229396,-120.57184026890833,-620.2623088240466,249.84523427756915,-370.41707454647747,9148.988040962462,-12272.712274679147,10710.850157820805,-1561.8621168583422,593.2334972374049,562.4266445818569,15.403426327774014,577.8300709096309
297,18,21,40.0,20.0,0.001849732980143852,-0.0019281210474118727,-0.3083916272326211,0.3214606614553472,0.0005016687459651499,-0.0012648843575311715,-0.07315621523374174,0.18445269522883875,-0.0005144154610964196,0.0004620891336771972,0.1936701031390326,-0.17396998524878104,0.00017163049092346272,-0.00016612671557868013,-0.08892771550434336,0.08607601843450916,-1618.1169991001755,879.9936137251743,-1249.0553064126748,-369.06169268750057,8676.849440550051,-11491.500281676428,10084.174861113239,-1407.3254205631883,-335.3574137437413,1572.6612101143971,-954.0093119290692,618.6518981853279
260,18,22,46.666666666666686,20.0,0.0007804850349315616,-0.0006216273405665936,-0.13012421389304243,0.1036391031286634,0.0005790377252615625,-0.0013434720924190078,-0.08443860375673827,0.19591280968569227,-0.0003994196434385403,0.0003437238413725899,0.15037581369662323,-0.1294071365353006,0.00019568320860834,-0.0001934560593675664,-0.10139026352759004,0.10023630019040217,-666.7328280189718,-61.08496071837721,-302.82393365029725,-363.9088943686745,4860.720722503018,-6772.506109258355,5816.613415880686,-955.8926933776684,-2881.522683539697,4746.934521611878,-3814.2286025757876,932.7059190360906
235,18,23,53.33333333333334,20.0,0.0004246485153189514,-0.00047705651523157464,-0.07079835200372735,0.07953593118221182,0.0006392839028974747,-0.0013811879912589758,-0.09322404708680612,0.20141275847752393,-0.0004892441646835658,0.00045036261031081675,0.18419346812104506,-0.16955511602033946,0.0001527050600440335,-0.00015695329407289403,-0.07912179276889238,0.08132295029679837,-2029.7328243903892,1311.8963603242632,-1670.814592357326,-358.91823203306296,3675.9233457951163,-6320.69536322078,4998.309354507948,-1322.3860087128317,-4087.2683617146013,5487.924530740618,-4787.59644622761,700.3280845130084
198,18,24,60.0,20.0,0.00010993668910744305,-0.00014968802636414292,-0.01832889114826427,0.024956323168378338,0.000613796194258749,-0.001277690278107502,-0.08950728315844482,0.18632012805076167,-0.00033155127193748216,0.0002788140049582405,0.12482433730733865,-0.10496950651867765,0.00016441216538939357,-0.00014518671186508053,-0.08518765046078595,0.07522627557772685,-650.1810053556728,122.7202433141171,-386.45062433489494,-263.7303810207779,2413.9394571369908,-4752.178477021911,3583.0589670794507,-1169.1195099424601,-4114.396981790887,5116.661933963371,-4615.529457877129,501.1324760862417
173,18,25,66.66666666666669,20.0,-3.7171288401233254e-05,-3.092886082464356e-05,0.006197280493694764,0.00515652898042685,0.0006396856954554325,-0.001262649631006819,-0.0932826387831908,0.18412681458365412,-0.00038618247352252327,0.0003712940786398706,0.14539220753237656,-0.13978693865816297,0.00012581447249432678,-0.0001120037620268439,-0.06518884585195239,0.058033037319581184,-1605.4963475985273,1349.3173767994167,-1477.406862198972,-128.08948539955531,1921.1934301114652,-4228.543035905067,3074.868233008266,-1153.6748028968009,-4547.233753232254,5620.460912500009,-5083.847332866131,536.6135796338776
136,18,26,73.33333333333334,20.0,-4.382948042034156e-05,2.5368188026356507e-05,0.007307349186442177,-0.0042294411514373085,0.0005637287235050976,-0.0010022477604383153,-0.08220615727384042,0.14615351956817835,-0.00024216167286242944,0.000245758431383558,0.0911704248928023,-0.09252455330929366,0.0001307266208129457,-9.353485419294099e-05,-0.06773400042118381,0.04846365502222662,-342.943036372157,612.1035665916592,-477.5233014819081,134.58026510975108,1669.0737333949758,-3173.720743223213,2421.3972383090945,-752.3235049141186,-3675.3836270059924,4371.101630406966,-4023.242628706479,347.85900170048694
111,18,27,80.0,20.0,-0.00014871584140097727,0.00013967283231087525,0.02479423831289913,-0.02328656757430471,0.0005861404211678596,-0.0010872006766481548,-0.08547435963078863,0.1585418412903627,-0.0002710542123114262,0.0002755223624376617,0.10204805497629421,-0.10373024993587866,0.00012012461082245387,-8.176959877667468e-05,-0.06224073099606107,0.042367667759915316,-739.5542115765724,1006.1148703449768,-872.8345409607746,133.28032938420222,1335.10646975649,-3008.8617336954208,2171.9841017259555,-836.8776319694654,-4069.909513904128,4929.763803437315,-4499.836658670722,429.9271447665935
74,18,28,86.66666666666669,20.0,-0.00013502219616937748,0.00011972912067000246,0.022511203095896694,-0.019961507280732708,0.00044957247306098706,-0.0008021185048189923,-0.06555923777779028,0.11696952312349494,-0.00018569630564918262,0.00021658196877799604,0.06991201740119089,-0.08154003019638474,0.00013269757728131914,-5.084405512667462e-05,-0.06875522138925247,0.02634407001380876,87.51479401113865,972.3471322901419,-442.4161691395016,529.9309631506403,954.0129993774406,-2152.4254433740707,1553.2192213757558,-599.2062219983151,-3370.386013654078,3677.5012261440884,-3523.9436198990834,153.55760624500522
49,18,29,93.33333333333334,20.0,-0.00017476253880562324,0.00021081570963084881,0.029136802068252497,-0.03514766749425701,0.0005061020467842569,-0.0009186500409280561,-0.07380270459854074,0.1339628204051746,-0.00019737936493066123,0.00021512222959641484,0.07431052301997768,-0.08099045916045523,0.00011620531434391666,-5.1418327109381616e-05,-0.0602100074320531,0.026641620263915877,-193.2871484263793,933.2814317131819,-563.2842900697806,369.9971416434013,983.1095852998382,-2187.0245486300137,1585.067066964926,-601.9574816650877,-3538.9068464456636,4179.70472822609,-3859.3057873358766,320.3989408902132
12,18,30,100.0,20.0,-0.000334992021808862,0.0003189187698083322,0.05585062050823489,-0.05317085191862047,0.0006062178542292021,-0.0011321986219456277,-0.08840216612898066,0.16510369988277884,-0.0001409958738320452,0.00016891289776380027,0.053082940720772756,-0.0635933030894972,0.0001281964140822545,-6.845391881053723e-05,-0.0664230124778211,0.03546835171528773,421.45446773661206,282.14089380006,69.65678696827604,351.797680768336,709.5002039236356,-2484.867381068176,1597.183792495906,-887.6835885722703,-3983.923363487101,4841.74511305943,-4412.834238273265,428.9108747861644
941,19,0,-100.0,26.66666666666667,0.00021572820760607184,-0.00022777976874114935,-0.03596669016434974,0.03797595344128549,-1.7942790651514161e-06,2.1266930145996733e-05,0.0002616520692894281,-0.003101265788699476,7.854523956135758e-05,-6.251798719190006e-05,-0.029571165327157437,0.02353713281030362,-2.8151314027995307e-05,8.94837020854864e-06,0.014586173071493357,-0.004636461247950501,419.8755100870718,-500.2267701218441,460.05114010445794,-40.17563001738614,827.0425628499067,-809.9333745154836,818.4879686826952,8.554594167211576,1191.227423330453,-1036.950790247012,1114.0891067887324,77.13831654172043
918,19,1,-93.33333333333333,26.66666666666667,0.0003896542059225545,-0.0004121978141373416,-0.06496402232777738,0.06872254320386201,-2.9409850148685732e-05,3.7800989676135935e-05,0.004288713109544215,-0.0055123572258335505,0.0001016912127687115,-7.094407675839526e-05,-0.03828529497008686,0.02670943566435019,-2.0045974968056127e-05,1.1397459649140159e-05,0.010386515527485377,-0.005905419507323754,758.478166927337,-597.8347136091763,678.1564402682567,80.32172665908035,1406.8268520115307,-1462.2579190780818,1434.5423855448062,-27.71553353327556,1766.611926668602,-1617.9907947636966,1692.3013607161492,74.31056595245275
879,19,2,-86.66666666666667,26.66666666666667,0.0002117322370876631,-0.000257307985568219,-0.03530047300556295,0.042898963915948427,-1.1313668476464858e-06,2.1926884660639527e-05,0.00016498240578155505,-0.003197504143003975,5.8859748324137065e-05,-4.438984178000349e-05,-0.022159857917910603,0.01671214394982432,-4.288922302969568e-06,1.6073972839099544e-05,0.0022222395352163565,-0.008328483336317125,526.0921989231996,-270.8872092800547,398.4897041016271,127.60249482157244,814.89216193563,-916.797494804093,865.8448283698615,-50.9526664342315,894.0921493252702,-1075.199197723842,984.6456735245561,-90.5535241992859
856,19,3,-80.0,26.66666666666667,0.0002402793716984699,-0.0001749382098798121,-0.04005991525477382,0.02916609034337564,-3.5286123187679825e-05,1.8674207817601948e-05,0.00514562496357219,-0.002723180141102539,9.984693130844885e-05,-5.506021601532041e-05,-0.03759094923664958,0.020729388054971,-1.9167501709615033e-05,1.7723189982554442e-06,0.009931348036065334,-0.0009182999990956569,701.2665946517751,-503.00415623877444,602.1353754452748,99.13121920650033,815.7301131557788,-616.2823770243408,716.0062450900598,99.72386806571899,1374.7851347366257,-799.5742309085747,1087.1796828226002,287.6054519140255
817,19,4,-73.33333333333333,26.66666666666667,0.00017432895777935655,-0.00024790023325621654,-0.02906451446800807,0.04133048237010159,4.903757586571855e-06,-1.221542657581476e-05,-0.000715094070225905,0.0017813235983697353,5.4290076504441214e-05,-5.559423348566559e-05,-0.020439441484964113,0.020930438035738224,-1.7773364053700666e-05,3.0673285500812405e-06,0.009208996919011595,-0.0015892894041864302,320.6510431092862,-529.7027059538248,425.1768745315555,-104.52583142226928,688.6263673660604,-996.8601559395242,842.7432616527924,-154.1168942867319,862.024872981462,-931.1737901775726,896.5993315795173,-34.574458598055344
794,19,5,-66.66666666666666,26.66666666666667,0.0002858249180891061,-0.00031104874100874993,-0.04765337080505265,0.051858743082413186,-3.381603110770985e-05,2.834305222966167e-05,0.0049312477007255745,-0.004133146515446576,9.654053116033739e-05,-5.3403528733805494e-05,-0.036346136617023364,0.020105668861157774,-6.668500066877651e-06,8.016337272944017e-06,0.0034551813818002805,-0.004153542628466466,833.330877496592,-456.8534502235939,645.092163860093,188.23871363649909,996.4415939300487,-1104.1102008954285,1050.2758974127387,-53.834303482689904,1377.1957852527025,-1215.3796806008258,1296.2877329267642,80.90805232593834
755,19,6,-60.0,26.66666666666667,0.0003537121514120703,-0.0005857975945586113,-0.058971682462750065,0.09766548758882809,-8.405382004306705e-06,-6.763856916171826e-06,0.001225721035991342,0.0009863444281698844,0.00015823949932840017,-0.00014091261455613665,-0.05957492041604083,0.053051594787821746,-1.0954311272426432e-05,1.1884803909798529e-05,0.0056758089494411005,-0.006157929486939372,1348.035696658104,-1270.6627977316316,1309.3492471948678,38.68644946323616,1348.482581935058,-2283.692701486079,1816.0876417105685,-467.6050597755104,1850.3882929445765,-2336.531288397359,2093.459790670968,-243.07149772639116
732,19,7,-53.33333333333333,26.66666666666667,0.00027075354535798635,-0.000337299081744842,-0.045140637772191926,0.05623525871029837,-1.1375893994356866e-05,1.995880642503491e-06,0.0016588981398996973,-0.0002910507681377211,0.00011945978313516553,-9.962921234593535e-05,-0.04497490894119435,0.037508981144486406,-2.848627551695254e-05,2.812578472857292e-05,0.014759728247118785,-0.014572945455212333,782.2754843799164,-641.5303501145074,711.9029172472119,70.37256713270449,1012.3645996910401,-1294.8683360715268,1153.6164678812834,-141.25186819024333,1572.7502758527726,-1618.1721240494394,1595.461199951106,-22.710924098333408
693,19,8,-46.666666666666664,26.66666666666667,0.0005109010919987727,-0.0009893852962280325,-0.08517857485796218,0.16495253354895748,-1.0535496853601066e-05,9.292943129922733e-06,0.0015363466064317874,-0.0013551502923699699,0.0002984761817227341,-0.0002805791297396059,-0.11237203636060948,0.10563405088857604,-3.069947057076538e-05,2.1344766638315497e-05,0.015906461435622313,-0.011059464579432925,2377.2863796748893,-2489.1965314731756,2433.2414555740324,-55.95507589914314,1961.262807707541,-3795.308754356328,2878.2857810319347,-917.0229733243934,3147.7553493156424,-4226.027746319688,3686.891547817665,-539.1361985020228
670,19,9,-40.0,26.66666666666667,0.00033028506583448065,-0.0005419183954931667,-0.05506586626109004,0.09034984919846745,1.1937425258393588e-05,-1.8103962705904232e-05,-0.001740783851024303,0.002640023726709833,0.00018279297979653558,-0.00018983172343613137,-0.06881895651975875,0.07146894336841263,-3.79595671628492e-05,4.337504224260284e-05,0.019668169514420464,-0.02247411515159721,1247.251361451162,-1317.1238835585477,1282.187622504855,-34.936261053692874,1324.9222207593361,-2155.273821122941,1740.0980209411387,-415.1758001818025,2077.200326564,-2692.2998663251133,2384.7500964445567,-307.5497698805566
631,19,10,-33.33333333333333,26.66666666666667,0.0007018417070176018,-0.0014967011043141643,-0.11701262204345096,0.24953336183929112,2.007900291901482e-05,-3.733000962278079e-05,-0.002928035423846036,0.0054436762118553715,0.00043177509125076,-0.00044711653006046954,-0.1625571795162786,0.16833301298412356,-3.991544090892344e-05,3.5281156291305435e-05,0.02068157560046882,-0.018280391860771496,3493.959743944292,-3947.978466915229,3720.9691054297605,-227.00936148546862,2811.486269482519,-5913.200184630016,4362.343227056268,-1550.8569575737486,4340.934133123896,-6415.896811238938,5378.4154721814175,-1037.4813390575214
608,19,11,-26.666666666666657,26.66666666666667,0.0004945437019154473,-0.001002106292867891,-0.08245143413050261,0.16707340661328568,3.196407683675947e-05,-5.23629894475861e-05,-0.004661185101972203,0.007635871592797744,0.0003370318140672354,-0.0003248081614384894,-0.12688768345417653,0.12228565213050832,-6.208370283410386e-05,3.7853286584787766e-05,0.03216772167568648,-0.01961310185739384,2358.061525835717,-2709.070475418139,2533.566000626928,-175.5044747912109,2038.97150241022,-4050.5925953254264,3044.782048867823,-1005.8105464576032,3448.5602886042125,-4474.362328379799,3961.4613084920056,-512.9010198877932
569,19,12,-20.0,26.66666666666667,0.0009816354796942474,-0.002586263465328026,-0.16366046677106913,0.4311876401007676,9.26723386658815e-05,-0.00013231716030587918,-0.01351401220064524,0.019295247583804728,0.0005317556265612948,-0.0005787690908514487,-0.20019842875909172,0.2178983292608978,-9.175480320256651e-05,6.002816721722605e-05,0.04754134880959779,-0.031102677314610392,3876.4405559249267,-5192.659295986509,4534.549925955718,-658.1093700307913,4127.440911389082,-10411.078384558685,7269.259647973884,-3141.818736584801,5820.789621629603,-9911.272449102711,7866.031035366157,-2045.241413736554
546,19,13,-13.333333333333329,26.66666666666667,0.0011280493169184486,-0.0021217900503520738,-0.18807090978940794,0.3537495915887133,0.000140676424897106,-0.00020341089519884228,-0.020514243513987843,0.02966254395901381,0.0004791632515867709,-0.00048755383610656343,-0.18039814774900445,0.18355708345805463,-6.0227902721727825e-05,4.333122762059558e-05,0.031206167213315927,-0.02245141327490952,3857.737752620357,-4478.784762910499,4168.261257765428,-310.5235051450711,4842.675773853166,-8855.921176516375,6849.298475184771,-2006.6227013316043,5575.994059898235,-7934.165584493034,6755.079822195634,-1179.0857622973995
507,19,14,-6.666666666666657,26.66666666666667,0.001569978019802057,-0.0042496176486064305,-0.26175025338443786,0.7085057766923106,0.00027279637467680386,-0.0004678715759010687,-0.03978073272722292,0.06822771795862735,0.0005106469678644169,-0.0005808513112166376,-0.19225131904695825,0.21868225560717214,-7.263221414934336e-05,3.534406451120862e-05,0.03763327157995311,-0.018312986793363805,4186.355455566804,-6185.819059966689,5186.087257766747,-999.7318021999422,6970.767070835191,-17883.603173816726,12427.185122325958,-5456.4180514907675,6681.981276523668,-13292.851772813676,9987.416524668672,-3305.4352481450037
484,19,15,0.0,26.66666666666667,0.0025237096605697684,-0.003034745889258888,-0.4207585296042404,0.5059596347540243,0.0003863439526235779,-0.0006934305464314712,-0.056338892107000826,0.10112002135352458,0.0004721399337119351,-0.0005104462336535281,-0.17775396848133912,0.19217574547216032,-5.798626552727975e-05,2.5963343264054024e-05,0.030044697164379644,-0.013452509463234154,4386.01235804739,-5385.98156644961,4885.9969622485005,-499.98460420110996,10990.273903107363,-13966.157870241606,12478.215886674485,-1487.9419835671215,8591.363271977942,-9170.572147828734,8880.967709903338,-289.60443792539627
445,19,16,6.666666666666671,26.66666666666667,0.0027087725029237082,-0.0053862382435804065,-0.4516126213604392,0.898005709165199,0.00045344597173465484,-0.0008892683117081145,-0.06612409358146065,0.12967820805082456,0.00031528204839632477,-0.00032800844498448813,-0.11869920608656971,0.12349051335903105,4.640140800997465e-06,-1.4864304959656816e-05,-0.002404218031603783,0.007701712414326365,3850.9952445005624,-5143.629425719404,4497.312335109983,-646.3170906094208,11905.358837192578,-23587.514017272297,17746.43642723244,-5841.077590039859,7621.150377957773,-13579.047095534432,10600.098736746102,-2978.948358788329
422,19,17,13.333333333333343,26.66666666666667,0.00409675632751093,-0.004054476448325502,-0.6830203947157706,0.6759713985194772,0.0005213611771201622,-0.001180045563148665,-0.07602787854471826,0.17208101540637488,0.00016291930829527988,-0.00019685195850235602,-0.061336801918114664,0.07411196200249125,1.0766623645191892e-05,-4.512774912672633e-05,-0.005578561474190088,0.023382253433526057,3094.433725297078,-4052.3306158955284,3573.3821705963032,-478.9484452992251,17417.920483270325,-19431.17410810958,18424.547295689954,-1006.6268124196267,10237.169126834928,-8525.421178522553,9381.29515267874,855.8739741561876
383,19,18,20.0,26.66666666666667,0.0031081379170982844,-0.004598243684181348,-0.5181957180883514,0.7666294905259934,0.00046173156677307016,-0.001134369120814762,-0.06733234659471901,0.16542021448272567,-8.650586019270693e-05,0.00015417873708534246,0.0325682257487826,-0.058046101199060354,0.0001090570037522907,-4.872123440283622e-05,-0.056506219560746036,0.02524416290301218,1736.7734222053202,-1230.179094886231,1483.4762585457756,253.2971636595446,13416.729523154045,-21308.82679457265,17362.778158863348,-3946.048635709303,5746.180155580038,-8186.503715333742,6966.3419354568905,-1220.1617798768516
360,19,19,26.66666666666667,26.66666666666667,0.0038837756932181508,-0.0038167279808537257,-0.6475117861308288,0.6363334412884929,0.0005317642371402507,-0.001392020350473627,-0.07754491245213253,0.20299239525691237,-0.0002773225468409115,0.00021988525095238042,0.10440799375466586,-0.08278366894325834,0.00011934857502173059,-0.0001360668805374119,-0.06183863990760359,0.07050097437168314,497.3743018688893,-1530.92887421505,1014.1515880419696,-516.7772861730804,16587.60975054337,-19169.00368452093,17878.30671753215,-1290.6969669887785,6530.0255198702425,-4547.4079582163085,5538.716739043275,991.308780826967
321,19,20,33.33333333333334,26.66666666666667,0.0021320363742879235,-0.002302337349099761,-0.3554578816747145,0.3838508417966883,0.00046209600126872867,-0.001209328505093027,-0.06738549052408958,0.1763512220333345,-0.0003696386455808702,0.00034222992169705477,0.13916369166128417,-0.12884469702964177,0.000190297746468408,-0.00017348851760556097,-0.09859986863643486,0.08989042362978242,-79.1842860080814,-336.58761667480945,128.70166533336402,-207.88595134144543,9652.532332335757,-12760.707935902092,11206.620134118924,-1554.0878017831674,1104.0605170472988,-99.24755900022765,601.6540380237633,502.4064790235356
298,19,21,40.0,26.66666666666667,0.0019045613419847577,-0.001964480919577127,-0.3175327345752068,0.3275226608160013,0.0004976209020835731,-0.0012777786906715046,-0.07256593541141894,0.1863330208781773,-0.0005148853608363371,0.00044976847221170357,0.19384701370641888,-0.16933143147810423,0.00013707080422419778,-0.00014453231387331425,-0.07102114208504345,0.07488720926074967,-2006.7274409280797,1006.9215181559564,-1506.824479542018,-499.90296138606163,8867.534129122665,-11671.297681345322,10269.415905233993,-1401.8817761113287,78.50118801139799,1278.2370794606127,-599.8679457246074,678.3691337360053
259,19,22,46.666666666666686,26.66666666666667,0.0008298525145051994,-0.0007024582447099216,-0.13835487070757538,0.11711541258901931,0.000576895802352382,-0.0013529136259903796,-0.08412625626724772,0.19728962828888238,-0.0004105238966120193,0.0003492002926270402,0.15455640704971946,-0.1314689425257828,0.00017787559198205748,-0.0001728693787178956,-0.09216351916164484,0.08956962627866061,-953.602959825691,194.2895770202915,-573.9462684229912,-379.6566914026997,5037.934237301916,-7108.586407487473,6073.260322394694,-1035.3260850927782,-2669.86234899273,4429.369952378031,-3549.6161506853805,879.7538016926503
236,19,23,53.33333333333334,26.66666666666667,0.00046021580339932947,-0.0005330505717711312,-0.07672820996977074,0.0888713857569831,0.0006179607763971097,-0.001378044999688976,-0.09011458642324434,0.2009544294115376,-0.0005122932462712296,0.00047902441970392286,0.1928711194475205,-0.1803458795201047,0.00013729950038557075,-0.00014502527030971262,-0.0711396375054439,0.075142627103443,-2404.3138938271127,1680.016915138022,-2042.1654044825673,-362.1484893445454,3735.8721591625545,-6518.267407807933,5127.0697834852435,-1391.197624322689,-3948.1231383477357,5393.317705085608,-4670.720421716672,722.5972833689364
197,19,24,60.0,26.66666666666667,0.00011000367239751444,-0.0001406262072004945,-0.018340058752477555,0.02344551637217365,0.0006260770543224841,-0.001303123087230807,-0.09129814864349635,0.19002888621675756,-0.00035476663764284815,0.0002925147448930722,0.13356459223860687,-0.11012764020036063,0.00015357195819001314,-0.0001482057116517983,-0.07957096279271582,0.07679052417188041,-970.5543981007087,197.80542857071995,-584.1799133357143,-386.37448476499435,2449.172473126114,-4799.460751971243,3624.316612548678,-1175.1441394225644,-4180.820273338767,5293.41008242079,-4737.1151778797785,556.2949045410114
174,19,25,66.66666666666669,26.66666666666667,-4.44720475454234e-05,-6.647241553758028e-06,0.007414479417365975,0.0011082430066269955,0.0006342992862649833,-0.0012443625864937886,-0.0924971616865154,0.18146009281726128,-0.000429962962429357,0.00039532670511321027,0.16187493879397544,-0.14883488064239728,0.00013216405457463183,-0.00010908004722387254,-0.06847878475366331,0.05651815918332729,-1913.5446344750928,1605.9438101968885,-1759.7442223359908,-153.80041213910215,1869.8992126453034,-4071.359912060036,2970.62956235267,-1100.7303497073663,-4830.962648203059,5744.723352065896,-5287.843000134477,456.8803519314183
135,19,26,73.33333333333334,26.66666666666667,-8.211663448737018e-05,3.2500075982099414e-05,0.013690669304310633,-0.005418485492173041,0.0005645676417944226,-0.0010112017963234301,-0.08232849315270668,0.14745924846137834,-0.0002665365262567116,0.00024135783344753146,0.10034721044432483,-0.09086779078833994,0.00014963802125302604,-9.626311887560346e-05,-0.07753265349894106,0.049877263666092526,-345.705199868124,541.0864708987144,-443.39583538341924,97.69063551529521,1524.7238247452897,-3176.976528541533,2350.850176643411,-826.1263518981216,-4048.8585816535256,4408.1671682716205,-4228.512874962573,179.6542933090475
112,19,27,80.0,26.66666666666667,-0.00015302228852065677,0.00015450982975940276,0.025512218826349194,-0.02576022503487602,0.000578416016120073,-0.0010705772717400364,-0.08434794256220823,0.1561177209975262,-0.00029001772852667497,0.00031197414786987733,0.10918754906043014,-0.11745382859584406,0.0001192601527528826,-7.751111642689895e-05,-0.06179282526053212,0.040161200221172436,-917.5856489019046,1381.355809710535,-1149.4707293062197,231.88508040431515,1290.1931429527,-2891.160413396076,2090.676778174388,-800.4836352216879,-4155.742031486426,5087.89372280644,-4621.817877146433,466.07584566000696
73,19,28,86.66666666666669,26.66666666666667,-0.00014498840013672958,0.00013407250823079396,0.02417279095307211,-0.02235286899476595,0.00045222216529680663,-0.000840007088002948,-0.06594563110419506,0.12249465373727159,-0.00018102556928255086,0.00019431763194657098,0.06815355160404556,-0.07315782410702297,0.00013748930782918632,-5.6349752031626905e-05,-0.0712379833311514,0.0291967627106739,181.1704436993266,705.3112034477431,-262.07037987420824,443.24082357353484,926.0949557222064,-2226.3524487471236,1576.2237022346649,-650.1287465124586,-3414.686786521272,3727.916013456606,-3571.301399988939,156.6146134676669
50,19,29,93.33333333333334,26.66666666666667,-0.00016227320190956876,0.00020226160791009628,0.027054551835502084,-0.0337215084877981,0.0005024568372683765,-0.0009079208145370241,-0.07327113922983754,0.1323982230459275,-0.00020531348278531915,0.0002265376002837869,0.07729760552320132,-0.08528818383164129,0.0001140661603586201,-6.008407546793251e-05,-0.05910163749148545,0.031131645320157768,-283.87610874639205,932.8452212210084,-608.3606649837002,324.4845562373082,1017.355022676871,-2184.205392317339,1600.780207497105,-583.4251848202339,-3523.0604050775287,4258.579711947201,-3890.820058512365,367.7596534348361
11,19,30,100.0,26.66666666666667,-0.0003749179483397462,0.00034724338478149265,0.0625071604433513,-0.0578931951952328,0.0006109719065478605,-0.0011462082365803522,-0.08909542931799426,0.16714666227938565,-8.63356610252839e-05,0.0001393880543417827,0.0325041481834646,-0.052477619555183375,0.00012933205614365972,-5.484994381675266e-05,-0.06701142805367845,0.028419660008666883,894.2379671893191,188.9961530313034,352.62090707900785,541.6170601103113,580.9006590680709,-2424.7570793469704,1502.8288692075207,-921.9282101394497,-3822.151609127284,4689.6081911156725,-4255.879900121478,433.72829099419437
940,20,0,-100.0,33.33333333333334,0.00028787219148116507,-0.0002965883645046221,-0.047994696812397784,0.04944787670960432,-3.861713365343184e-06,9.59879235736254e-06,0.0005631372023835196,-0.0013997509817523907,9.223513691837516e-05,-5.584681280106641e-05,-0.03472521693253757,0.021025530554847585,-1.9727041731006857e-05,8.619630914432865e-06,0.01022126514559464,-0.004466130007476086,658.2551393400806,-474.148936076563,566.2020377083218,92.0531016317588,1099.8505094644527,-1110.629275681325,1105.239892572889,-5.389383108436164,1390.9355950661422,-1151.945559241318,1271.4405771537301,119.4950179124121
919,20,1,-93.33333333333333,33.33333333333334,0.0004053377008357731,-0.00039470042762485545,-0.06757880974244838,0.06580533971728954,-3.185680322912876e-05,1.2189307784391267e-05,0.0046455418489454794,-0.001777514806328393,0.00011748712555357963,-6.31147040662776e-05,-0.04423223142432997,0.023761788224740787,-2.5247836608735682e-05,2.1443482979510692e-05,0.013081780626281818,-0.011110612942746474,838.2683068069292,-419.08742839180735,628.6778675993683,209.59043920756093,1460.3627906415875,-1476.5644456799155,1468.4636181607516,-8.100827519164,1935.3240330684112,-1549.3983192168917,1742.3611761426514,192.96285692575975
878,20,2,-86.66666666666667,33.33333333333334,0.00025830344027025643,-0.0002818430551258582,-0.04306492835443392,0.046989505689473736,-1.9969067378808446e-05,-7.74488145221234e-06,0.0029120039925363125,0.0011294030553723592,7.213404088224903e-05,-3.247327439837189e-05,-0.027157440228807304,0.012225725853165972,-6.051602999412045e-06,1.3631791864842094e-06,0.0031355455955488203,-0.0007063104593179138,627.1974040754288,-359.60052777835284,493.3989659268908,133.798438148538,932.9700348959315,-1108.8074501807828,1020.8887425383571,-87.91870764242566,1141.512602256265,-896.1196194146747,1018.8161108354698,122.6964914207951
857,20,3,-80.0,33.33333333333334,0.000261332678980623,-0.0002018439668757327,-0.043569969819982825,0.03365187843872124,-5.206200905408729e-05,3.555698051511211e-05,0.007591980904719152,-0.005185122933303493,9.531589423088929e-05,-3.9079088557970584e-05,-0.035885078234507865,0.01471272091136265,-1.6400073800599033e-05,8.653563226986644e-06,0.008497447565073257,-0.0044837115165713,694.0962209494925,-287.2044114052322,490.65031617736236,203.44590477213015,840.950166778491,-660.1804255434729,750.5652961609819,90.38487061750908,1423.4135204720696,-877.6746712875688,1150.5440958798192,272.8694245922504
816,20,4,-73.33333333333333,33.33333333333334,0.0001405375879103358,-0.00018724869653431747,-0.02343074156554501,0.031218522263096904,-1.1615194907413232e-05,1.5217085452152971e-05,0.0016937943722083342,-0.002219042719965012,5.9481948186804594e-05,-3.960760854832169e-05,-0.02239410731492343,0.014911701169118071,-1.0208974683015179e-06,5.063585560713094e-06,0.00052896241880883,-0.002623619461508152,541.5198502298359,-337.28225252260995,439.40105137622294,102.11879885361299,508.62840585789525,-671.8321389276056,590.2302723927504,-81.60186653485516,711.0795227899391,-768.1622960272632,739.6209094086012,-28.541386618662045
795,20,5,-66.66666666666666,33.33333333333334,0.0003478694599758932,-0.00036232363268815947,-0.05799757585451917,0.06040740791724775,-3.133251626958621e-05,2.6564517244357604e-05,0.004569087316019078,-0.0038737903382238424,7.921956584947452e-05,-4.424961501417201e-05,-0.029825039581812644,0.016659350567324593,-5.0618927577050334e-06,1.5203856842356795e-05,0.0026227423615039756,-0.007877646032305547,724.2293255296166,-312.24946584777206,518.2393956886943,205.9899298409223,1239.6547682601602,-1303.5766430385409,1271.6157056493505,-31.96093738919035,1430.3455053820594,-1351.975381000186,1391.1604431911228,39.18506219093672
754,20,6,-60.0,33.33333333333334,0.000288625874920987,-0.0003992437227128532,-0.04812035260429856,0.06656280805473391,-8.356557155531353e-06,8.866146607007871e-06,0.0012186011163740798,-0.0012929123743364212,0.00010621207540568436,-0.00010856298070996607,-0.03998733544008709,0.04087241784367565,-1.7793982699350978e-05,1.6201009317109804e-05,0.009219680155099835,-0.008394305345648834,799.3610279113001,-874.1579234385492,836.7594756749247,-37.398447763624574,1090.4343521417074,-1512.7186461212764,1301.5764991314918,-211.14214698978446,1461.4375342343064,-1750.7811684119147,1606.1093513231106,-144.67181708880412
733,20,7,-53.33333333333333,33.33333333333334,0.0002856330862475043,-0.00034217431281379136,-0.047621388170574236,0.057048068158271445,-1.1868442527039168e-05,2.089698977270393e-05,0.0017307243932985353,-0.0030473189606582108,0.00010532090928298482,-6.456845345622362e-05,-0.039651824072428406,0.02430910418932914,-1.3336710374681773e-05,2.5023883345881245e-05,0.006910212629365572,-0.012965742666253666,840.9025921328467,-369.13010336413856,605.0163477484926,235.8862443843541,1068.0502317622531,-1246.5643003458158,1157.3072660540345,-89.25703429178134,1422.9984937661209,-1467.6124103715874,1445.3054520688543,-22.30695830273328
692,20,8,-46.666666666666664,33.33333333333334,0.00039110942562647406,-0.0007090215694919089,-0.06520663981759359,0.11820966480342046,4.3983316706619567e-07,-6.3747142258394575e-06,-6.413899629112664e-05,0.000929597408070351,0.0002296691711907077,-0.00022554514690174235,-0.08646717572904242,0.08491453925173,-1.6705906877431437e-05,2.2931456823804612e-05,0.008655910299183237,-0.011881583846525347,1912.459866350446,-1911.5859567026819,1912.0229115265638,0.4369548238820471,1530.6616390751221,-2765.130546375159,2147.8960927251405,-617.2344536500185,2344.3151644620593,-3184.637150317504,2764.4761573897817,-420.1609929277224
671,20,9,-40.0,33.33333333333334,0.0002632438001149813,-0.00040165940420029824,-0.043888596217841386,0.06696555588525104,9.652076511990894e-06,-2.32957777996249e-06,-0.0014075211829377176,0.00033971239955721136,0.00013771656254591197,-0.00014407007871104717,-0.051848326672321025,0.054240335124739227,-4.489139722562142e-05,2.993049574114925e-05,0.02325979130860129,-0.01550802888141725,755.7261537749954,-1026.2463053303702,890.9862295526827,-135.2600757776874,1052.7744990739977,-1561.9025992039633,1307.3385491389804,-254.56405006498278,1725.5256543555888,-2021.6419416435826,1873.5837979995858,-148.0581436439969
630,20,10,-33.33333333333333,33.33333333333334,0.0006349972405887048,-0.0012825358769389802,-0.10586816281890887,0.21382725524127777,1.1039967203971642e-05,-3.176390860771731e-05,-0.0016099113676962147,0.004631995422199363,0.00039956441822620024,-0.00040733119700963845,-0.1504303193446422,0.1533544010680813,-4.2083189539630386e-05,4.0258561403370995e-05,0.021804761419487444,-0.02085935824007887,3165.659793354212,-3475.0099448960864,3320.3348691251495,-154.67507577093716,2520.671986564575,-5068.371859257731,3794.5219229111526,-1273.8499363465778,4036.0658258440794,-5701.310029310378,4868.687927577229,-832.6221017331493
609,20,11,-26.666666666666657,33.33333333333334,0.0004121508772636807,-0.0007712555367672253,-0.06871471778311163,0.12858545127811688,3.709560029522727e-05,-4.50634697916356e-05,-0.005409493298613864,0.006571413750150437,0.00026586094574607947,-0.00025934098135935944,-0.10009286399273495,0.09763819015274668,-5.009995382594601e-05,4.859595172974481e-05,0.02595852529840552,-0.025179249600892305,1859.3471406163399,-1941.8728987773059,1900.6100196968227,-41.262879080483,1731.596617976672,-3131.3107547907384,2431.453686383705,-699.8570684070332,2758.9900957220602,-3630.3065824746736,3194.6483390983667,-435.6582433763067
568,20,12,-20.0,33.33333333333334,0.0008776195040886077,-0.0022630132566121555,-0.14631869024464464,0.37729464098182497,9.1313615474428e-05,-0.00012676964731572066,-0.013315875388183828,0.018486277406602962,0.0005124921284526101,-0.0005200022487670485,-0.1929459957595551,0.19577344922058396,-8.715518292042582e-05,6.050009324507985e-05,0.04515812586548455,-0.03134719857256561,3729.199146396928,-4572.710211377599,4150.954678887263,-421.75553249033555,3722.722491060038,-9146.685392145511,6434.703941602775,-2711.9814505427366,5417.298662908729,-8779.01555520986,7098.157109059295,-1680.8584461505657
547,20,13,-13.333333333333329,33.33333333333334,0.0010493086270040902,-0.0015967287040789767,-0.17494308552894644,0.2662101874085929,0.00014382255618244853,-0.00020789859499904247,-0.020973030431281903,0.030316966095390373,0.0003962361805402855,-0.0004105710530342339,-0.1491772852026892,0.1545741607718461,-6.275679791134918e-05,5.209500604885163e-05,0.03251647560172016,-0.02699223111338204,3089.8217180373763,-3543.8721061922142,3316.8469121147955,-227.02519407741897,4538.527326356221,-6847.993016626422,5693.260171491322,-1154.7328451351004,4950.07646253703,-6221.534576490217,5585.805519513624,-635.7290569765933
506,20,14,-6.666666666666657,33.33333333333334,0.0015043562964638865,-0.004006444417741005,-0.2508096526278392,0.6679633907528165,0.00024687254137536926,-0.00040492235362002806,-0.036000370597956174,0.05904810114768021,0.0005105796618300264,-0.0005371910284022223,-0.19222597928249138,0.20224478022934275,-8.319129404552673e-05,4.450751220467672e-05,0.04310429743289531,-0.023060887152671485,4030.718112281721,-5596.930666223932,4813.824389252826,-783.1062769711057,6632.687833198397,-16737.935601191573,11685.311717194985,-5052.623883996588,6651.128844500212,-12646.572915495875,9648.850879998045,-2997.7220354978317
485,20,15,0.0,33.33333333333334,0.0024849261810762193,-0.0020038011484932823,-0.41429246099912287,0.33407821748757516,0.0004213229524964298,-0.0007598682199767332,-0.06143973058645664,0.11080834414540107,0.00042103349593133367,-0.000472758054421002,-0.15851312168614057,0.17798668213505045,-4.9600851447093894e-05,2.6440317199977687e-05,0.025699923029570346,-0.013699646217598631,4045.384798916665,-4745.9960745380085,4395.690436727336,-350.30563781067167,10950.33286281976,-10233.176315860592,10591.754589340177,358.5782734795839,8078.92433286872,-6139.707299772789,7109.3158163207545,969.6085165479653
444,20,16,6.666666666666671,33.33333333333334,0.0027024628712815292,-0.005337760886712451,-0.45056066543476897,0.8899234556026968,0.00042191385602503764,-0.0008122083668576062,-0.06152589952974619,0.1184408847040445,0.00033210840461155673,-0.0003481027658746936,-0.12503408983347808,0.13105573931670397,-1.0999650942189803e-05,-3.460006996382332e-05,0.005699301006313303,0.017927497390573675,3798.9721368715045,-5496.774761048879,4647.873448960192,-848.9013120886871,11777.58321758348,-23155.189898708337,17466.38655814591,-5688.803340562428,7884.7108166714315,-13584.200571986132,10734.455694328783,-2849.74487765735
423,20,17,13.333333333333343,33.33333333333334,0.0041960904934729,-0.002970532073432606,-0.6995816094476531,0.49525376349257183,0.000583446568153162,-0.0012978180831237328,-0.0850815265262026,0.18925528007646203,0.00016195937092497277,-0.0002094782751668662,-0.06097539915405671,0.07886559060741265,1.3479271838840452e-05,-4.252017672341202e-05,-0.006984078672971071,0.022031179649426007,3176.712586898268,-3825.410614418859,3501.0616006585633,-324.3490137602955,18002.357733109635,-15671.38967258853,16836.873702849083,1165.4840302605526,10327.205853649293,-5517.34710195291,7922.2764778011015,2404.9293758481917
382,20,18,20.0,33.33333333333334,0.003129322254646276,-0.004610042324890903,-0.5217276183130867,0.7685965863428554,0.00043729427492982735,-0.001045499773736639,-0.06376876047102172,0.15246077633789673,-5.17168807724052e-05,6.776598240137227e-05,0.019470669897581897,-0.025512928349818186,8.600444288624384e-05,-7.424803274695753e-05,-0.044561887505805045,0.03847048328856109,1765.502313074101,-2236.301699810004,2000.9020064420524,-235.3996933679514,13419.001112433754,-21079.52026863709,17249.260690535422,-3830.259578101668,6215.461941689724,-8677.778485624769,7446.6202136572465,-1231.1582719675225
361,20,19,26.66666666666667,33.33333333333334,0.004076228156859499,-0.00327440969467729,-0.6795978921063338,0.5459169214192571,0.0005615206390580606,-0.0014826276665047277,-0.08188416172924866,0.21620527400735248,-0.0002476180800000532,0.00018144745691573542,0.09322468455844263,-0.06831238629625676,8.992939729195179e-05,-0.00012515678039940934,-0.04659554263829526,0.06484807274577771,487.7978599979405,-1596.1031605482538,1041.950510273097,-554.1526502751566,17421.530955708102,-17395.33181254186,17408.431384124982,13.09957158312136,7342.718871699121,-3210.6147921374873,5276.6668319183045,2066.052039780817
320,20,20,33.33333333333334,33.33333333333334,0.0023127697647139195,-0.0024855877128177,-0.3855901575042815,0.4144027530533876,0.0004643798484121398,-0.0012075711290589649,-0.06771853421981137,0.17609495137579706,-0.0003550143524503634,0.0003191182930875345,0.13365785333969876,-0.12014349763921785,0.0001638359565960383,-0.00016977571259308165,-0.08488909668184555,0.08796669046269559,-199.8845434091302,-551.919136285642,176.01729643825593,-375.9018398473861,10349.52356749532,-13459.155008373495,11904.339287934406,-1554.8157204390873,1848.128185897846,-729.5669662197736,1288.8475760588099,559.2806098390362
299,20,21,40.0,33.33333333333334,0.0019863329264258123,-0.0019640388386936787,-0.33116587636262595,0.3274489561005215,0.0004994277172585454,-0.0013092756097170663,-0.07282941556817768,0.19092608235037217,-0.0005174821875271569,0.0004535808397883108,0.19482468201361425,-0.17076673363677522,0.00013960148371969358,-0.00012484255955992239,-0.07233237498426347,0.06468526402065501,-1972.1367181629191,1254.8198289860306,-1613.4782735744748,-358.65844458844424,9186.43244899305,-11769.216491646284,10477.824470319667,-1291.3920213266174,254.3904200043168,1221.2611513599727,-483.4353656778279,737.8257856821448
258,20,22,46.666666666666686,33.33333333333334,0.0008785245291412928,-0.000822285853335431,-0.1464695780493602,0.1370933400023807,0.0005640654238485389,-0.001347110476466747,-0.08225525684998937,0.1964433797254649,-0.00042339570095995276,0.0003731501169709957,0.1594024582751947,-0.14048571068622925,0.00015872780913991693,-0.00016955671573543193,-0.08224238815535903,0.08785322058826574,-1276.025772960398,402.1034857554834,-839.0646293579407,-436.96114360245724,5176.874216676414,-7543.869540714061,6360.371878695238,-1183.4976620188236,-2434.3938831086007,4203.666237277654,-3319.030060193127,884.6361770845265
237,20,23,53.33333333333334,33.33333333333334,0.0004769218863248999,-0.0005580209444040213,-0.07951348554922173,0.09303450223461818,0.0006221904507499851,-0.001404838670650423,-0.09073138180827932,0.2048616362597271,-0.0005475178042770259,0.0004752561140192109,0.2061326644397126,-0.17892716603691727,0.00013579497977313245,-0.00013334971820240776,-0.07036009314666794,0.0690931182395573,-2717.7990612077742,1763.3565119197415,-2240.577786563758,-477.2212746440164,3808.046590942585,-6700.4878766986,5254.267233820593,-1446.2206428780075,-4086.7521847885764,5281.027113905388,-4683.889649346982,597.137464558406
196,20,24,60.0,33.33333333333334,9.997130200948212e-05,-0.00015565825981308663,-0.016667439481384147,0.025951693866767028,0.0005975412508724934,-0.0012661398568927565,-0.08713689403904808,0.18463577935010533,-0.00035511567487482625,0.00032436710881641036,0.133695999791118,-0.12211960209261535,0.00014588306392059307,-0.00013054556714344568,-0.07558707975156738,0.06764019022973305,-1078.2040111795611,687.7609716490912,-882.9824914143262,-195.22151976523497,2315.6867384388897,-4727.643077501915,3521.6649079704025,-1205.9781695315128,-4084.30618970686,5200.422654800472,-4642.364422253666,558.0582325468058
175,20,25,66.66666666666669,33.33333333333334,-3.1769684358700155e-05,-2.1102606453781394e-06,0.005296712964097309,0.000351827383356983,0.0006415452714991404,-0.0012229610353644714,-0.09355381283258327,0.17833919582428612,-0.0004339299275830383,0.0004130178184480973,0.16336844474114293,-0.15549533314300687,0.00012404294652090377,-0.00010423519926269122,-0.0642709567465523,0.054007875265617934,-2034.634439324429,1825.0948710310852,-1929.864655177757,-104.7697841466719,1940.3528523160373,-3980.158535319485,2960.2556938177613,-1019.9028415017239,-4773.185982171393,5762.602160262427,-5267.89407121691,494.7080890455168
134,20,26,73.33333333333334,33.33333333333334,-9.713354189990031e-05,4.1451220382029113e-05,0.016194321757213116,-0.006910840343776436,0.0005543169262232639,-0.0010151703510167533,-0.0808336749870248,0.14803796587928938,-0.0002844259708528095,0.0002590420075326189,0.10708233184336242,-0.09752563076011626,0.00013522127205809612,-9.553705888981932e-05,-0.07006283526322957,0.04950106678226672,-676.2607270616991,703.0310336779205,-689.6458803698098,13.385153308110716,1428.423437335144,-3152.9247906805963,2290.6741140078702,-862.2506766727262,-4047.554019356527,4527.388313011295,-4287.471166183911,239.91714682738416
113,20,27,80.0,33.33333333333334,-0.0001444322887017988,0.0001640239958677606,0.0240800748085356,-0.02734644812729758,0.000598069223584835,-0.0010772801544741404,-0.08721388604959739,0.1570951738205823,-0.0003066410296332826,0.0003401237773304409,0.11544598544755977,-0.12805176363716866,9.44799262868537e-05,-6.916074794412823e-05,-0.04895332968228479,0.035834584426992735,-1336.9298151481469,1720.8648854003818,-1528.8973502742642,191.96753512611747,1380.949203474828,-2871.0587623223923,2126.00398289861,-745.0547794237822,-4075.950827224687,5211.225537060665,-4643.5881821426765,567.6373549179891
72,20,28,86.66666666666669,33.33333333333334,-0.0001349918174590489,0.00015401966396964037,0.02250613828923972,-0.025678503496069465,0.00047108964762062895,-0.0008614885881157669,-0.06869699564285071,0.12562720934978766,-0.000186870281366399,0.00020396866320686446,0.07035400255799666,-0.07679130008302737,0.0001238779211033112,-6.701505150396173e-05,-0.06418545134883598,0.03472282461343548,-15.694737248675219,662.0989826206911,-338.89685993468316,323.20212268600795,1023.1712853160342,-2220.892901824599,1622.0320935703166,-598.8608082542823,-3358.5363292246443,3961.230381905507,-3659.8833555650754,301.3470263404313
51,20,29,93.33333333333334,33.33333333333334,-0.00018225232594242376,0.00020208604722366303,0.030385516162415558,-0.03369223861676892,0.0005017701269186153,-0.0008796664023869676,-0.0731709991861246,0.12827800253552724,-0.00021495846564544734,0.00023585810288547393,0.08092880436258673,-0.08879722046971002,0.00011097110644034942,-5.404546587539486e-05,-0.0574979826115532,0.028002832059777025,-409.6750471850828,1095.13933585261,-752.4071915188464,342.7321443337636,936.6424898517498,-2089.6086885095287,1513.1255891806393,-576.4830993288895,-3600.203536803773,4195.584540610645,-3897.894038707209,297.6905019034357
10,20,30,100.0,33.33333333333334,-0.0003522783910878299,0.0003613157483248463,0.05873264272879902,-0.060239371177782636,0.000602506369417663,-0.0011197196412932914,-0.08786093611636078,0.16328394331663346,-7.740481136598425e-05,0.00014697184557683083,0.029141810335085738,-0.05533280906979512,0.00013207363449322488,-5.959650245011002e-05,-0.06843193497055093,0.03087901681351411,1006.7556193090077,215.16927843385596,395.79317043757584,610.9624488714318,641.5562154997114,-2283.502911915922,1462.5295637078168,-820.9733482081053,-3718.0402186063584,4741.167908869363,-4229.604063737861,511.56384513150215
939,21,0,-100.0,40.0,0.0003516424913831847,-0.00035654154412978077,-0.05862662410515042,0.059443405156599106,-1.9156654657435403e-05,2.0449944360968375e-05,0.0027935333076841914,-0.0029821282334637866,0.00011472688656296497,-7.519006539564004e-05,-0.04319304071093008,0.028307989983751225,-1.9303703724634475e-05,1.1164310348321157e-05,0.010001919028303354,-0.005784616760785467,871.2412017113726,-626.243285175857,748.7422434436148,122.49895826775781,1297.1680023768022,-1306.9601529404977,1302.06407765865,-4.896075281847743,1706.403022039822,-1453.496583488734,1579.949802764278,126.45321927554403
920,21,1,-93.33333333333333,40.0,0.0004162778338928287,-0.0004163385913134863,-0.06940277323978755,0.06941290285310156,-2.4446415218992262e-05,2.2030927546683816e-05,0.0035649165467012277,-0.003212676273670302,0.00013932374906406366,-6.87922060176698e-05,-0.05245340953291521,0.02589928694251764,-2.683748538687088e-05,2.3900243410310206e-05,0.013905432842931796,-0.01238354580844511,1014.6199463266363,-442.38363447304806,728.5017903998422,286.1181559267941,1529.662420486696,-1527.4993539305135,1528.5808872086047,1.0815332780912286,2072.9167401184777,-1676.8252449006163,1874.870992509547,198.0457476089307
877,21,2,-86.66666666666667,40.0,0.00027813683038822797,-0.00029220292390706666,-0.04637159559650524,0.04871672622651841,-3.5403339227237636e-05,2.3759591111430844e-05,0.0051627180790746125,-0.003464759914173085,8.431529610131489e-05,-4.0702087657173964e-05,-0.031743509530867374,0.015323756983776422,-7.163484816790782e-06,-8.083393622741659e-06,0.003711650164138571,0.0041882868511595285,719.1175922922184,-529.9786939930565,624.5481431426374,94.56944914958098,959.8458947356936,-1047.7861899053019,1003.8160423204977,-43.970147584804124,1300.785729090886,-966.3560748494057,1133.5709019701458,167.21482712074015
858,21,3,-80.0,40.0,0.00038984892992335174,-0.00035562894647706467,-0.06499648714951746,0.059291254831038115,-3.869223655454813e-05,3.2156577789922544e-05,0.00564232395983466,-0.004689256695579664,0.00010486010558672496,-4.3028318770861414e-05,-0.0394783380360809,0.01619954990561598,-2.4578264391804776e-05,2.724789098827872e-05,0.01273485201647322,-0.014118078232262184,729.3030932619729,-157.46220307225397,443.3826481671134,285.9204450948595,1376.8041114316306,-1257.3849592095823,1317.0945353206066,59.70957611102415,1839.6781621482799,-1433.112597820609,1636.3953799844444,203.28278216383546
815,21,4,-73.33333333333333,40.0,0.00015268470068662094,-0.00015672732107052632,-0.02545593542620992,0.026129930155102836,-8.989915095981451e-06,1.2755116341797723e-05,0.0013109610056121978,-0.0018600242569163214,7.369206656650556e-05,-3.5919479330908007e-05,-0.027744014734791423,0.013523172985295257,-6.092718286894799e-07,1.8494696391443056e-05,0.0003156848853311895,-0.009582744244266545,673.764274544751,-140.7841083462624,407.2741914455067,266.49008309924426,565.9895874872651,-560.3077571405778,563.1486723139215,2.84091517334366,807.7128841999466,-766.4362332420916,787.0745587210191,20.638325478927527
796,21,5,-66.66666666666666,40.0,0.00038544006504406814,-0.0003897718571924237,-0.06426143131769395,0.06498363741111668,-3.583175111094575e-05,3.0122064997735635e-05,0.005225191558288366,-0.00439257236569445,8.9237791263945e-05,-4.9071889592679595e-05,-0.03359675893323958,0.018474868345491155,-5.813238035270582e-06,1.943469007633015e-05,0.0030120404327812805,-0.010069787604311443,812.1905801714405,-312.19300295547333,562.191791563457,249.99878860798358,1370.0660001398742,-1396.9654301517141,1383.5157151457943,-13.449715005919984,1596.5920061826112,-1489.166678260491,1542.879342221551,53.712663961060116
753,21,6,-60.0,40.0,0.00023662966549168474,-0.00029388196582414913,-0.039451428057911526,0.048996659857242005,-1.056480086349054e-05,1.0284046607252429e-05,0.0015406198853073964,-0.0014996786886266463,8.804993704712578e-05,-8.253885987390587e-05,-0.03314954871876589,0.031074706562447783,-2.8223296282045377e-06,1.5657131536164647e-05,0.0014623469576182495,-0.008112503386610024,798.605238433355,-621.1944643709196,709.8998514021373,88.7053870312177,883.9041384685693,-1100.940965798933,992.4225521337511,-108.51841366518181,1121.829673368853,-1339.6316177348403,1230.7306455518467,-108.90097218299366
734,21,7,-53.33333333333333,40.0,0.00032880628938352475,-0.00035840605955374613,-0.05481932133762325,0.05975426134598936,-2.711858599655921e-05,2.1511964452292092e-05,0.003954587823050946,-0.0031369980973098258,9.187263144649546e-05,-6.109316697173367e-05,-0.034588738779299785,0.02300070826659715,-1.772544705323107e-05,3.462806984060886e-05,0.009184169457628396,-0.0179420050987527,681.8559475366952,-232.8771961839086,457.3665718603019,224.4893756763933,1180.3722575447682,-1304.5253468791127,1242.4488022119403,-62.07654466717224,1533.8738025718226,-1566.579282450867,1550.2265425113446,-16.352739939522166
691,21,8,-46.666666666666664,40.0,0.00030574619893805106,-0.0004899581062395226,-0.05097469138673272,0.08168691334425415,5.047615703443149e-06,-9.956810912967569e-06,-0.0007360722863208901,0.0014519593019281392,0.00016749902561679958,-0.00015801368066721688,-0.06306100033959268,0.05948990290255305,-1.0879126418094602e-05,2.2231642909887428e-05,0.005636853066367632,-0.011518985963666871,1418.6442519870568,-1267.8342062902718,1343.2392291386643,75.40502284839249,1210.5512907254638,-1928.3039780384831,1569.4276343819733,-358.8763436565097,1742.2762951209256,-2247.9768169330478,1995.1265560269867,-252.85026090606107
672,21,9,-40.0,40.0,0.0002261886617101419,-0.000328999931584318,-0.03771068051180812,0.05485160579924262,2.0345810468681597e-06,1.1457822363620374e-05,-0.0002966942831744964,-0.0016708454048305827,9.661204528708971e-05,-9.515482627224305e-05,-0.03637306066840102,0.035824438439395714,-3.302137102857074e-05,3.659827903558197e-05,0.017109518667645256,-0.01896283887853104,524.032846605105,-497.97587807566737,511.00436234038614,13.028484264718799,881.6131353342579,-1229.91911170825,1055.766123521254,-174.15298818699608,1341.211664919623,-1659.7500051078518,1500.4808350137373,-159.26917009411443
629,21,10,-33.33333333333333,40.0,0.0005175879186016729,-0.001075344705106654,-0.08629341757268223,0.17928387881046148,1.4930120019905351e-05,-2.9840628194683283e-05,-0.0021771957739573195,0.004351531636120628,0.00033115916915859504,-0.00030767566943430463,-0.1246767161890575,0.11583551261408115,-4.614129586484782e-05,2.900573728333674e-05,0.023907407183847828,-0.015028879421410991,2492.6863293478673,-2678.5763605351326,2585.6313449415,-92.94501559363266,2072.9569406633836,-4255.725426714475,3164.3411836889295,-1091.3842430255459,3395.240457159856,-4559.847107561219,3977.543782360537,-582.3033252006815
610,21,11,-26.666666666666657,40.0,0.00034253117434994613,-0.0005983963919530736,-0.057107564913215475,0.0997659873211463,2.9498945259498145e-05,-5.0607479041480744e-05,-0.004301705469852265,0.007379872991834394,0.000186120244580874,-0.00018834218767854554,-0.07007162437810859,0.07090815434549705,-3.594346928092192e-05,4.672738696765722e-05,0.018623559212904227,-0.02421108133038105,1310.7969098548742,-1297.8162668120535,1304.3065883334639,6.490321521410351,1430.3334923407203,-2477.4160256689142,1953.8747590048174,-523.541266664097,2070.628486131361,-2782.4200353213437,2426.5242607263526,-355.8957745949913
567,21,12,-20.0,40.0,0.0007531196233215134,-0.001915321565077812,-0.12556179115045993,0.319326703080215,6.71708425815089e-05,-0.00010881839308371183,-0.009795237707844002,0.01586852250583487,0.00046176150027991015,-0.0004460248289958787,-0.17384663593554475,0.1679220030636098,-7.557933843535751e-05,4.457581909363273e-05,0.03916027898203227,-0.023096279323114997,3375.4599281471887,-3998.634324924754,3687.047126535971,-311.58719838878255,3161.0921277151847,-7748.4068132024995,5454.749470458843,-2293.6573427436574,4795.2868111091475,-7406.896069920104,6101.091440514626,-1305.8046294054784
548,21,13,-13.333333333333329,40.0,0.0009250111973806822,-0.0011245399356265247,-0.1542199395430788,0.1874858178767839,0.00015808801211469263,-0.0001957478966127738,-0.023053301073972497,0.02854508153304632,0.00032798028944728706,-0.000345186253103083,-0.12347991319980947,0.12995771374787632,-5.499930699389917e-05,3.919023494988176e-05,0.028497050255893015,-0.020305821217545848,2557.339775993329,-2970.3935663932166,2763.866671193273,-206.52689519994374,4100.535706180115,-4993.139125155445,4546.83741566778,-446.301709487665,4177.881322307837,-4579.7886464986,4378.834984403218,-200.9536620953818
505,21,14,-6.666666666666657,40.0,0.0014027081161373282,-0.0035278080108743924,-0.2338626402359726,0.5881640564970743,0.00021406886370247037,-0.00035936169397737295,-0.031216750084224608,0.052404184320457986,0.00047721089599953617,-0.0004849088214834264,-0.17966311364420148,0.18256127307985298,-8.032490578767383e-05,4.4302911797835616e-05,0.04161912216975978,-0.022954876579178735,3729.2727156744136,-4972.6108677481925,4350.941791711303,-621.6690760368895,6131.264537526667,-14748.527759987299,10439.896148756983,-4308.631611230316,6265.790743364181,-11230.43568455159,8748.113213957886,-2482.3224705937046
486,21,15,0.0,40.0,0.002264055272869486,-0.0012919070025936912,-0.3774683682671416,0.2153896303087499,0.00043254095066110363,-0.0007757102452919622,-0.06307560345042734,0.11311851918225653,0.00036726334740693183,-0.00041253414570393117,-0.13826942568927758,0.15531323723545282,-3.2167588293286405e-05,3.279700600282279e-05,0.016667144193404874,-0.016993267358967615,3716.874276129492,-3926.855890369393,3821.8650832494423,-104.99080711995043,10136.582731449655,-7550.521635922217,8843.552183685935,1293.030547763719,7063.899877888192,-3983.4780466106313,5523.688962249412,1540.2109156387805
443,21,16,6.666666666666671,40.0,0.0026386534278813965,-0.0049511052758593205,-0.43992221205030024,0.8254593657639857,0.00038517559173860107,-0.0007606207505909445,-0.056168515018414994,0.11091808247776878,0.0003277317189552518,-0.0003499910506183237,-0.12338632994566857,0.13176665166034784,-2.3356075870290893e-05,-1.8145902719346502e-05,0.012101593715170986,0.009402022134372042,3581.3608661645962,-5173.320124728949,4377.340495446772,-795.9796292821763,11409.947279730672,-21503.518797337772,16456.73303853422,-5046.78575880355,7874.711863404584,-12831.647996971731,10353.179930188158,-2478.4680667835737
424,21,17,13.333333333333343,40.0,0.004106672084273993,-0.0022060753626850617,-0.6846735719020075,0.367801827722903,0.000625573061754885,-0.0014413229365157348,-0.09122465355525729,0.21018198126378526,0.00016064445341787387,-0.00019469553973980034,-0.06048035141836778,0.0733001010151388,3.200477419493879e-05,-2.7989536962121034e-05,-0.01658278455695537,0.014502350757568902,3368.885763469826,-3339.991046400441,3354.438404935134,14.447358534692512,17801.454255944464,-13212.624169252183,15507.039212598324,2294.41504334614,9848.883139271406,-3230.119661871615,6539.50140057151,3309.3817386998953
381,21,18,20.0,40.0,0.00327743065430599,-0.004552737568296999,-0.5464205825777593,0.7590426089180765,0.00045619119777290135,-0.0010099835185147761,-0.0665244181951315,0.14728159220054646,-4.3896193864244896e-05,2.2882246549790074e-05,0.01652629253207034,-0.008614840308075378,5.689759493673562e-05,-8.937385289568015e-05,-0.029480619138191236,0.04630769580084895,1551.921803716893,-2764.2738136596354,2158.097808688264,-606.1760049713712,14044.234104263898,-20752.939915858467,17398.587010061183,-3354.3529057972846,6821.0285353105155,-8728.986209337696,7775.007372324106,-953.9788370135902
362,21,19,26.66666666666667,40.0,0.004219191361155279,-0.0025415930509858757,-0.703433037870852,0.42374008852656153,0.000617794121216644,-0.0016218820051144647,-0.09009028380852092,0.23651214073863966,-0.0002390964233666158,0.00016050754389476812,0.09001640206320888,-0.060428806930563905,0.00010146688682597681,-9.692215301254453e-05,-0.05257351649011891,0.050218732130828676,765.9103359566867,-1267.9220715187414,1016.9162037377141,-251.00586778102735,18156.768813878185,-15046.87985513308,16601.824334505633,1554.9444793725525,7541.789510628949,-1306.8387448107908,4424.31412771987,3117.475382909079
319,21,20,33.33333333333334,40.0,0.0024397799734300735,-0.002567321412181057,-0.4067655840991425,0.4280295785557622,0.0004262269831017279,-0.001122988198725538,-0.06215486446983985,0.16376058311718003,-0.0003316470382734215,0.00030054546132477687,0.12486039197046851,-0.11315109069365178,0.00015050716121920555,-0.00015642318747317868,-0.0779829850876349,0.08104828366482163,-127.8608703602221,-547.7152719993517,209.9272008195648,-337.78807117978687,10711.59675469578,-13494.670069511809,12103.133412103794,-1391.5366574080144,2490.6062055347497,-1336.153344953196,1913.3797752439727,577.2264302907769
300,21,21,40.0,40.0,0.0021205943522614617,-0.001957955259097331,-0.3535502421237899,0.32643468807845766,0.0004958620471980789,-0.001392814607449744,-0.07230944909927967,0.20310821836680917,-0.0005197446291181791,0.00043309349010446624,0.1956764590876264,-0.16305353792944033,0.00013130957031738053,-0.00011205587290864016,-0.0680360467965385,0.05806003777647042,-2045.2579254925604,1193.0542941920073,-1619.156109842284,-426.10181565027654,9686.800921702266,-12021.411301534095,10854.10611161818,-1167.3051899159145,663.8261554421624,1224.6720916999623,-280.4229681288999,944.2491235710623
257,21,22,46.666666666666686,40.0,0.0008811165440294627,-0.000871472981394041,-0.14690172457956463,0.14529392820820616,0.0005333565506030808,-0.0012610374099285735,-0.0777771127383638,0.18389171125470827,-0.00040970213470903913,0.0003990616859884895,0.15424702538345558,-0.15024104780890485,0.00015593977783572778,-0.00015117296656818192,-0.08079781235008035,0.07832796195238934,-1202.697582841704,859.0338143772727,-1030.8656986094884,-171.8318842322156,5087.535066426446,-7442.268126039371,6264.901596232909,-1177.3665298064625,-2264.1538266956914,3872.1917781463117,-3068.1728024210015,804.0189757253102
238,21,23,53.33333333333334,40.0,0.0004989341761946556,-0.0005883675539732198,-0.0831834238402729,0.09809395698105966,0.0005978229151911517,-0.0013708714326718045,-0.08717796794625311,0.19990833870542388,-0.0005444028078620307,0.00048151018323280376,0.20495991260273627,-0.18128173412679074,0.0001256426301132678,-0.0001027921380747886,-0.06509980834881306,0.05326017516825941,-2811.8982326038063,2176.156909723616,-2494.0275711637114,-317.8706614400951,3811.010043585752,-6698.961816398994,5254.985929992374,-1443.9758864066212,-3879.462036089404,4922.853125484266,-4401.157580786835,521.6955446974307
195,21,24,60.0,40.0,9.796721230739616e-05,-0.00016769041478073747,-0.016333313155595025,0.027957721703985097,0.0005935432784114785,-0.001220818134138191,-0.08655388675344593,0.17802670567098225,-0.00036468926082525985,0.0003411906869873801,0.13730031870968046,-0.12845343994537883,0.00013611084766419483,-0.0001306230548198882,-0.0705237552663893,0.06768033928488461,-1276.3455919409441,847.1216299524117,-1061.7336109466778,-214.61198099426622,2291.781044662509,-4622.216491990347,3456.998768326428,-1165.217723663919,-4055.5967976110674,5153.195896729023,-4604.396347170045,548.7995495589778
176,21,25,66.66666666666669,40.0,-2.757360291702325e-05,1.0862530464900832e-05,0.004597132863785367,-0.0018110254192873656,0.0006456520419223387,-0.0012318681575318906,-0.09415268566134014,0.17963808348996943,-0.0004615815486533091,0.0004243745102765114,0.1737788867080826,-0.1597709660585481,0.0001028636628145087,-8.380050487230606e-05,-0.053297234618891576,0.043419950711019166,-2515.255412156634,2160.34803682664,-2337.8017244916373,-177.453687664997,1962.124668185109,-3954.62166654687,2958.3731673659895,-996.2484991808806,-4754.160454321953,5719.95651387683,-5237.0584840993915,482.89802977743875
133,21,26,73.33333333333334,40.0,-9.283431413943328e-05,4.6539720594708316e-05,0.015477544871507714,-0.007759206501274281,0.0005638803854072128,-0.0010065060335027022,-0.08222827348267968,0.14677448538143228,-0.0002733472592761481,0.00027325826808613084,0.1029113545381188,-0.10287785062104685,0.00012297129546330843,-8.484680963620904e-05,-0.06371569713121818,0.043962077531694024,-717.4462682090343,954.801609375098,-836.1239387920662,118.67767058303184,1475.9516842287178,-3101.0181607192435,2288.4849224739805,-812.5332382452629,-3906.8788588289817,4513.191192575247,-4210.035025702115,303.15616687313286
114,21,27,80.0,40.0,-0.00016463806087435787,0.00017966267335222405,0.027448826421161605,-0.029953763479822013,0.0005931103617187973,-0.0010843596892918766,-0.08649075635713803,0.15812755221179475,-0.00033216721240928143,0.0003501087365440071,0.12505623013273431,-0.13181095873719298,0.00010834227487132787,-5.2824161881579005e-05,-0.05613589371568775,0.02737003206298154,-1404.7066905729512,1998.4301680636117,-1701.5684293182815,296.8617387453303,1285.7278975482843,-2830.209835900043,2057.9688667241635,-772.2409691758793,-4356.403607468514,5195.484316587504,-4775.943962028008,419.540354559495
71,21,28,86.66666666666669,40.0,-9.297514683796895e-05,0.00013784255916868466,0.015501024814577982,-0.022981420334860222,0.00047483084597014553,-0.0008835710934500456,-0.06924255865408196,0.12884740699241093,-0.00018968565926083883,0.00020266948795058157,0.07141395228429254,-0.07630217908082479,0.00011058336304858403,-5.96156265489603e-05,-0.057297079299757754,0.03088892567302202,-178.74738644090948,722.0008607001863,-450.3741235705479,271.6267371296384,1193.6078944411697,-2354.3183439576633,1773.9631191994165,-580.3552247582468,-3170.7878928129794,3906.57771678867,-3538.6828048008247,367.89491198784526
52,21,29,93.33333333333334,40.0,-0.0001587986148381945,0.00019230134280399317,0.026475260893293114,-0.0320609107708776,0.0004879258706254105,-0.0008725701224207237,-0.07115215029174454,0.12724318227067163,-0.00022574699467467724,0.00025689611486182356,0.08499053206679695,-0.09671773269656966,9.919435216400804e-05,-4.5715075518217634e-05,-0.05139603739065377,0.023686567626008456,-637.3756733499008,1372.7336037541775,-1005.0546385520391,367.67896520213833,977.2919957370992,-2099.1205981565977,1538.2062969468484,-560.9143012097493,-3473.55091140554,4199.919704065547,-3836.7353077355438,363.18439633000366
9,21,30,100.0,40.0,-0.00035819190730797013,0.0003790517048546366,0.05971855740371265,-0.06319634959221503,0.0006161667248475642,-0.0011468696699464239,-0.0898529675315861,0.1672431162882915,-9.293370369397366e-05,0.00014832537438265453,0.03498821738588962,-0.0558423934101779,0.00011935502597373492,-6.064376799409957e-05,-0.061841982369782,0.03142164144770533,729.4115683372905,208.9132971008808,260.24913561820483,469.1624327190857,659.3000812173957,-2304.796690268287,1482.0483857428412,-822.7483045254456,-3748.723057128351,4864.921275224252,-4306.822166176302,558.0991090479506
938,22,0,-100.0,46.666666666666686,0.000365353975276082,-0.00039989876365431056,-0.060912633423736304,0.06667201794827451,-3.252465253525626e-05,2.0084008262317987e-05,0.004742931467046509,-0.002928765331728379,0.00013009780546262533,-8.235342248901464e-05,-0.04897997301326412,0.03100489202502861,-2.6658063518468173e-05,5.166023018431512e-06,0.013812468144277586,-0.002676695864471038,917.0999391692385,-771.8784812239637,844.4892101966011,72.61072897263739,1306.8512746857627,-1476.190199115903,1391.5207369008328,-84.6694622150701,1909.3537537036295,-1557.1087684253212,1733.2312610644753,176.1224926391542
921,22,1,-93.33333333333333,46.666666666666686,0.0004420520501616658,-0.00048111258084410633,-0.07369990832961766,0.08021216752974868,-4.5331733441173704e-05,1.9045627042325427e-05,0.006610533494888058,-0.002777342623745434,0.0001427488432045522,-9.563325941394415e-05,-0.05374290875215618,0.03600456171115915,-2.5874676987565087e-05,2.124487601034862e-05,0.013406568387333171,-0.011007707777377572,1054.8259231996478,-726.8384049677534,890.8321640837006,163.99375911594723,1560.36713054626,-1789.757893846275,1675.0625121962676,-114.69538165000756,2198.6323600930286,-1958.473712899993,2078.5530364965107,120.07932359651784
876,22,2,-86.66666666666667,46.666666666666686,0.00031821191285441597,-0.00035533884745546807,-0.05305300314337617,0.05924288887211911,-3.7886785810679266e-05,2.884786385343888e-05,0.005524868510491716,-0.004206761043157469,0.00010487079578236449,-6.231835482135174e-05,-0.03948236274266275,0.02346197406271937,-1.56860616920809e-05,1.3427862479011345e-05,0.00812749310470134,-0.006957441698966365,809.366552622866,-485.1730868928158,647.2698197578409,162.09673286502513,1106.7837537450503,-1272.4130535402785,1189.5984036426644,-82.81464989761412,1583.3393033308305,-1419.7977005456034,1501.568501938217,81.77080139261352
859,22,3,-80.0,46.666666666666686,0.0004597257700748731,-0.0005162024418817136,-0.07664651051587683,0.08606242778942826,-3.888441898586535e-05,1.8356004492824778e-05,0.005670349104758804,-0.002676777906355573,0.00011452543732802636,-6.269503183547778e-05,-0.04311719793974921,0.023603787600011597,-3.4072083180487016e-05,1.692139612524505e-05,0.017653929109052398,-0.008767562759190238,725.2672411269502,-505.15623273278294,615.2117369298666,110.05550419708365,1643.4874151311656,-1921.9797021852908,1782.733558658228,-139.2461435270626,2145.137958555352,-1843.2501584415193,1994.1940584984354,150.94390005691628
814,22,4,-73.33333333333333,46.666666666666686,0.0001855702948662181,-0.00021405700321963495,-0.03093869537611841,0.035688063224297295,-2.6566564884800234e-05,1.1694279331617653e-05,0.003874088936903045,-0.001705326916751456,8.61072753105424e-05,-5.441651854431613e-05,-0.032418164210830505,0.02048704511423974,-9.072249837705507e-06,1.1712931027785143e-05,0.004700647584301179,-0.0060688761801967256,685.8087593570365,-397.9825264009805,541.8956428790085,143.913116478028,634.5855210745838,-787.1630177727162,710.87426942365,-76.28874834906622,1063.328772934414,-958.0183610800927,1010.6735670072534,52.65520592716064
797,22,5,-66.66666666666666,46.666666666666686,0.000415713134290516,-0.0004615474108945806,-0.06930862525674121,0.07695021855517409,-2.358044532426472e-05,2.0024967962890654e-05,0.0034386358475064853,-0.0029201557364783083,0.00010057273932819922,-6.881223841278861e-05,-0.03786420563089672,0.025906828854303322,-1.0572103804012352e-05,3.153156712697041e-05,0.00547777399171369,-0.016337599547645444,869.7633584717153,-369.7367103559389,619.750034413827,250.01332405788818,1527.1166461835828,-1705.8318063044446,1616.4742262440136,-89.3575800604309,1742.790814118857,-1848.3886742039626,1795.5897441614097,-52.7989300425528
752,22,6,-60.0,46.666666666666686,0.00024281451481497645,-0.0002781024335635976,-0.040482579995771324,0.046365860880828294,-4.407432294850766e-06,1.665732748478188e-05,0.0006427170681520704,-0.0024290670776215316,7.084627084565651e-05,-7.09209615546655e-05,-0.02667261312956994,0.026700733118977856,-9.208528105112345e-06,1.7246780314299087e-05,0.004771258085548213,-0.008936155603259608,581.0517294994273,-494.81799987753425,537.9348646884807,43.11686481094654,924.0974454075542,-1017.5655460209022,970.8314957142281,-46.734050306673964,1082.7686358377962,-1264.7050040486151,1173.7368199432058,-90.96818410540948
735,22,7,-53.33333333333333,46.666666666666686,0.00038997448495651827,-0.00041320064274144905,-0.06501741996598401,0.06888973703582367,-4.2633716890910245e-05,2.6171324776261224e-05,0.006217093239654413,-0.0038164527562921523,9.549653743813024e-05,-8.217041149721294e-05,-0.035953087832242644,0.030935990990090298,-6.6846350721273045e-06,3.465376689528436e-05,0.0034635414881472476,-0.01795531963485399,854.5641645898504,-430.0678455727917,642.316005081321,212.24815950852934,1365.8860128475023,-1502.144267864539,1434.0151403560208,-68.12912750851831,1663.3947590933253,-1830.2396139170685,1746.8171865051968,-83.42242741187158
690,22,8,-46.666666666666664,46.666666666666686,0.00021033781895950278,-0.00033337905800225547,-0.035067992490698266,0.055581703568154145,1.19026608739907e-05,-6.742697964931625e-06,-0.001735714309004193,0.0009832589084848371,0.00010524066248545209,-0.00010572331544122172,-0.039621612294731025,0.03980332426646109,-4.103629000710142e-06,2.563083710198266e-05,0.0021262326428540044,-0.013280226477705031,932.7352383383609,-725.3862511843583,829.0607447613596,103.67449357700127,859.5266658552938,-1309.9288486310859,1084.72775724319,-225.20109138789604,1101.191369628019,-1600.5922169274777,1350.8917932777483,-249.70042364972937
673,22,9,-40.0,46.666666666666686,0.0002531663915226839,-0.0003302551949078272,-0.042208468076413694,0.0550608861132652,-3.296951379719009e-06,9.296947404565952e-06,0.0004807803688983664,-0.0013557342186759447,9.718959717257313e-05,-9.642567016573879e-05,-0.036590500737156556,0.036302893086544816,-1.547565085329284e-05,3.27957707141406e-05,0.008018471944707577,-0.016992627313018295,739.0800939203873,-554.3549790742741,646.7175364973307,92.36255742305661,970.3578771688454,-1242.6524891443557,1106.5051831566007,-136.14730598775515,1292.6181190445727,-1635.6099971663211,1464.114058105447,-171.4959390608742
628,22,10,-33.33333333333333,46.666666666666686,0.0003824097445336973,-0.0007602156794118008,-0.06375620949202429,0.12674486152229678,3.123002048965489e-05,-2.7092922236345933e-05,-0.004554140793243815,0.003950845386271757,0.00023007422645444288,-0.00021720250415844822,-0.08661967327360962,0.08177365293952206,-3.636409270228963e-05,1.4770148511248927e-05,0.018841498809467706,-0.007652926689762715,1698.2333248006619,-1960.0398779473517,1829.1366013740067,-130.9032765733449,1595.3092188637372,-3029.201745518045,2312.255482190891,-716.9462633271538,2403.190230452639,-3164.3223969130772,2783.756313682858,-380.5660832302192
611,22,11,-26.666666666666657,46.666666666666686,0.00030509868644152153,-0.0004857350901854901,-0.05086673665239984,0.08098284264501664,1.1936901972502935e-05,-3.156794941736148e-05,-0.0017407075424729864,0.00460341952860025,0.00014640017798763126,-0.0001585058868131686,-0.05511758435488171,0.05967521151448505,-3.0561301244142344e-05,3.241874840809446e-05,0.0158348711109472,-0.01679727896791676,1011.4114184073399,-1161.7570008943396,1086.5842096508397,-75.17279124349989,1224.1841970473042,-1981.5206601526525,1602.8524285999783,-378.6682315526741,1765.0490386767742,-2267.686404635659,2016.3677216562166,-251.31868297944243
566,22,12,-20.0,46.666666666666686,0.0006919306527729234,-0.0016068526300714687,-0.11536022887161626,0.2678980710352148,6.861490687629752e-05,-9.912233780532671e-05,-0.010005819449701718,0.014454588086820703,0.0003974966390024912,-0.0003887511915629632,-0.1496518298826985,0.14635929333257153,-5.9739460426684516e-05,3.8926706697779803e-05,0.03095308830396718,-0.02016927808174179,2986.3214166190355,-3465.6155879599237,3225.9685022894796,-239.64708567044408,2924.4522395066338,-6528.20253546445,4726.327387485542,-1801.8751479789082,4175.999152239805,-6283.682396281944,5229.840774260874,-1053.8416220210697
549,22,13,-13.333333333333329,46.666666666666686,0.0008081209406978195,-0.0007339193952918467,-0.1347317340274571,0.12236068611050663,0.00012731306833762055,-0.00018022295979585955,-0.018565522178298207,0.02628114616054592,0.00025978506990322617,-0.0002722435786282869,-0.09780538317200435,0.1024958344749227,-3.63236331853435e-05,4.589519890858702e-05,0.018820535329184745,-0.023779895807546955,2135.2229517604983,-2129.721554648793,2132.4722532046453,2.7506985558527504,3544.7429531915013,-3434.9246814798043,3489.833817335653,54.90913585584849,3445.4939268298863,-3268.6902343311126,3357.0920805804994,88.40184624938684
504,22,14,-6.666666666666657,46.666666666666686,0.0013236942606830772,-0.0028269001401136735,-0.22068927320460544,0.47130712572686134,0.0002168634151238218,-0.0003193592405582986,-0.03162426760830084,0.046570797019095535,0.0004382215253773404,-0.0004367096832137192,-0.16498417025934997,0.16441498319188821,-5.547743996611644e-05,4.887868033308563e-05,0.028744787547197188,-0.025325741105213906,3656.9822777923705,-4257.449247105333,3957.215762448852,-300.2334846564811,5836.228573146031,-11926.582174088731,8881.405373617381,-3045.1768004713504,5660.070987469129,-9280.520130731822,7470.295559100476,-1810.2245716313464
487,22,15,0.0,46.666666666666686,0.002018870997873377,-0.0008343632672828574,-0.3365906965439396,0.13910691351812085,0.00041953049355611724,-0.0007675465076114408,-0.06117834393821553,0.11192803610817337,0.0003189188013774555,-0.00035121685971834665,-0.12006839184829929,0.13222815134840973,-2.1175837098468836e-05,2.1716893541067025e-05,0.010971936320445057,-0.01125227644614347,3342.0594433571673,-3373.746862991216,3357.9031531741916,-15.843709817024319,9149.939999991146,-5765.132554005873,7457.5362769985095,1692.4037229926362,6118.896375767418,-2405.8798035205587,4262.388089643989,1856.5082861234298
442,22,16,6.666666666666671,46.666666666666686,0.0025895766213456755,-0.004125002346402126,-0.43174001689597347,0.6877296342774839,0.00040513742412117917,-0.0007450629377691467,-0.05907946396228483,0.10864935293758576,0.0003029308050005384,-0.0003247435631181246,-0.11404913865418964,0.12226133178185279,-1.3996247777382805e-05,7.06649177955838e-06,0.007251941853562839,-0.0036613947044326868,3468.768930567189,-4385.803609985063,3927.286270276126,-458.51733970893724,11285.473835404553,-18282.843534838095,14784.158685121325,-3498.684849716771,7499.919823520313,-10777.024052915232,9138.471938217772,-1638.5521146974597
425,22,17,13.333333333333343,46.666666666666686,0.00390918200917527,-0.0017438513410815899,-0.6517475840563179,0.29073880311422934,0.000649836326912068,-0.0014640368659078191,-0.09476286210898596,0.21349425678578232,0.00013723374548626157,-0.00017044110342864156,-0.05166655291781435,0.06416865078238468,2.5794520477549844e-05,-1.7970537477972948e-05,-0.013365036516858973,0.009311159315007549,3040.8208300388574,-2872.963098972331,2956.891964505594,83.9288655332632,17120.75260301866,-11512.93626749305,14316.844435255854,2803.9081677628046,9203.978169198495,-1924.063382969751,5564.020776084123,3639.9573931143723
380,22,18,20.0,46.666666666666686,0.0034227941520360897,-0.0043561517234591215,-0.5706559106420968,0.726267376367626,0.0004721706197618273,-0.001033776326904497,-0.06885462920336094,0.15075119604884862,-3.616109885143671e-05,-5.7014259528186026e-06,0.013614139297546953,0.002146505763976194,5.076920578284826e-05,-0.00010751656826521774,-0.026305287970375433,0.05570806645863606,1601.965290472332,-3166.481243629796,2384.223267051064,-782.257976578732,14653.200776259915,-20086.197385192994,17369.699080726456,-2716.4983044665396,7250.044883155896,-8172.795479879688,7711.420181517792,-461.37529836189606
363,22,19,26.66666666666667,46.666666666666686,0.004248189650523042,-0.0019299710578847555,-0.7082676976520661,0.32176909934679104,0.0006720549775842152,-0.001770078867319714,-0.09800291324601222,0.2581230575749967,-0.0002254507520053756,0.00016927850948770195,0.08487900091608941,-0.0637309507024324,9.686972187072073e-05,-8.044270047628592e-05,-0.050191565736101326,0.04168015568717534,862.7628119922334,-863.8167021393399,863.2897570657867,-0.5269450735532359,18447.34521931401,-13189.021791450565,15818.183505382287,2629.161713931723,7598.8019662548895,546.8851132206337,3525.958426517128,4072.8435397377616
318,22,20,33.33333333333334,46.666666666666686,0.002505573747124059,-0.00249201905799915,-0.41773486947658384,0.4154750013330543,0.00043847988149764227,-0.0011218355591688513,-0.06394165242403892,0.16359249860289823,-0.0003397787137567107,0.0003024816761232011,0.12792185211045948,-0.11388004802108301,0.0001506605505224263,-0.00013597431013867044,-0.07806246141054718,0.07045301043451141,-169.28862666538126,-268.6747947156353,49.69308402512702,-218.9817106905083,11002.422865501845,-13198.991105831554,12100.7069856667,-1098.2841201648544,2590.119193853239,-1288.924054374637,1939.5216241139378,650.5975697393009
301,22,21,40.0,46.666666666666686,0.0022177423991124453,-0.0018696011424048265,-0.3697469821789495,0.3117040917642894,0.0005117672763483002,-0.00144900930095441,-0.07462884088203267,0.2113028510324588,-0.0005175172237056278,0.0004173946564865804,0.1948378726363914,-0.15714315040053867,0.00013389397724529275,-9.931083531155062e-05,-0.06937511774364265,0.051456391353111045,-1957.4414481383435,1210.7012788500372,-1584.0713634941903,-373.37008464415317,10111.614247946605,-11868.19100384861,10989.902625897608,-878.2883779510021,872.0846018276275,1404.7147092252962,-266.3150536988344,1138.3996555264619
256,22,22,46.666666666666686,46.666666666666686,0.0008585135472021861,-0.0008849405083471635,-0.14313330230093094,0.14753926447914706,0.0005015185629144644,-0.0011901455041285656,-0.07313431467950397,0.17355384675597826,-0.00041949177513976924,0.00037699766138654466,0.1579326857403051,-0.14193425642434365,0.00015313015185532488,-0.00014144685250542358,-0.07934204759339558,0.07328852461417494,-1340.5843591639457,807.6724433002995,-1074.1284012321225,-266.4559579318231,4894.458696228243,-7262.653392400953,6078.556044314598,-1184.097348086355,-2279.36593273483,3484.396613913094,-2881.881273323962,602.5153405891319
239,22,23,53.33333333333334,46.666666666666686,0.0005490438368039861,-0.0006117922551752892,-0.09153781874011623,0.10199937565429017,0.0005959472992973095,-0.0013860153036023579,-0.08690445487387351,0.20211670486372652,-0.0005595292471449574,0.0004763830622529785,0.21065480180728458,-0.17935144601520744,0.00011827573442688549,-8.464544233060968e-05,-0.06128276395172556,0.04385774214019182,-3011.9540677158157,2328.32652232732,-2670.140295021568,-341.81377269424775,3993.06506935126,-6836.119449800506,5414.592259575883,-1421.5271902246232,-3767.30038033928,4731.207187426171,-4249.253783882726,481.9534035434456
194,22,24,60.0,46.666666666666686,0.00010887334593574064,-0.00019179353705089228,-0.018151608191995357,0.03197624825785656,0.0005741314650033393,-0.001203403589217742,-0.08372314473257123,0.17548721680179416,-0.0003748630801617945,0.0003483762449914367,0.14113061695931886,-0.1311587003137026,0.00012449245434675572,-0.00012675565571646275,-0.0645038623558019,0.06567650555254075,-1503.4087932989435,953.3735430038627,-1228.391168151403,-275.0176251475404,2266.239776430985,-4655.494603187396,3460.8671898091907,-1194.6274133782056,-3946.8074540188295,5058.290670197776,-4502.549062108303,555.7416080894734
177,22,25,66.66666666666669,46.666666666666686,-3.04278991123878e-05,1.9732517786946688e-05,0.005073007521231274,-0.003289849581013513,0.0006320399880553199,-0.0012217801383696747,-0.09216769785718043,0.1781669906482311,-0.00046173311030859443,0.0004217695956087295,0.173835947515214,-0.1587902527430843,9.441171090076205e-05,-7.892369191017423e-05,-0.04891798492265183,0.04089310461665152,-2621.3316664134877,2201.693381511654,-2411.512523962571,-209.81914245091684,1905.0442495619045,-3887.117516057603,2896.080882809754,-991.0366332478493,-4666.438696034875,5668.953170820187,-5167.695933427531,501.25723739265595
132,22,26,73.33333333333334,46.666666666666686,-0.0001066150994652669,5.314225510746649e-05,0.01777510828027969,-0.008859995849848626,0.000544565561901369,-0.0010532446779404144,-0.07941167508590931,0.15359018271103256,-0.00028944660013594057,0.0003018129996972544,0.10897252734606835,-0.11362830085916116,0.00011856352618877414,-8.196668069808216e-05,-0.06143187885425847,0.042469782745100486,-919.9637847066558,1216.3167934133094,-1068.1402890599825,148.17650435332678,1356.5476735587654,-3224.448379720222,2290.4980266394937,-933.9503530807283,-3948.664860164383,4765.0265256131925,-4356.845692888788,408.1808327244048
115,22,27,80.0,46.666666666666686,-0.0001626633784703512,0.00018256439212737538,0.027119602946002568,-0.03043754453603196,0.0005892982012521653,-0.0010701476085205016,-0.08593484524279114,0.15605506504134173,-0.0003307261224615401,0.00035860512117985593,0.12451368026804553,-0.13500972668484862,8.679153528319265e-05,-5.1028250394550844e-05,-0.044969707400596984,0.026439507976438886,-1643.2236812761564,2099.438570498129,-1871.3311258871427,228.10744461098636,1277.3826278339106,-2770.8075643639722,2024.0950960989414,-746.7124682650308,-4170.20745085996,5200.957464916047,-4685.582457888004,515.3750070280435
70,22,28,86.66666666666669,46.666666666666686,-0.0001042341238881674,0.00011743089175446639,0.017378146696902536,-0.019578341406185716,0.0005051708936687719,-0.0009252422373204592,-0.07366691850805798,0.13492413231073874,-0.0002081045733054547,0.00022550652388131183,0.07834841139857861,-0.08489999823398069,9.910013471369044e-05,-5.3616622446626234e-05,-0.051347220058883015,0.027780633392021362,-461.2865928435096,963.7520313817136,-712.5193121126116,251.23271926910198,1245.4589388435604,-2564.838458917135,1905.1486988803476,-659.6897600367873,-3278.3164376207897,4022.7026174156485,-3650.5095275182193,372.19308989742945
53,22,29,93.33333333333334,46.666666666666686,-0.00016939272643668997,0.0002099316140966147,0.028241534917714695,-0.03500026910575537,0.00047513842431618023,-0.0008578834668494401,-0.06928741149346,0.12510148987967049,-0.00024081304372960694,0.0002730912689443764,0.09066268520960277,-0.10281497781987019,8.931777688972017e-05,-3.886080938427621e-05,-0.0462786408754811,0.020135134395988647,-890.5924973418034,1603.7392040247432,-1247.1658506832732,356.5733533414699,890.7744252546255,-1979.7673656487027,1435.270895451664,-544.4964701970387,-3474.8585798102836,4244.180198349795,-3859.519389080039,384.6608092697559
8,22,30,100.0,46.666666666666686,-0.0002842788271848141,0.0003220661013395907,0.047395603065091024,-0.05369558208388457,0.0006297009683777628,-0.001161912751464082,-0.09182660858593608,0.16943678475605164,-0.00010825006977509465,0.00018297664720385882,0.04075461132810026,-0.0688881046858029,0.00010627755846696354,-4.726196195729552e-05,-0.05506609246990361,0.02448806319029714,475.873745036668,637.3857624586808,-80.75600871100639,556.6297537476744,982.0967560228016,-2564.7521099659507,1773.4244329943763,-791.3276769715745,-3567.375085732072,4829.747428407299,-4198.561257069685,631.1861713376134
937,23,0,-100.0,53.33333333333334,0.0003588239434411714,-0.00041645112059149705,-0.05982393188407284,0.06943166398648112,-1.9612868948040843e-05,2.5755335244571005e-05,0.002860061093408676,-0.0037557907757321215,0.0001441447225332347,-7.981440725093234e-05,-0.05426843746192587,0.030048988907375604,-4.390966298367398e-05,2.3481587300545863e-05,0.022751120716918913,-0.012166625544318608,841.3400054535642,-540.6001814127726,690.9700934331684,150.36991202039582,1323.5574133965144,-1517.4545473199066,1420.5059803582105,-96.94856696169609,2067.8539906213223,-1740.0354991923593,1903.9447449068407,163.90924571448147
922,23,1,-93.33333333333333,53.33333333333334,0.0004915718869155195,-0.0005443180707560571,-0.08195596647463006,0.09074992843536091,-6.45593047126032e-05,2.403868450375344e-05,0.009414408270161623,-0.0035054589141472335,0.00013028093367148483,-8.693071341744549e-05,-0.049048918178757187,0.03272817694402602,-3.417555767067926e-05,-2.640925197721033e-06,0.017707542834540582,0.0013683550247252858,859.2331794908321,-947.5379927698434,903.3855861303377,-44.15240663950567,1683.4068671284938,-2017.8922257171214,1850.6495464228076,-167.2426792943138,2370.2174367231046,-1906.5268936825642,2138.3721652028344,231.84527152027022
875,23,2,-86.66666666666667,53.33333333333334,0.0003644011302476897,-0.0003756609020897271,-0.06075377296551839,0.06263102735731926,-3.117632680693825e-05,2.3168505570339312e-05,0.004546310872322682,-0.0033785644287787275,0.00012209770612632743,-7.069926893390425e-05,-0.04596804942084139,0.02661726900101281,-2.541130647761804e-05,2.1757810572339723e-05,0.013166480040210463,-0.011273476980481647,862.9330616156267,-469.82146768020715,666.377264647917,196.55579696770977,1306.6153688094034,-1368.739652199647,1337.6775105045253,-31.062141695121795,1852.4700600396004,-1567.0868275410273,1709.7784437903138,142.69161624928654
860,23,3,-80.0,53.33333333333334,0.0005107954067616059,-0.0005857910375259309,-0.08516095477840789,0.09766439438564697,-4.55925573304376e-05,2.2322215775421162e-05,0.0066485683310913415,-0.003255153594667383,0.00012825823612807208,-6.467131142413834e-05,-0.04828740132812274,0.024347828751013694,-2.436321740784047e-05,8.559208522370627e-06,0.012623428708719745,-0.004434823068583749,970.0203023594984,-640.3001779713971,805.1602401654477,164.8600621940506,1820.618351886056,-2176.962120312806,1998.7902360994308,-178.17188421337494,2291.0483781159637,-1979.9935196053355,2135.5209488606497,155.52742925531413
813,23,4,-73.33333333333333,53.33333333333334,0.0002484685094218087,-0.00024545819117274354,-0.041425226645792054,0.040923339641947276,-2.6626833768493577e-05,2.7939826323396733e-05,0.0038828776913607003,-0.0040743457999868424,9.403413742934423e-05,-6.604181325988148e-05,-0.035402515032722875,0.024863803195706476,-5.691005457689805e-06,2.3995879155040027e-05,0.002948707491029612,-0.012433098007786962,813.8956075228563,-359.0014942127452,586.4485508678007,227.44705665505555,876.8783388030257,-853.6924508469205,865.2853948249731,11.59294397805263,1242.8048086476372,-1231.7843155721011,1237.2945621098693,5.510246537768012
798,23,5,-66.66666666666666,53.33333333333334,0.0004648437217407344,-0.0005377073675493882,-0.07749978688564245,0.0896477771838338,-4.202807035111564e-05,3.0110302440970205e-05,0.006128774385874626,-0.004390857082170507,0.00011374250943617991,-9.33509612533898e-05,-0.042822436726232906,0.035145308921193455,-1.3419078203941212e-05,3.6319439304016696e-05,0.006952890261106194,-0.01881836233367863,958.398964318238,-546.1973252679257,752.2981447930819,206.1008195251561,1656.0737238912134,-1967.1243373909324,1811.5990306410729,-155.5253067498595,2003.7223962179212,-2234.6572967797597,2119.1898464988403,-115.46745028091925
751,23,6,-60.0,53.33333333333334,0.0002628089606683016,-0.0002669851502364287,-0.043816098810925894,0.044512362493506964,-1.7891872659173976e-05,1.4063149056517597e-05,0.002609095539071429,-0.0020507690931861697,7.757124786586146e-05,-5.624620648092618e-05,-0.029204471309599633,0.02117589659362615,-1.2555550413501431e-05,2.7533837442382928e-05,0.006505466535489936,-0.014266237016772067,600.9488396619279,-246.60123031566997,423.7750349887989,177.17380467312896,956.7854297192522,-979.5737740146508,968.1796018669515,-11.394172147699294,1226.5744474503326,-1231.811684625817,1229.193066038075,-2.618618587742162
736,23,7,-53.33333333333333,53.33333333333334,0.0004664075409185687,-0.0005260638216363899,-0.07776051032309361,0.08770653911898185,-2.7802520655942272e-05,2.9863812034804997e-05,0.004054323099665366,-0.004354912436721681,0.00012423258039372201,-0.00011037501575772367,-0.046771799212253044,0.04155462326153532,-1.5463343717908577e-05,3.17791281290762e-05,0.00801209519062247,-0.016465869496922993,1031.603176195449,-741.7367393903783,886.6699577929136,144.93321840253532,1710.064807537838,-1926.7448797946868,1818.4048436662624,-108.34003612842434,2045.4472204919036,-2257.9367694876078,2151.6919949897556,-106.24477449785206
689,23,8,-46.666666666666664,53.33333333333334,0.0001878537097449587,-0.0002443748457397349,-0.03131939142125635,0.040742721863853394,-5.255155438078661e-06,9.317446560552065e-06,0.0007663369213388426,-0.0013587235232309753,8.006997560129769e-05,-7.04150410129919e-05,-0.030145206755627745,0.026510261232154615,-8.875976191608614e-06,3.1013172894014876e-05,0.004598951394613718,-0.01606900149948208,645.9398441708814,-322.862822319876,484.40133324537874,161.53851092550272,712.4493524166546,-910.2297733554935,811.3395628860741,-98.89021046941946,987.2020532322856,-1262.5786762014864,1124.8903647168859,-137.68831148460038
674,23,9,-40.0,53.33333333333334,0.0003013194733199185,-0.00041336816719927917,-0.05023665777250692,0.06891766708881297,-4.206149239344957e-06,-4.676423994324168e-06,0.0006133648179871557,0.0006819429813089829,0.00010691034913863896,-0.00011175502389682585,-0.040250225567052475,0.042074176694208154,-3.7325345552884097e-05,3.7028662762583575e-05,0.019339557281278077,-0.0191858356282727,584.7830023710721,-670.4963959602657,627.6396991656688,-42.85669679459676,1149.4944284820608,-1608.2787527740284,1378.8865906280446,-229.39216214598378,1637.9044285005562,-1932.2859294131283,1785.0951789568421,-147.19075045628608
627,23,10,-33.33333333333333,53.33333333333334,0.0002793487775564578,-0.0005208529455579041,-0.04657365414405912,0.08683777018292342,1.6781095973756104e-05,-1.3289869019157237e-05,-0.002447115708897402,0.001938004960869623,0.00014112149535251854,-0.0001528938154232469,-0.053130235436166226,0.05756234647230074,-1.7264821629243458e-05,2.4295627291329324e-05,0.008945503434836998,-0.012588407922962692,1113.788230240029,-1211.3674064803174,1162.5778183601733,-48.78958812014423,1142.965870208252,-2056.3583546418827,1599.6621124250673,-456.69624221681534,1557.629370217125,-2309.811674808117,1933.7205225126208,-376.09115229549604
612,23,11,-26.666666666666657,53.33333333333334,0.0003115888682966765,-0.00043405547283911517,-0.05194879431414473,0.07236670104009792,1.340430936833646e-05,-1.1472929399774695e-05,-0.0019546933092734545,0.0016730483995304481,0.00010683629140174016,-0.00013088904404384588,-0.04022234388263952,0.04927786308310369,-3.9600732054155305e-05,3.302051700182766e-05,0.02051851401768748,-0.017109076166742104,568.6386871083189,-891.4357020269426,730.0371945676308,-161.39850745931187,1246.2631684978949,-1713.3837056430575,1479.8234370704763,-233.56026857258132,1641.1227013685234,-2039.7705634876177,1840.4466324280706,-199.32393105954714
565,23,12,-20.0,53.33333333333334,0.0006326530462117555,-0.0013136325492296205,-0.10547733347963813,0.21901176212533857,8.231955959443995e-05,-7.870665729443114e-05,-0.012004310549686965,0.011477456404588825,0.00031055130861798057,-0.000308135558837516,-0.11691814985851028,0.11600865443210244,-4.99914619286397e-05,3.501881757645216e-05,0.025902311880112116,-0.018144465065510793,2337.083657214906,-2711.8314497956585,2524.4575535052822,-187.37389629037625,2730.912117903507,-5327.263551441206,4029.0878346723566,-1298.1757167688495,3461.629727679003,-5116.300511603501,4288.965119641252,-827.3353919622491
550,23,13,-13.333333333333329,53.33333333333334,0.0006787026451718012,-0.0005636724663251292,-0.11315482580374302,0.09397673663293428,9.804066036575377e-05,-0.00015220762104325143,-0.014296851675654322,0.022195788704822816,0.00019068999845250957,-0.00021860699894085263,-0.07179207170244313,0.08230242524505646,-2.378626134108434e-05,2.418381078991715e-05,0.01232448774148873,-0.012530471911868329,1630.6952785749165,-1851.849509871609,1741.2723942232628,-110.5771156483462,2944.7792424714407,-2686.7446756808677,2815.761959076154,129.01728339528654,2719.251427024103,-2443.7979714713415,2581.5246992477223,137.7267277763808
503,23,14,-6.666666666666657,53.33333333333334,0.001384641791132718,-0.0021905471612663585,-0.23085058204914619,0.36521293118761095,0.0002374314400836458,-0.0003313555241036369,-0.0346236150322649,0.048320163923265255,0.00039519351137082726,-0.0004111809568275729,-0.1487847350931756,0.154803780873678,-5.052577766015965e-05,4.203211569030801e-05,0.026179159409396937,-0.021778298285123527,3372.667743110807,-3913.350045747894,3643.00889442935,-270.34115131854355,6131.274479030082,-9527.91472146894,7829.594600249511,-1698.320121219429,5508.9527011971595,-7410.0694694103895,6459.511085303775,-950.558384106615
488,23,15,0.0,53.33333333333334,0.001768494082855993,-0.0005674223163037531,-0.2948472962409997,0.09460192002383434,0.000386443490700648,-0.0007442656093323677,-0.056353407320572854,0.10853308192967043,0.0002684452419334558,-0.0002929824995608402,-0.10106581474364013,0.11030374317859792,-2.828298665118141e-05,1.711371989765514e-05,0.014654397228584571,-0.0088672123822006,2728.7285287034547,-2828.153766965931,2778.441147834693,-49.71261913123817,8074.114647548371,-4658.899685015365,6366.507166281868,1707.6074812665029,5333.831407703309,-1425.0638292294925,3379.447618466401,1954.3837892369083
441,23,16,6.666666666666671,53.33333333333334,0.00268485306587879,-0.003414256983797052,-0.4476247192189113,0.569232574823653,0.0004179116290222133,-0.0008011884210268502,-0.06094227182244379,0.11683389296787809,0.00029259230741998876,-0.00030490124717973995,-0.11015684138835688,0.11479098210357215,-1.427266268301755e-05,1.8576408450168317e-05,0.0073951620119227434,-0.00962508209852832,3413.249162283473,-3872.190352144695,3642.719757214084,-229.470594930611,11690.431798195725,-15742.272430770683,13716.352114483205,-2025.9203162874792,7666.777175890435,-8781.287955402378,8224.032565646407,-557.2553897559719
426,23,17,13.333333333333343,53.33333333333334,0.003682660969933165,-0.0012382662143045915,-0.6139814888176071,0.2064465178897728,0.0006645516494495471,-0.001492163869319231,-0.09690873488149576,0.21759589782281114,0.00012891669122660926,-0.0001495845903440506,-0.048535300305681296,0.056316470306307945,1.9288392245171913e-05,-3.687107957810159e-07,-0.009993985619255397,0.00019104186309888287,2825.6977637028403,-2335.3309369252365,2580.5143503140384,245.1834133888019,16299.84681715498,-9664.346343620316,12982.096580387648,3317.7502367673314,8586.510034968634,-568.335815168068,4577.422925068351,4009.0871099002834
379,23,18,20.0,53.33333333333334,0.0035525346031879163,-0.003953234031310807,-0.5922865293736147,0.6590920358961772,0.000500943790242233,-0.001090365418709964,-0.07305049803025399,0.1590033421378743,-2.031751388930214e-05,-1.373917540797097e-05,0.007649254946737177,0.005172604090545129,6.182383469661351e-05,-9.004042076853301e-05,-0.03203307497232367,0.04665306775569483,1921.4548511604164,-2924.94839346841,2423.2016223144133,-501.74677115399675,15248.52577934534,-18728.480150946307,16988.502965145824,-1739.9771858004833,7519.896535039358,-7168.8184525927645,7344.357493816062,175.53904122329686
364,23,19,26.66666666666667,53.33333333333334,0.004135376874677283,-0.001620554642694936,-0.689459298878208,0.27018250128253857,0.0007096134583772681,-0.0017975691455597213,-0.10347990643493973,0.2621318476938476,-0.00021331718068528155,0.00015065526266853468,0.08031088392365134,-0.056719563205321864,9.08884540737815e-05,-8.58371298970176e-05,-0.047092463250642036,0.04447519683781222,876.8850321130238,-996.9547214770928,936.9198767950584,-60.034844682034475,18139.875151894445,-12098.970434789762,15119.422793342103,3020.452358552341,7327.63581534425,1359.965378469599,2983.8352184373252,4343.8005969069245
317,23,20,33.33333333333334,53.33333333333334,0.0025682706144135145,-0.0023264211535126878,-0.42818783167887925,0.3878661476341163,0.0004347110627537106,-0.0011668613751279024,-0.06339206164840153,0.1701584214551144,-0.00034959226646716113,0.00030082056975862075,0.13161651510045275,-0.11325466510536057,0.0001332066382220126,-0.00011511917533264672,-0.06901898353468937,0.05964724110497049,-437.26276310885885,-5.9758253682114235,-215.64346887032372,-221.61929423853513,11225.55954857665,-12709.957103104516,11967.758325840583,-742.1987772639332,2844.271579474268,-922.1406197296916,1883.2060996019798,961.0654798722883
302,23,21,40.0,53.33333333333334,0.0023155060122434967,-0.0017667603548448159,-0.3860463508236502,0.294558245222131,0.0005214818969000327,-0.0014836543079195194,-0.0760454825957384,0.21635498474957515,-0.0005180572895761386,0.0004129246543308366,0.19504119975377773,-0.15546025817819092,0.00013314504154317955,-9.711963144637059e-05,-0.06898706815705569,0.05032105256286285,-1934.555802589991,1216.5843783028542,-1575.5700904464225,-358.9857121435683,10517.462793749424,-11588.768243454837,11053.115518602131,-535.6527248527063,1107.2300242171675,1712.1908120516248,-302.48039391722864,1409.7104181343961
255,23,22,46.666666666666686,53.33333333333334,0.0008805394368434243,-0.0009144239739781333,-0.1468055079763573,0.15245481393412014,0.000484518210152429,-0.0011911269381926933,-0.07065522568759097,0.17369696510291638,-0.00043969063020181235,0.00039193356434258494,0.16553726732659424,-0.14755741141234804,0.0001430953833773868,-0.00012733996251339879,-0.07414268568773061,0.06597925518825876,-1630.9295348531657,1089.8073408775208,-1360.3684378653434,-270.56109698782245,4918.1215654868665,-7374.063115131025,6146.0923403089455,-1227.9707748220794,-2211.6146374865884,3380.0046133848377,-2795.8096254357133,584.1949879491247
240,23,23,53.33333333333334,53.33333333333334,0.0005507629936314367,-0.0006402319162672877,-0.09182444041858374,0.10674089967762439,0.000567488145854553,-0.0013802124270974477,-0.08275437781331649,0.2012704961134658,-0.0005688114783773874,0.0004691153233699421,0.2141494298192683,-0.17661524571503529,0.0001079042811560282,-9.799470384831668e-05,-0.05590895396682792,0.05077445795247201,-3223.7522755150476,2104.061879628876,-2663.907077571962,-559.8451979430859,3902.985361842932,-6929.236156753276,5416.110759298104,-1513.125397455172,-3666.4896678500045,4707.89821924042,-4187.193943545212,520.7042756952078
193,23,24,60.0,53.33333333333334,0.00014638244294652082,-0.0001648836515529142,-0.024405208894017306,0.02748977184939701,0.0005757622058518099,-0.0011352600264197654,-0.08396094872068226,0.16555013145028,-0.0004143684754360165,0.0003702762946517098,0.15600383628480247,-0.13940375746539665,0.00013160138820534164,-0.00010244799579834518,-0.06818724777475661,0.05308186310792612,-1748.1401071121904,1461.7845765227369,-1604.9623418174638,-143.17776529472678,2410.269465811191,-4321.205631568392,3365.7375486897918,-955.4680828786006,-4113.4779328744125,4900.027858566653,-4506.752895720532,393.27496284612016
178,23,25,66.66666666666669,53.33333333333334,-2.5012584910615897e-05,1.819075408267314e-05,0.004170154203164533,-0.003032803281535122,0.0005894348471243663,-0.00121846398467292,-0.0859547717279827,0.17768341008727503,-0.00045771791033577053,0.0004212666641020207,0.17232428184481752,-0.15860090618540396,9.334934738399622e-05,-7.351100766781271e-05,-0.0483675375046387,0.03808860500921162,-2615.4798300909174,2261.0485303553596,-2438.2641802231383,-177.2156498677789,1786.2276356649277,-3881.2959093770337,2833.7617725209807,-1047.534136856053,-4525.186249578727,5613.299497709798,-5069.2428736442625,544.0566240655353
131,23,26,73.33333333333334,53.33333333333334,-0.00010463494182858463,8.742518165197127e-05,0.01744497196206037,-0.014575722182702372,0.0005814999901422043,-0.001073112933154766,-0.08479766535070735,0.15648748569526308,-0.00031111913148769584,0.00032999077297331237,0.11713192709123199,-0.12423683164665154,0.00010270048270469984,-7.09917812809592e-05,-0.0532126853391979,0.03678330636317414,-1274.1601041113831,1589.0172928737536,-1431.5886984925683,157.42859438118523,1479.4998943560756,-3152.3696643549074,2315.9347793554916,-836.4348849994159,-4020.396940043046,4963.247512125017,-4491.822226084032,471.4252860409856
116,23,27,80.0,53.33333333333334,-0.00016589124890806204,0.0002019872060273391,0.02765776073821769,-0.03367575959103972,0.0005664238506071822,-0.0010306410481134994,-0.08259917617316026,0.15029399170455418,-0.0003376734367963221,0.0003351228170695507,0.12712924528409064,-0.12616897324152918,6.883409796543665e-05,-4.2066459765755964e-05,-0.03566533573337023,0.021796093142868574,-1922.1389771987995,2024.399722857967,-1973.269350028383,51.130372829583735,1185.811235098066,-2568.784368636646,1877.297801867356,-691.48656676929,-4024.949544875579,4969.495522242972,-4497.222533559276,472.27298868369644
69,23,28,86.66666666666669,53.33333333333334,-0.00012580616531122067,0.00013655086788584312,0.020974685780434224,-0.022766066669831924,0.0004955861617757816,-0.0008981899038679963,-0.07226921790390271,0.1309792058138411,-0.0002303428410633021,0.0002307595242591371,0.08672080285259141,-0.08687767814817773,0.0001007611252258144,-4.962810405048021e-05,-0.0522078369045427,0.02571404354945962,-644.6856034710676,1073.0615451947613,-858.8735743329144,214.18797086184685,1128.2777104432973,-2401.314071902709,1764.7958911730034,-636.5181807297059,-3441.2347688230775,4007.1615918677053,-3724.1981803453914,282.9634115223139
54,23,29,93.33333333333334,53.33333333333334,-0.00017026386244842158,0.00021200805193369107,0.028386772665585716,-0.03534645747472393,0.00046471370481052294,-0.0008171754192854132,-0.0677672190755727,0.11916520879122049,-0.00024215161563890015,0.0002648665465608807,0.09116663849121542,-0.09971848684561667,7.682202359870097e-05,-3.0369160477461513e-05,-0.03980415730500785,0.01573531630955821,-1051.7799480204712,1649.4530875430721,-1350.6165177817716,298.83656976130044,850.8981602005917,-1837.9182628738404,1344.4082115372162,-493.5100513366243,-3364.590904068294,4048.0304737851175,-3706.3106889267056,341.7197848584117
7,23,30,100.0,53.33333333333334,-0.0002177167547121758,0.0002821452747230143,0.03629822519370972,-0.04703989241790916,0.0006101597895967728,-0.0011341484306781743,-0.08897700176406234,0.16538803218063486,-0.0001190607645498887,0.0002092161543829895,0.04482468412019025,-0.07876690586115699,0.00010557637201006721,-4.910113904914007e-05,-0.05470278342487978,0.02544100468866175,388.1513998440512,840.7535403948932,-226.301070275421,614.4524701194722,1170.8496399479106,-2622.5892193461746,1896.7194296470425,-725.869789699132,-3400.1337029476804,4812.931441927116,-4106.532572437398,706.3988694897178
936,24,0,-100.0,60.0,0.0003893572187050106,-0.0004686135077480116,-0.06491450795339535,0.0781282940559112,-2.894797071952064e-05,1.3285068439896846e-05,0.004221359200807021,-0.0019373049128549827,0.00014371012857102055,-7.05894951595992e-05,-0.05410481901759252,0.026575940736605075,-2.8425868375367676e-05,1.6649663116218446e-05,0.014728429210028197,-0.008626768453995173,1023.2155187865026,-562.8369286961056,793.0262237413041,230.1892950451985,1412.255775965241,-1757.775279951484,1585.0155279583623,-172.75975199312154,2048.2141862144736,-1746.7837715205517,1897.4989788675125,150.71520734696094
923,24,1,-93.33333333333333,60.0,0.000518897029072341,-0.0005587870575051187,-0.08651167540373697,0.09316223032749851,-5.197150334652521e-05,2.4529481166279673e-05,0.007578782843098718,-0.0035770296997872575,0.000135168462985876,-7.417721624559889e-05,-0.05088900343668407,0.027926666687335018,-2.2985352011474248e-05,-1.2881925883597548e-06,0.011909508814229808,0.0006674572996679555,1045.4419554053936,-826.565404805688,936.0036801055408,109.43827529985282,1831.9553426583386,-2069.4694333694392,1950.7123880138888,-118.7570453555503,2352.3729799715593,-1889.0947819029282,2120.7338809372436,231.63909903431556
874,24,2,-86.66666666666667,60.0,0.00037180598504536576,-0.00027909696100848763,-0.06198832694979077,0.04653167072492443,-3.7141490192701564e-05,2.4695203532766077e-05,0.005416185226790943,-0.0036011962862234925,0.00011585804288909526,-6.047251437422488e-05,-0.0436189049761314,0.022767041392905522,-1.8625987752690115e-05,2.3594654341118878e-05,0.009650770856311622,-0.012225209503164702,887.7839861789001,-328.1189119090754,607.9514490439877,279.8325371349124,1315.5305941004274,-992.2999114230702,1153.915252761749,161.6153413386786,1801.0341024368136,-1279.7756298284396,1540.4048661326265,260.629236304187
861,24,3,-80.0,60.0,0.0004945692677196323,-0.0005806006273373239,-0.08245569651866283,0.096799037568608,-6.104980825494475e-05,1.179545552104138e-05,0.008902633358362848,-0.0017200810092667712,0.00013438896955381255,-7.692396355289991e-05,-0.050595535248418186,0.028960777973897105,-3.0705082746503895e-05,1.559765467371085e-05,0.015909369298699263,-0.008081686359431904,937.3396742094369,-666.9647668699998,802.1522205397184,135.18745366971854,1707.6180816533986,-2192.3890371807925,1950.0035594170954,-242.38547776369694,2364.861121380216,-2060.0249785061924,2212.443049943204,152.4180714370118
812,24,4,-73.33333333333333,60.0,0.00033357841828878605,-0.00032202859158025383,-0.05561494136184043,0.053689328372758055,-3.7728889980996324e-05,2.3539924795062685e-05,0.005501843234562731,-0.003432726911421607,8.776144242532159e-05,-5.2355491023116795e-05,-0.033040934597719084,0.019711097572242663,-6.1570753021633345e-06,2.3652728159637245e-05,0.0031901944570779605,-0.012255299564573168,777.6638644940061,-272.12826892172666,524.8960667078663,252.76779778613974,1165.0757176339782,-1159.1387581961505,1162.1072379150644,2.9684797189138408,1460.8194329657836,-1346.986901638503,1403.9031673021432,56.916265663640274
799,24,5,-66.66666666666666,60.0,0.0005226442959774869,-0.0006024736299371211,-0.08713642813883878,0.10044575357390419,-5.297662178510549e-05,4.431997154693498e-05,0.007725354981426206,-0.006462992569734693,0.0001395228891229713,-9.796777777359315e-05,-0.05252838293217026,0.036883474663210646,-2.319666262843798e-05,3.225163367507682e-05,0.012018996180532208,-0.016710691023348073,1081.2881563748297,-648.3195261407569,864.8038412577932,216.48431511703637,1843.6265627921168,-2169.684905234303,2006.65573401321,-163.02917122109318,2388.7945415296667,-2429.0361284390474,2408.9153349843573,-20.12079345469033
750,24,6,-60.0,60.0,0.0003000556659841307,-0.0003144173337572411,-0.05002595298161228,0.052420362413604656,-3.1192139141467224e-05,3.13218685392851e-05,0.0045486167176787135,-0.0045675346028873085,7.802966033414996e-05,-6.201412967043757e-05,-0.029377057082633024,0.02334743762124179,-2.6492977098964364e-06,2.5836154281268338e-05,0.0013726931139353372,-0.013386608435884089,726.3361006603305,-324.1583019085169,525.2472012844237,201.08889937590683,1057.354020626266,-1105.5604136997467,1081.4572171630064,-24.10319653674037,1280.8472706423306,-1412.1958442501268,1346.5215574462286,-65.6742868038981
737,24,7,-53.33333333333333,60.0,0.0004959197294435322,-0.0005917694617463364,-0.08268084852331405,0.0986611306678072,-4.857692502081647e-05,2.0997119390346004e-05,0.007083765952729003,-0.0030619204360708423,0.00014095188227038338,-0.00013647205732522508,-0.05306637852362158,0.05137978816079616,-3.1504543280747316e-05,2.448102734693229e-05,0.016323597554783742,-0.012684470127938276,990.346320614108,-1076.4468223192268,1033.3965714666674,-43.05025085255943,1754.6395368016201,-2212.5532798497607,1983.5964083256904,-228.95687152407027,2380.044818039987,-2489.0960901899866,2434.570454114987,-54.52563607499974
688,24,8,-46.666666666666664,60.0,0.00019703825801523214,-0.000248148716093969,-0.032850659889122405,0.04137190998559878,-1.9416181707752175e-06,3.456189551469748e-06,0.00028313790313906287,-0.0005040013928503625,6.105671246686557e-05,-6.540677812942308e-05,-0.022986983664108257,0.024624721502962146,-3.859972120858141e-06,2.5993447706741973e-05,0.001999985554847845,-0.01346810762006728,544.8184730904732,-341.6946573581224,443.2565652242978,101.56190786617537,756.4052916087353,-943.9992422565034,850.2022669326193,-93.79697532388406,865.8811973843013,-1194.3925678718917,1030.1368826280966,-164.2556852437952
675,24,9,-40.0,60.0,0.00037216002065498116,-0.0004921334956606771,-0.06204735255992997,0.08204959914304566,-3.6634335158193156e-06,5.807131046717165e-06,0.0005342228969480167,-0.0008468291719606087,0.0001120641721641526,-0.00012960176631889495,-0.04219056661897987,0.04879322133219586,-3.715243563839705e-05,3.7391898636922486e-05,0.01924996665201022,-0.01937404074451039,654.6436303802619,-841.3341022045953,747.9888662924286,-93.34523591216669,1423.20225672789,-1877.9456534124747,1650.5739550701824,-227.37169834229235,1846.726375446021,-2257.4919792732517,2052.1091773596363,-205.38280191361537
626,24,10,-33.33333333333333,60.0,0.00022372233432044832,-0.0003331596071442129,-0.03729948888298349,0.05554511622936751,1.8334595274420733e-05,-1.2324952587932264e-05,-0.0026736558912766007,0.0017972953099435675,7.801416423915497e-05,-0.0001043537747853503,-0.029371223023311525,0.03928771169231648,-1.9344788511159713e-05,2.3000754993801293e-05,0.0100232064824615,-0.011917489634088377,528.6529441619035,-746.4068183359676,637.5298812489356,-108.87693708703205,925.1585272307956,-1327.6585987191736,1126.4085629749845,-201.250035744189,1095.6164459590875,-1559.914780234614,1327.7656130968508,-232.14916713776324
613,24,11,-26.666666666666657,60.0,0.00034837163595346024,-0.000443997634353309,-0.0580812997587483,0.07402428048560973,2.1399890265404422e-06,1.2799550139400788e-05,-0.00031206547962689624,-0.0018665038482547226,9.962727826448711e-05,-0.00011925142981554257,-0.037508252990334966,0.04489646688034585,-2.553266977797869e-05,3.4901770161238844e-05,0.0132293625792574,-0.01808381873638475,676.9866417668444,-762.3097334055407,719.6481875861925,-42.661545819348135,1351.2638757785073,-1669.5848920538633,1510.4243839161854,-159.160508137678,1617.653620741794,-2075.1547154348,1846.404168088297,-228.75054734650303
564,24,12,-20.0,60.0,0.0005076539257813912,-0.0008915108758679555,-0.0846372000301234,0.14863469087474274,6.442723190405664e-05,-7.308820493871727e-05,-0.009395148655353512,0.01065814144203447,0.00018997523227957095,-0.00020638299466093423,-0.07152297240644166,0.07770026152972437,-2.4736777855483287e-05,3.3001377652499175e-05,0.012816983344804017,-0.017099159405432014,1543.050861921758,-1718.129299768548,1630.590080845153,-87.53921892339497,2179.4742937833635,-3678.0788431837386,2928.7765684835513,-749.3022747001876,2354.7035175368146,-3483.268747955961,2918.9861327463877,-564.2826152095731
551,24,13,-13.333333333333329,60.0,0.0005481888836372176,-0.0004820871943378947,-0.0913952790324191,0.08037465727529503,4.3767631913329026e-05,-9.95922257837774e-05,-0.00638244723490331,0.014523109848169721,0.00012725839807140805,-0.00017919739344598122,-0.04791097652326999,0.06746526940881355,-3.4308267326338574e-05,2.1722902229222535e-05,0.017776304314156773,-0.011255389756068605,896.4644912899026,-1491.8126947925787,1194.1385930412407,-297.674101751338,2255.5019563246524,-2196.0154735618935,2225.758714943273,29.74324138137945,2253.557570560591,-2127.8710760484514,2190.7143233045213,62.843247256069844
502,24,14,-6.666666666666657,60.0,0.0015261640599001478,-0.001590939771479754,-0.25444549181360626,0.265245043594119,0.0002595491420819731,-0.00039907213111777467,-0.03784894525440674,0.05819498813240406,0.00032597196271511844,-0.0003680465566197173,-0.12272380675517236,0.13856429281612542,-2.5221346529227498e-05,2.862900473636425e-05,0.013068055196484837,-0.014833681210544509,3125.9506008699127,-3529.521827565304,3327.7362142176084,-201.78561334769574,6739.14891140023,-7451.334837387653,7095.2418743939415,-356.0929629937118,5271.753877729578,-5365.019048623568,5318.386463176573,-46.63258544699511
489,24,15,0.0,60.0,0.0015934074897551674,-0.0004040889724673932,-0.2656564671145275,0.06737061895078815,0.00034890159579517897,-0.0006876845260761861,-0.05087883278094667,0.10028210369325659,0.00019845908641197922,-0.00023042816335942294,-0.0747170227978082,0.08675292548330428,-2.2138706499684233e-05,5.976006382185296e-06,0.01147083238325073,-0.003096376363825134,2123.867181398565,-2340.9355267089386,2232.4013540537517,-108.5341726551867,7271.005736986634,-3840.190874824474,5555.598305905554,1715.4074310810797,4551.914779828237,-718.2040018448663,2635.0593908365518,1916.8553889916857
440,24,16,6.666666666666671,60.0,0.0028129963165955006,-0.0024211457475782384,-0.46898904911496514,0.40365884421054476,0.0004536839075540838,-0.00088042346056171,-0.0661587907479833,0.12838840110275185,0.00027768654096942125,-0.0003103136041471718,-0.10454503236594756,0.11682865750678348,-1.1810046068837978e-05,8.213830957245435e-06,0.006119194854317342,-0.00425587096230135,3370.764645865376,-3746.939611362206,3558.852128613791,-188.0874827484149,12296.487194757245,-12204.547867894114,12250.51753132568,45.969663431565095,7821.507455385269,-5961.647769523864,6891.577612454566,929.9298429307028
427,24,17,13.333333333333343,60.0,0.0034377337880197372,-0.00061328887028754,-0.5731466802292302,0.10224889467933995,0.0006971639182441859,-0.001491772815497819,-0.10166444305424881,0.21753887211061101,0.00011640014833640456,-0.0001426038339827769,-0.04382299996516779,0.05368831484302779,1.7119759086765586e-05,-1.9819337621152696e-05,-0.008870341495729328,0.010269086850333396,2626.3162703907,-2295.580168461612,2460.9482194261564,165.36805096454395,15467.38166673746,-7273.465045622158,11370.423356179808,4096.958310557651,7824.829090115901,1243.4996169283586,3290.664736593771,4534.16435352213
378,24,18,20.0,60.0,0.0037463091588999836,-0.0031782048008097614,-0.6245930575016233,0.529877425942866,0.0005315549000323373,-0.001161295205858157,-0.07751438571382945,0.169346730712169,-4.324395126975184e-06,-1.8413650998735616e-05,0.0016280732473906647,0.006932477652383102,6.552633038626753e-05,-7.394096438144371e-05,-0.03395146652136631,0.03831138050850219,2178.755820234547,-2554.445871166487,2366.6008457005173,-187.8450254659699,16093.741605238147,-15993.531325094971,16043.636465166559,50.10514007158781,8009.265579720201,-5134.682016656616,6571.973798188408,1437.2917815317924
365,24,19,26.66666666666667,60.0,0.003931689343973586,-0.001494016319556226,-0.655500057347129,0.2490857485085251,0.0007116948848871513,-0.0017060260805979227,-0.10378343199234173,0.24878251266477852,-0.0001964628095933179,0.0001250148167049301,0.07396545297418712,-0.04706630005549727,6.768497448187667e-05,-8.748817709777849e-05,-0.035069934964686585,0.04533066170867238,686.9590261367616,-1156.31742644381,921.6382262902858,-234.67920015352422,17365.917965983896,-11318.155633245295,14342.036799614594,3023.8811663693004,7057.778788243817,1357.5520376095933,2850.1133753171116,4207.665412926705
316,24,20,33.33333333333334,60.0,0.002719342417526181,-0.002162393801857166,-0.4533748612074646,0.36051914002236374,0.00046681037486592266,-0.0012528394766526593,-0.06807296753425307,0.1826962415826823,-0.0003330301057777227,0.0002701975900555585,0.12538109721061688,-0.10172554888308409,0.0001169409668800817,-0.00010561946985962989,-0.060591174549236876,0.05472511391688116,-420.0308493272245,-142.36043093242552,-138.83520919739948,-281.195640129825,11908.995480525567,-12367.822638450103,12138.409059487836,-229.41357896226782,3374.6345328964326,-529.5799566477168,1952.1072447720746,1422.527288124358
303,24,21,40.0,60.0,0.002310455860737096,-0.001653115409865035,-0.3852043782483928,0.2756111053455685,0.0005275833421330298,-0.0014650358641766338,-0.07693523035118863,0.21363993644583557,-0.0005000633108082043,0.0004155524146031168,0.18826672272612438,-0.15644957253875164,0.00010893615896816735,-0.00010094182813433049,-0.056443605682961945,0.05230146535455099,-2059.438801616133,1240.1144067233008,-1649.7766041697168,-409.66219744641603,10516.900863020985,-11092.915744487176,10804.90830375408,-288.0074407330958,1359.0551621652303,2008.234718598399,-324.58977821658436,1683.6449403818146
254,24,22,46.666666666666686,60.0,0.0009124376567046903,-0.000998267536590945,-0.1521236506674579,0.16643340056511285,0.0005107501678373524,-0.0012125406159037445,-0.0744805202825506,0.17681963046362525,-0.00048314119997873575,0.00039651690367117963,0.1818957887291405,-0.1492829734679639,0.00011960879392020337,-0.0001076483323912686,-0.06197346835240808,0.05577633802653803,-2255.8272071391266,1321.0135432807542,-1788.4203752099404,-467.4068319291862,5115.79188201985,-7761.293865869976,6438.542873944913,-1322.7509919250629,-2236.2167644214855,3084.330752911572,-2660.273758666529,424.05699424504314
241,24,23,53.33333333333334,60.0,0.0005960109346330979,-0.0006478106980126176,-0.09936827853155439,0.10800445115233584,0.000546111894460484,-0.0013596277479953575,-0.07963717017291125,0.19826872008691096,-0.0005669912850224321,0.0004451875006676694,0.213464152914807,-0.1676067608596918,0.0001169331891365299,-8.525047452653921e-05,-0.06058714463029812,0.044171230324611115,-3097.6347088282932,2052.122584742617,-2574.878646785455,-522.756062042838,4007.703215437059,-6892.152195129669,5449.927705283364,-1442.224489846305,-3558.9741002927412,4418.427850194106,-3988.7009752434237,429.7268749506825
192,24,24,60.0,60.0,0.00016006067804744556,-0.00018397600866785103,-0.026685674899503402,0.03067289240873514,0.0005514595577434449,-0.0010981045667689338,-0.08041699711902328,0.1601319091169444,-0.00044744607409579346,0.00037203021348238273,0.16845708162540043,-0.14006408295427278,0.00011805678332066848,-9.384738222941951e-05,-0.06116931778270126,0.04862558664734495,-2195.947436889521,1586.2276481466804,-1891.0875425181007,-304.8598943714204,2375.4321521385737,-4270.491769200039,3322.9619606693063,-947.5298085307327,-4091.0633928771904,4708.19058273078,-4399.626987803986,308.56359492679485
179,24,25,66.66666666666669,60.0,-1.263933177830121e-05,1.8799542554553985e-05,0.0021072577156191247,-0.003134301859707845,0.0005721596782633769,-0.0012054404454206597,-0.08343560747555871,0.1757842428612792,-0.0004518274484343974,0.0003989222328552374,0.1701066067353953,-0.15018854568806572,8.168605666064322e-05,-8.897883502612133e-05,-0.042324381689432714,0.04610302332957505,-2703.3397707241497,1894.997879435209,-2299.168825079679,-404.1709456444704,1775.778322832322,-3842.1884290376147,2808.9833759349685,-1033.2050531026464,-4333.281664244408,5586.502923472086,-4959.892293858247,626.6106296138391
130,24,26,73.33333333333334,60.0,-0.00011265514213082336,0.00012385967593998243,0.018782117727686825,-0.020650162710871785,0.0005518893119692212,-0.0010417535245406996,-0.08047966634626012,0.15191447678325712,-0.0003573566540226292,0.00032000649361868083,0.13453969656057818,-0.12047789250384461,8.447180039319999e-05,-7.798726683703477e-05,-0.04376777222443554,0.040407910278237515,-1898.999454180035,1447.2424948905716,-1673.1209745353033,-225.87847964473167,1341.3822379869252,-2912.6041801068372,2126.993209046881,-785.610971059956,-4075.1689443227897,4987.3050466976165,-4531.236995510203,456.0680511874134
117,24,27,80.0,60.0,-0.0001809333688839607,0.00021235391884939393,0.030165616686179942,-0.03540412118191006,0.0005396199186919656,-0.000997637270466241,-0.07869047301381223,0.14548119146433927,-0.00034308680183044903,0.0003308187942671614,0.12916730021007214,-0.12454856988453276,7.246767674703293e-05,-4.980683964739318e-05,-0.03754801903989593,0.025806652667031065,-1942.9835624270524,1915.0472319866756,-1929.015397206864,-13.968165220188439,1039.9569693066994,-2422.629888774753,1731.293429040726,-691.3364597340268,-4058.4687201418915,4957.231952940259,-4507.850336541075,449.38161639918394
68,24,28,86.66666666666669,60.0,-0.0001298779722176946,0.00015413669706807815,0.021653546551769372,-0.025698015516482542,0.0004592851369785181,-0.0008423200343922036,-0.0669755941638691,0.12283194085200097,-0.0002464565878994549,0.0002631017851523945,0.09278739930570432,-0.09905407928043805,9.937038842639328e-05,-4.482333434430582e-05,-0.05148724788929893,0.023224525566987005,-816.3973910061229,1436.898573125892,-1126.6479820660074,310.2505910598845,990.7229843155555,-2144.687756987509,1567.7053706515323,-576.9823863359768,-3441.7791991989234,4056.484130027659,-3749.131664613291,307.35246541436777
55,24,29,93.33333333333334,60.0,-0.00016441011015913787,0.00020981409529205144,0.027410821967140314,-0.03498067610732871,0.00044641912953097523,-0.000788324210952583,-0.06509939912959294,0.11495796003688674,-0.00024431325056051165,0.00025587666639144787,0.09198046328824842,-0.09633392484992802,5.546080169510745e-05,-3.57786878709693e-05,-0.028736166681389425,0.0185381802440169,-1324.028886431731,1520.8906045654999,-1422.4597454986156,98.43085906688441,809.294746562469,-1753.8062436266848,1281.550495094577,-472.25574853210793,-3155.216401832919,3970.3304519470666,-3562.773426889993,407.5570250570738
6,24,30,100.0,60.0,-0.00019397027320266545,0.000281745759358112,0.032339158586594495,-0.04697328432105992,0.0006066911776932835,-0.0010862861094202562,-0.08847118887255802,0.15840847384918164,-0.00013442626802149407,0.00021157574547122778,0.0506095775909003,-0.0796552583388431,9.83355977730417e-05,-4.9188829295065416e-05,-0.050951086929013394,0.02548644004924481,178.1699624114319,880.3460342439453,-351.0880359162567,529.2579983276886,1246.76398914729,-2466.5186579243514,1856.6413235358207,-609.8773343885307,-3355.173736405998,4714.714767889625,-4034.9442521478118,679.7705157418136
935,25,0,-100.0,66.66666666666669,0.0004313216317626112,-0.0005585121257611344,-0.07191090892997785,0.09311639309108906,-2.8368488474270734e-05,-2.0524660485561448e-05,0.004136855774594819,0.0029930237674912178,0.00011981210244475182,-6.675091784894501e-05,-0.04510755214923483,0.025130770985919443,-2.4747361686904106e-05,1.2838050259679154e-05,0.012822467195281122,-0.006651839512784025,874.1074776757988,-617.9128537840269,746.0101657299128,128.09731194588596,1571.7038664422869,-2212.9447861872973,1892.324326314792,-320.6204598725052,2003.2754876705383,-1853.9002302525353,1928.5878589615368,74.6876287090015
924,25,1,-93.33333333333333,66.66666666666669,0.0004889458063659882,-0.0005121731121835756,-0.08151814044103091,0.08539064891344753,-5.05952614535068e-05,-5.2240995580324346e-06,0.007378091353048547,0.0007618081747043197,0.00013048042538156424,-5.300142733991806e-05,-0.0491240239696759,0.019954283406567148,-3.211068876153895e-05,1.080781518506052e-05,0.016637662570737812,-0.005599904240961389,889.9961339339288,-501.32881522909065,695.6624745815097,194.3336593524191,1719.6113138844028,-1983.5656928265655,1851.5885033554841,-131.97718947108137,2316.492763262129,-1681.1348154522727,1998.8137893572007,317.67897390492806
873,25,2,-86.66666666666667,66.66666666666669,0.00041086459498086014,-0.0002580882945346809,-0.06850026591868702,0.04302905877531168,-6.514199492788023e-05,3.0314907224305474e-05,0.009499379500971291,-0.004420693725748395,0.00011292003250914739,-5.2439008176552016e-05,-0.042512785863585124,0.01974254059241395,-2.083149656581638e-05,2.0203573403080913e-05,0.010793521536687391,-0.010468172747705437,837.7730884530063,-288.9807733117134,563.3769308823598,274.39615757064644,1372.1919649006322,-892.7702705430252,1132.4811177218287,239.71084717880353,1968.7235788175249,-1170.132489576431,1569.428034196978,399.29554462054693
862,25,3,-80.0,66.66666666666669,0.00048606424439500166,-0.0005143830750497698,-0.08103771997237762,0.08575909887446638,-5.884443124360443e-05,1.859462285905975e-06,0.008581032627580297,-0.0002711574605770095,0.00013255037312083587,-6.574150315868668e-05,-0.04990332984688009,0.02475074071475358,-3.208011155404648e-05,6.1734238140996156e-06,0.016621819458047422,-0.003198665188651159,903.7100302794954,-662.4875629398971,783.0987966096963,120.61123366979916,1681.8036358403065,-1971.4787153278648,1826.6411755840857,-144.8375397437792,2338.5489034753155,-1734.2786024321667,2036.413752953741,302.13515052157436
811,25,4,-73.33333333333333,66.66666666666669,0.00045660393811514896,-0.00043538012590576614,-0.07612603169631701,0.07258755016758192,-5.378321010699889e-05,3.326494280992995e-05,0.007842976318924387,-0.004850884842864816,8.553666267486023e-05,-4.616572708724235e-05,-0.03220333667090887,0.01738073950463712,-4.9796621827438705e-06,1.647760722847457e-05,0.002580135845980077,-0.008537620325630511,805.6778739306111,-335.08792824624135,570.3829010884263,235.29497284218488,1583.000049973877,-1561.2290869767205,1572.1145684752987,10.885481498578201,1797.5432199543568,-1577.3959758887804,1687.4695979215685,110.0736220327882
800,25,5,-66.66666666666666,66.66666666666669,0.0005699589386161834,-0.0006549230252580745,-0.09502483137969077,0.10919023428762208,-6.137090102790152e-05,2.66828708619392e-05,0.008949456949023719,-0.0038910493418813927,0.00015948057008930322,-0.00010915396567023356,-0.06004216590231497,0.04109491527399135,-2.5304202373768893e-05,2.1722170206300002e-05,0.013110985685884504,-0.011255010469580246,1240.6448439763035,-891.5012540223017,1066.0730489993025,174.57179497700088,1999.8294108134128,-2431.8289284818566,2215.8291696476344,-215.9997588342219,2651.6426736666353,-2502.9348755183305,2577.2887745924827,74.35389907415242
749,25,6,-60.0,66.66666666666669,0.00039062736229796897,-0.00035191442058021745,-0.0651262691392834,0.058671960750204165,-5.0389792110874446e-05,5.031407491761971e-05,0.007348128634472907,-0.0073370871188688565,8.847194189736855e-05,-5.939057749052009e-05,-0.033308427541532,0.0223597075475922,-5.30350607356447e-06,3.325930897934052e-05,0.002747930608063211,-0.017232802579961147,806.9980713504691,-219.6717626151626,513.3349169828159,293.66315436765325,1342.0546918871676,-1185.0197217890734,1263.5372068381205,78.51748504904708,1635.714227198894,-1596.6147862201287,1616.1645067095114,19.549720489382594
738,25,7,-53.33333333333333,66.66666666666669,0.0005355833746672193,-0.0006581782939367142,-0.0892936603311886,0.10973295997595739,-3.8994559290115326e-05,3.956202871143522e-05,0.00568641039593635,-0.005769162043230577,0.00017644180797254803,-0.00016731104462176208,-0.06642783067843254,0.0629902281691383,-2.9002061918246956e-05,3.9156439891626166e-05,0.015026975087167582,-0.02028831082466731,1342.0799531667562,-1185.6653284081776,1263.872640787467,78.2073123792893,1943.7776393622134,-2407.984436398533,2175.8810378803732,-232.1033985181598,2627.4386527913234,-2977.971050370945,2802.704851581134,-175.2661987898107
687,25,8,-46.666666666666664,66.66666666666669,0.0002296080549037401,-0.00025230735400896186,-0.03828076940703877,0.0420652474172405,-6.2708988554007035e-06,1.5033434856014077e-05,0.0009144584550351629,-0.0021922617362043154,7.39144507679057e-05,-5.240122911893471e-05,-0.027827739223028735,0.019728317314657788,-1.4987467816367835e-05,4.707069046783606e-05,0.007765527365990076,-0.024388958791613527,535.3190626940989,18.32858590836819,258.49523839286536,276.8238243012335,866.9400050420695,-916.3620759240331,891.6510404830512,-24.71103544098179,1112.8635418116935,-1325.1056804315108,1218.984611121602,-106.12106930990865
676,25,9,-40.0,66.66666666666669,0.00045175882082591485,-0.0006083431455978967,-0.07531824288517541,0.10142433237696644,-1.4108083388451283e-05,1.5233762345978457e-06,0.0020573216753128495,-0.00022214746403187115,0.00013695730077796392,-0.00015220920919919184,-0.05156247541778328,0.057304601968004985,-3.616077333556331e-05,3.3550074584351576e-05,0.018736151987329766,-0.017383458333852814,902.1627076764865,-1120.5241928578237,1011.343450267155,-109.18074259066856,1697.4940757442428,-2340.861834600184,2019.1779551722134,-321.6838794279706,2200.4433794189713,-2638.928979958274,2419.6861796886224,-219.2428002696513
625,25,10,-33.33333333333333,66.66666666666669,0.00018744624646165696,-0.00023075047986352082,-0.03125145822964229,0.03847123705621835,1.769024833026163e-05,-1.6512627560173167e-05,-0.002579693522460063,0.0024079661042917784,4.5773764968824325e-05,-7.762227245097148e-05,-0.01723317134302157,0.029223681340028777,-3.4421852883147286e-05,3.546346049996447e-05,0.01783515693426489,-0.018374849999973023,63.98515619929056,-339.8609406391183,201.92304841920443,-137.9378922199139,776.749350479103,-943.3173395998788,860.0333450394909,-83.2839945603879,949.5697539970168,-1239.2942839853085,1094.4320189911627,-144.86226499414585
614,25,11,-26.666666666666657,66.66666666666669,0.0004039301024095998,-0.0005946401836397276,-0.06734413177876526,0.09913974385443394,-9.917860241437635e-06,1.2539977585963367e-05,0.0014462792914972313,-0.0018286514890221244,0.00010996558829774504,-0.00015209518044570142,-0.0414004796472804,0.057261671764464374,-3.551705067808359e-05,3.576398641060935e-05,0.018402616931640945,-0.018530562907042837,663.295387713636,-1084.6684222941722,873.9819050039041,-210.68651729026806,1524.187697008027,-2251.8386079650136,1888.0131524865203,-363.82545547849327,1920.4002783381522,-2644.9303666043656,2282.665322471259,-362.2650441331067
563,25,12,-20.0,66.66666666666669,0.00039132704404777385,-0.0005399886188281204,-0.06524292164842044,0.09002811250873027,5.497721200062774e-05,-6.833533570120435e-05,-0.008017092526526196,0.00996505077670233,0.00010939103716893298,-0.0001238161667971199,-0.04118416932072351,0.046615025416942665,-6.47312619895592e-06,3.0489761253944483e-05,0.0033539513984211927,-0.015797803758513092,1018.7566070757139,-918.9025439698513,968.8295755227825,49.92703155293128,1693.9310661754057,-2304.946605409403,1999.4388357924045,-305.50776961699876,1513.168163753236,-2128.4902754558025,1820.8292196045193,-307.6610558512832
552,25,13,-13.333333333333329,66.66666666666669,0.0005099237629661994,-0.0004940939380442158,-0.08501563237170477,0.08237644849008399,2.7647264007273628e-05,-6.125536860381942e-05,-0.004031682684256147,0.008932609347990958,0.00010626165822098724,-0.00014322453346710893,-0.04000600266469415,0.05392199936894136,-3.828357880892392e-05,2.2930008028436388e-05,0.019836051196324388,-0.011880833175350101,650.1201500182649,-1155.6290153860973,902.8745827021811,-252.7544326839162,2052.213165704207,-2110.287766758614,2081.2504662314104,-29.03730052720357,2111.7810430019567,-2068.799598047987,2090.290320524972,21.490722476984956
501,25,14,-6.666666666666657,66.66666666666669,0.001439024230596282,-0.0007957705819860078,-0.23991734421378236,0.13267265454899854,0.00026038999425393876,-0.00041328598651086616,-0.03797156314313675,0.060267734088379,0.00022948584371285102,-0.0002590955991712867,-0.08639815554160668,0.09754580724969154,-1.2984271838450218e-05,2.339177723824071e-05,0.006727601988831173,-0.012120091833279691,2408.794163158319,-2397.2379407929066,2403.0160519756128,5.778111182706198,6395.668317446806,-4439.098627783626,5417.383472615216,978.2848448315899,4445.59343428849,-2652.637148352329,3549.1152913204096,896.4781429680806
490,25,15,0.0,66.66666666666669,0.0014460716498414772,-0.00020809129566866784,-0.2410923057418226,0.034693447093760654,0.0003347629343094524,-0.0006789897214711014,-0.048817052032024584,0.09901417739284261,0.0001402550151421181,-0.00018361043983350895,-0.05280401796331167,0.06912671859466847,-9.039918825294972e-06,1.3918150081838234e-05,0.004683895764399356,-0.007211476726337691,1720.2125635264122,-1777.6511553818523,1748.9318594541323,-28.719295927720054,6653.958905219692,-3053.0358605080555,4853.497382863874,1800.461522355818,3796.7453355310786,-44.081608978967296,1920.413472255023,1876.3318632760556
439,25,16,6.666666666666671,66.66666666666669,0.0028904312518269588,-0.0013075022756126725,-0.48189917502882806,0.21798970917153074,0.0004863093267506756,-0.0010018854873408997,-0.07091641658780934,0.14610069082630217,0.00022707631815813714,-0.00025945406065468494,-0.08549100344764948,0.09768076289879499,1.2577831361201024e-06,-4.47182128025342e-06,-0.0006517011067976766,0.0023170058446898107,3125.8455559053587,-3142.5392881581474,3134.1924220317533,-8.346866126394389,12694.436532796064,-8336.04020125706,10515.238367026563,2179.1981657695023,7583.939875380236,-2419.3710045804437,5001.65543998034,2582.284435399896
428,25,17,13.333333333333343,66.66666666666669,0.0030831433033142665,-0.00027682396673387046,-0.514028560071682,0.04615271202625588,0.0007118982838377789,-0.0014850065014131175,-0.10381309279447481,0.2165521693640263,9.446371450149854e-05,-8.615030569233385e-05,-0.03556424468931789,0.03243436453743403,1.5117752646096527e-05,-6.434679745046769e-06,-0.00783303245911372,0.0033340309559812273,2304.141837897684,-1540.9321129401499,1922.5369754189169,381.60486247876713,14155.082144108277,-5952.694121170648,10053.888132639462,4101.194011468815,6768.254984986761,2296.5701064752616,2235.84243925575,4532.412545731011
377,25,18,20.0,66.66666666666669,0.0038848593256593177,-0.00202155918257418,-0.647692451759566,0.3370388767207984,0.0005821472492861039,-0.0013678603318978719,-0.08489205239320095,0.19946924271214148,1.0469440755430636e-05,-1.2720078588765993e-05,-0.003941595508405988,0.004788928635566737,6.566141911642565e-05,-4.5814081618486145e-05,-0.034021460682069966,0.023737866123556883,2374.7603694267746,-1887.828170141256,2131.2942697840153,243.46609964275933,16792.48386355232,-12240.177707262033,14516.330785407175,2276.153078145143,8329.837451654395,-1832.3504215858811,5081.093936620138,3248.743515034257
366,25,19,26.66666666666667,66.66666666666669,0.0035835092528535627,-0.001159777098085141,-0.5974506923722147,0.19336063655943928,0.0007244106410293289,-0.0016154576697352322,-0.10563771651909105,0.2355753072892433,-0.0001561851062926527,0.00012261484434039914,0.058801470663435614,-0.04616274460174232,6.755641295611081e-05,-7.00433083305538e-05,-0.035003322775170626,0.036291869601306294,923.486430405953,-826.3447599652917,874.9155951856224,48.57083522033065,16081.377490263965,-9738.922122404529,12910.149806334248,3171.2276839297183,6333.033459213125,1873.6315677298617,2229.7009457416316,4103.332513471493
315,25,20,33.33333333333334,66.66666666666669,0.002963047342055004,-0.0020475096218559867,-0.494005892305911,0.3413653921062219,0.0005060951758129921,-0.001425814221561438,-0.0738017026340836,0.20792041145637674,-0.00032045017190284635,0.0002843744891211769,0.12064493106616103,-0.10706294970377081,0.00010650716965698955,-9.014514579788358e-05,-0.05518506199841445,0.04670732942893344,-335.9916441235111,123.08058072732011,-229.5361124254156,-106.45553169809548,12970.90691872553,-12491.71456204125,12731.31074038339,239.59617834213986,4064.321948790436,123.45974612754834,1970.4311013314439,2093.890847458992
304,25,21,40.0,66.66666666666669,0.002253979586326179,-0.0015642363993948682,-0.3757885272295803,0.2607929975646345,0.000510226358660579,-0.0014268383148014552,-0.07440413542264923,0.20806975060913177,-0.00045227733922260775,0.00037545501458022805,0.17027598421710685,-0.14135347184712732,0.00011283613309164513,-8.627059422048575e-05,-0.05846431766403757,0.04469978975152618,-1628.6537276985634,1110.4510709462288,-1369.552399322396,-259.1013283761673,10251.724353165102,-10630.982126879513,10441.353240022308,-189.62888685720554,1471.5965903645777,1830.2726141352164,-179.33801188531936,1650.9346022498971
253,25,22,46.666666666666686,66.66666666666669,0.0009860477445164,-0.0010298201103120196,-0.16439608944898618,0.1716939163572153,0.00046665759813734487,-0.0012244267591448325,-0.06805068875502189,0.1785529360766174,-0.0004886337803002916,0.0003886456376027269,0.18396366708393935,-0.14631955376813052,0.00011779235529039017,-0.0001067308179102934,-0.061032308440588205,0.055300941922406026,-2318.8527009426793,1248.45043836581,-1783.6515696542447,-535.2011312884347,5251.483303563223,-7922.151374735653,6586.817339149438,-1335.3340355862151,-1957.8190297812996,2981.409802150679,-2469.6144159659893,511.7953861846896
242,25,23,53.33333333333334,66.66666666666669,0.0006449245439109975,-0.0006771871758309016,-0.1075232650733735,0.11290216335944535,0.0005400788631698291,-0.001339346096927208,-0.07875739893110915,0.1953111333471138,-0.0005397253784014189,0.00044050648436509736,0.20319892695092198,-0.1658444248129051,9.620958969939454e-05,-8.574202791900338e-05,-0.049849528341631956,0.04442592120153544,-3089.7250693795836,2005.1278975876266,-2547.426483483605,-542.2985858959785,4175.795999391316,-6938.740041868463,5557.26802062989,-1381.4720212385732,-3116.921905112116,4274.560828362892,-3695.741366737504,578.8194616253879
191,25,24,60.0,66.66666666666669,0.00016070110365006815,-0.00016028882746062557,-0.026792448091004183,0.02672371248089381,0.0005293131432758004,-0.0011173139822951074,-0.0771874798798465,0.16293313631726267,-0.00044913864151859575,0.0003658393242627559,0.16909430918198518,-0.1377333012333425,9.395547761430992e-05,-8.299413587173103e-05,-0.04868159461879073,0.043002142938700694,-2499.2910282071375,1658.370152818854,-2078.8305905129955,-420.4604376941418,2300.8366409070777,-4242.0918333132195,3271.4642371101486,-970.6275962030709,-3863.002909712862,4698.797600615509,-4280.900255164185,417.8973454513232
180,25,25,66.66666666666669,66.66666666666669,-3.2432143357334083e-06,5.057061779897535e-06,0.000540715961275236,-0.0008431246715389218,0.0005475490650324489,-0.001193816240895297,-0.07984674663254894,0.17408913465488213,-0.0004526777878559864,0.00039494348738727895,0.17042674743087774,-0.14869060462015712,7.301741071135774e-05,-5.516910581096584e-05,-0.037832855290841294,0.02858502891758555,-2818.619880923862,2253.3160135666117,-2535.967947245237,-282.65193367862526,1729.3006737341598,-3851.5540530171415,2790.4273633756507,-1061.1266896414909,-4190.332882839882,5244.710790955177,-4717.521836897529,527.1889540576476
129,25,26,73.33333333333334,66.66666666666669,-9.671062433082044e-05,0.000149792077862528,0.016123811992444982,-0.02497367086734215,0.0005235508783063365,-0.0010024581668695697,-0.07634719333672342,0.14618420224134707,-0.0003499259599863209,0.0003328619930739235,0.13174214596336414,-0.12531780516917168,8.604685446431695e-05,-5.722497693835001e-05,-0.04458386241672375,0.02965024711830224,-1823.605362538708,1824.0208237225804,-1823.8130931306441,0.20773059193618337,1310.6984908376216,-2678.8168326012074,1994.7576617194145,-684.0591708817929,-3941.665184635307,4872.781244382123,-4407.223214508715,465.55802987340803
118,25,27,80.0,66.66666666666669,-0.00017038787205301067,0.00021532527022074806,0.02840744782473692,-0.035899511540587944,0.0005038781500026902,-0.0009659463716160817,-0.07347840320859284,0.14085984274393473,-0.00031676592257003485,0.0003127248410709248,0.11925786360369654,-0.11773645390683832,6.552175524300188e-05,-5.609653310234973e-05,-0.033949095980814165,0.02906556119291377,-1808.6819180745874,1700.7869607245327,-1754.73443939956,-53.947478675027355,965.7631894302502,-2310.964404226167,1638.3637968282087,-672.6006073979584,-3758.219186228215,4845.645301538959,-4301.932243883587,543.7130576553718
67,25,28,86.66666666666669,66.66666666666669,-0.0001278256651439819,0.0001634474406205005,0.021311381317739724,-0.02725032354456012,0.00043844413879613904,-0.0008079762125846385,-0.06393644021820541,0.1178237276828313,-0.00024308903561246948,0.00025185588688668816,0.09151956377572924,-0.0948201585651309,7.691122364190394e-05,-4.338667835697539e-05,-0.039850374943973095,0.022480144226401638,-1056.1018759977364,1374.4304781781682,-1215.2661770879522,159.16430109021587,926.8702825958183,-1997.7044707715079,1462.287376683663,-535.4170940878448,-3199.182573384618,3931.9852311894215,-3565.5839022870196,366.4013289024017
56,25,29,93.33333333333334,66.66666666666669,-0.00014511967325563479,0.00019740735051470271,0.02419467710160579,-0.03291219581767693,0.000432093427466598,-0.0007901181259927689,-0.06301034305020775,0.11521955902196683,-0.0002543180429001981,0.00024362271315334888,0.09574712527811521,-0.09172048577788837,5.6337551649585434e-05,-3.24435609350716e-05,-0.029190441269201638,0.016810135199511123,-1399.7954944877256,1449.215649561902,-1424.5055720248138,24.710077537088182,834.66285479351,-1808.5037900326358,1321.583322413073,-486.92046761956294,-3130.94202572807,3852.6763086668057,-3491.809167197438,360.8671414693679
5,25,30,100.0,66.66666666666669,-0.0001749819455085631,0.00028191496170982595,0.029173382045401472,-0.04700149411627728,0.0005969946446321282,-0.001042599063534124,-0.08705718478051866,0.15203777813118638,-0.00015126053638810528,0.00026614776416396176,0.05694744015024637,-0.10020084704685048,8.258632285150714e-05,-4.190866307452286e-05,-0.04279084085568323,0.021714333199224518,-147.3601448182994,1453.4025789186512,-800.3813618684753,653.0212170501759,1282.360987080289,-2312.7479196726154,1797.5544533764523,-515.1934662961631,-3250.8909314548614,4843.8555863681795,-4047.3732589115207,796.482327456659
934,26,0,-100.0,73.33333333333334,0.00046236496468976627,-0.0005806829766029667,-0.0770865229558384,0.09681276702269981,-4.404479142301218e-05,7.019948480856166e-06,0.006422864225013887,-0.0010236891696477493,0.00011895994615877368,-6.583544090852946e-05,-0.0447867274301562,0.02478610694123115,-2.9794568234725752e-05,-9.066561409585803e-07,0.015437600121612362,0.00046977002122184324,811.7283569000158,-764.9638473069846,788.3461021035002,23.38225479651561,1638.027780046791,-2209.448670776437,1923.7382254116142,-285.71044536482316,2154.339107246576,-1865.1805905235046,2009.7598488850404,144.57925836153572
925,26,1,-93.33333333333333,73.33333333333334,0.00045587661527135207,-0.00045246691412269274,-0.07600477080205295,0.07543629778627194,-4.377329705188715e-05,-7.84016498747293e-06,0.006383273357915797,0.0011432978472441253,0.0001349210294992981,-3.708644546808943e-05,-0.05079584824892309,0.013962519134934648,-2.9365069035422582e-05,2.7348101876274882e-05,0.015215061676377662,-0.014170000972156543,952.1389642019991,-153.97349646062415,553.0562303313117,399.0827338706875,1616.6097601674912,-1758.4627565477745,1687.536258357633,-70.92649819014161,2216.863924082873,-1562.9848871448487,1889.924405613861,326.9395184690121
872,26,2,-86.66666666666667,73.33333333333334,0.0005172307479798022,-0.00040810079466749945,-0.08623386928627505,0.06803947893746713,-7.381684641442957e-05,3.586069109586732e-05,0.010764396123144587,-0.005229411752954292,0.0001303424609049412,-6.422671884692469e-05,-0.049072082306880316,0.024180445970371185,-2.8252378942733942e-05,3.875039592680079e-06,0.014638538312290554,-0.0020077925350664625,932.9295771234117,-626.7203600680984,779.8249685957551,153.10460852765664,1752.185471839257,-1453.1790009903275,1602.6822364147922,149.50323542446472,2413.3860405773657,-1510.2759350335166,1961.830987805441,451.5550527719246
863,26,3,-80.0,73.33333333333334,0.0004591090116070414,-0.00046078659640575066,-0.07654368316212044,0.07682337385880382,-3.904556828869647e-05,-3.1922942015426427e-06,0.005693848820811475,0.0004655186586283824,0.00013393246772356058,-6.26146326557706e-05,-0.05042366880342523,0.02357351845259329,-2.0195444898545866e-05,1.8724231329082103e-05,0.010463961087324584,-0.009701674263768586,1053.0544317835127,-474.56611871598705,763.8102752497498,289.2441565337628,1645.8925284661454,-1780.3883503377572,1713.1404394019514,-67.24791093580586,2139.1370476557845,-1662.6988322121806,1900.9179399339826,238.21910772180195
810,26,4,-73.33333333333333,73.33333333333334,0.0005186346815324911,-0.0004940162250643065,-0.0864679362340388,0.08236349200793841,-6.0034952148481724e-05,4.034356756524715e-05,0.008754641217427596,-0.005883130523553186,0.00010561294385992368,-6.1029154736658384e-05,-0.03976177093622477,0.0229766085707156,-1.3995927517354663e-05,2.0268692942229994e-05,0.007251775915724423,-0.010501913441565048,891.6704386534419,-435.32768169195174,663.4990601726968,228.1713784807451,1801.4249599894215,-1764.0187042943871,1782.7218321419043,18.70312784751718,2147.220453816086,-1852.9739751823872,2000.0972144992365,147.12323931684932
801,26,5,-66.66666666666666,73.33333333333334,0.0005849775901552526,-0.0006781396013858229,-0.09752877461727798,0.11306095388210623,-5.054650485941298e-05,1.632124143347385e-05,0.007370981386720608,-0.0023800570810764074,0.00016604844108740406,-0.00012551351667586496,-0.06251487589997896,0.04725405350015567,-1.7284525246240516e-05,2.572914168028415e-05,0.008955712562814744,-0.01333116149236899,1399.760760142122,-997.9402693244929,1198.8505147333076,200.9102454088146,2095.2159681823896,-2556.562508580517,2325.889238381453,-230.6732701990636,2638.8195475558864,-2655.5908772356784,2647.2052123957824,-8.38566483989598
748,26,6,-60.0,73.33333333333334,0.0004917350620957799,-0.0004994591141274183,-0.0819831714063173,0.08327094266867602,-5.070132922843214e-05,4.330334081875438e-05,0.007393558764630813,-0.006314741643277373,0.00010180597998966386,-7.392723914887383e-05,-0.03832850319612161,0.027832553866538472,-8.571820667306084e-06,3.146800313653289e-05,0.0044413578587057445,-0.016304664837574204,916.9540896896249,-417.0264717928995,666.9902807412622,249.9638089483627,1729.4680587982834,-1775.2331220337232,1752.3505904160033,-22.882531617719906,1994.3411537541942,-2026.9188221770994,2010.6299879656467,-16.28883421145258
739,26,7,-53.33333333333333,73.33333333333334,0.0005590887693185989,-0.0007032276694436856,-0.09321253239710167,0.11724369280471836,-3.549798571880526e-05,3.78974107894202e-05,0.005176519973579559,-0.005526417905860428,0.00019911425943290863,-0.00017994401921513537,-0.07496368611983757,0.06774636338956239,-2.6666649537330255e-05,3.387881387846751e-05,0.013816916858713897,-0.017553789574327315,1573.6050975393835,-1371.1509182806046,1472.378007909994,101.22708962938941,2049.0890072178813,-2588.6760592049695,2318.8825332114257,-269.7935259935441,2781.1194541111345,-3117.066326683993,2949.0928903975637,-167.9734362864292
686,26,8,-46.666666666666664,73.33333333333334,0.00029508645078010293,-0.000331793911910048,-0.04919747428804429,0.05531742445975047,-2.0020144632070505e-05,1.1653895311777668e-05,0.0029194523707006706,-0.0016994378872450756,8.185072541642086e-05,-7.418252617830139e-05,-0.030815633728457543,0.027928665801459546,-3.328325222909755e-05,3.763695856070973e-05,0.017245208408850795,-0.0195010147982861,407.08031991234714,-306.1679219364679,356.6241209244075,50.456198987939615,1070.5136525519165,-1236.576039829526,1153.5448461907213,-83.03119363880478,1496.3371781723213,-1565.9249336701275,1531.1310559212243,-34.79387774890313
677,26,9,-40.0,73.33333333333334,0.0005268876233785397,-0.0007361176349784025,-0.08784388519136409,0.12272718155674751,-4.110069399466942e-06,1.9285360235030664e-05,0.0005993539044066875,-0.002812301893552995,0.00018579576432243154,-0.00019951475495310898,-0.0699494621767914,0.07511446698582983,-2.5587159734273037e-05,4.138973507485286e-05,0.013257595717233733,-0.021445458587996662,1474.2654726466747,-1471.296816036687,1472.7811443416808,1.4843283049938236,2027.1179834609327,-2777.443923702335,2402.2809535816336,-375.16297012070106,2547.2271802052683,-3319.4767828136887,2933.3519815094787,-386.1248013042102
624,26,10,-33.33333333333333,73.33333333333334,0.00019468788192397209,-0.0002438290224436221,-0.0324587999205901,0.040651720980873725,7.182394622634887e-06,-1.3091702927440993e-06,-0.001047377998197337,0.00019091072442503976,4.9913273631079046e-05,-6.085332915047838e-05,-0.018791637466600085,0.02291041273877582,-2.8360215069506356e-05,4.376935859019345e-05,0.01469441195310525,-0.02267842413998603,167.82688148137794,-96.9336257024291,132.3802535919035,35.44662788947442,771.5865979266412,-939.4576071853726,855.5221025560069,-83.93550462936571,967.8853974619431,-1284.298451960502,1126.0919247112224,-158.20652724927947
615,26,11,-26.666666666666657,73.33333333333334,0.00045675680307903844,-0.0007237680489808807,-0.07615151768562833,0.12066823090694682,4.007664625777898e-06,-2.3661850407638334e-06,-0.0005844206526838888,0.0003450506803886165,0.00016182075003282897,-0.00020507895489676648,-0.060923210360155584,0.07720930910950458,-3.668511525476442e-05,4.389413799752595e-05,0.01900783173821104,-0.02274307668264533,1119.5522393224865,-1495.350583674196,1307.4514114983413,-187.8991721758548,1779.868107982184,-2801.754270942481,2290.8111894623325,-510.9430814801485,2305.5788970069734,-3285.67571987565,2795.6273084413115,-490.0484114343383
562,26,12,-20.0,73.33333333333334,0.0003154814937983343,-0.00037417042453668337,-0.0525977815601688,0.06238253159989319,2.2279920624500917e-05,-4.786200273606944e-05,-0.0032489858730603447,0.006979511882769489,7.531513599594255e-05,-9.536356640815546e-05,-0.02835507728553765,0.035903026131074434,-1.89777705183877e-05,2.3621540933042502e-05,0.00983304171936728,-0.012239140379809062,541.4587360965502,-690.4105387237458,615.9346374101481,-74.47590131359783,1288.9281795965549,-1599.8802206238158,1444.4042001101852,-155.4760205136305,1308.6010603565717,-1542.7297162461668,1425.6653883013691,-117.06432794479758
553,26,13,-13.333333333333329,73.33333333333334,0.0005066030343485154,-0.0006128235196652263,-0.08446199305565286,0.10217131038085496,-8.280430434185045e-07,-4.55780873379769e-05,0.00012074998810337453,0.006646458233758391,0.0001323362292785756,-0.00016327147522269213,-0.049822707736633366,0.06146938775643437,-3.240461121540344e-05,3.109288714018048e-05,0.016789953997610536,-0.016110304217702584,929.5959826674874,-1265.8484426871494,1097.7222126773183,-168.12623000983098,1950.9314181834106,-2514.8680694512555,2232.899743817333,-281.9683256339224,2259.86205934843,-2581.1517743537443,2420.506916851087,-160.64485750265703
500,26,14,-6.666666666666657,73.33333333333334,0.0013399392981087999,-0.0002538572201744936,-0.22339768224523562,0.04232364457721542,0.0002251114928390173,-0.00041657988918148065,-0.03282704963020377,0.06074806987702151,0.00015852396168342792,-0.00019541868693234685,-0.059682016446008464,0.07357235564579605,-5.518568308006861e-06,1.941812805770945e-06,0.0028593618176188016,-0.0010061206247513159,1836.7595331116756,-1921.2866723749864,1879.023102743331,-42.2635696316554,5890.923273524048,-2369.842708501034,4130.382991012541,1760.5402825115073,3841.1971497581226,-737.351230414796,2289.2741900864594,1551.9229596716632
491,26,15,0.0,73.33333333333334,0.001252119524385825,-6.725987763059857e-05,-0.20875617278827466,0.011213717510921034,0.0003691319648460213,-0.0007000983235077676,-0.053828941282711415,0.10209235486811437,0.00012700685026611303,-0.0001530959679605304,-0.04781627235304142,0.05763845402680943,-4.598156236296762e-06,1.5604151377148502e-05,0.0023824643711371075,-0.00808505252701618,1608.6741436440764,-1458.132157661597,1533.4031506528368,75.27099299123972,6023.337477849588,-2578.4663336788267,4300.901905764207,1722.4355720853807,3109.415863360911,517.6851544583069,1295.865354451302,1813.5505089096089
438,26,16,6.666666666666671,73.33333333333334,0.0028756924994808785,-0.0003343388353816967,-0.47944189721187913,0.05574171980347257,0.0005207930706551485,-0.001096301391843639,-0.07594503400005709,0.15986895980228225,0.0001796150026565694,-0.00020385016848348505,-0.06762249333578113,0.07674668850535549,8.905668871402394e-06,4.5222241085645715e-06,-0.004614336202797016,-0.0023431212997732966,2815.7305754546674,-2280.394666906368,2548.0626211805175,267.6679542741497,12745.323060740431,-4911.937903621971,8828.630482181201,3916.6925785592302,7159.928126274399,553.8379257546342,3303.0451002598825,3856.8830260145164
429,26,17,13.333333333333343,73.33333333333334,0.0027699325739578926,-0.00034144544454141877,-0.4618093654474847,0.05692654960669233,0.0006630505242410926,-0.0013621448213851797,-0.0966898321897779,0.19863577417219327,7.33729196841769e-05,-9.36196579141897e-05,-0.027623860473709627,0.03524646939156368,2.119824004999342e-05,-4.781253469788478e-06,-0.010983544067348982,0.002477333404034326,2069.4387229777813,-1554.8549942885652,1812.1468586331732,257.29186434460803,12793.72167436203,-5797.2057823831965,9295.463728372613,3498.257945989417,5908.416244511529,1793.850243776948,2057.2830003672907,3851.1332441442382
376,26,18,20.0,73.33333333333334,0.00373838378167977,-0.0008773991922060711,-0.6232717208527067,0.14628195935392502,0.0006748253895999047,-0.0015323248783632383,-0.09840691062343705,0.223452406615232,1.1934396096068823e-05,-1.67408815369388e-05,-0.004493130354016501,0.00630270374647538,5.3191667889633836e-05,-4.803596944450441e-05,-0.02756044968373525,0.02488910333910985,2234.233503581469,-1642.9830897940794,1938.6082966877743,295.6252068936948,16534.562920283744,-8402.842659103482,12468.702789693612,4065.860130590131,7838.040531673403,1521.8608184717073,3158.089856600848,4679.950675072555
367,26,19,26.66666666666667,73.33333333333334,0.0032711386405496075,-0.0009533517523457432,-0.5453715639454862,0.1589449403708583,0.0007539346130053482,-0.0015566908895675218,-0.10994307152835582,0.22700559818713062,-0.00013505833756039952,0.0001222511549762387,0.050847542780612806,-0.046025820729902626,7.55317416949167e-05,-3.4508384092779035e-05,-0.039135617458487815,0.017879991757908262,1108.0144645464102,-324.5335656588355,716.2740151026228,391.7404494437873,14987.517305347634,-8749.980651913476,11868.748978630556,3118.7683267170787,5500.9183109378755,2002.3844583513085,1749.2669262932836,3751.651384644592
314,26,20,33.33333333333334,73.33333333333334,0.0030020654396842148,-0.0015603741967586383,-0.5005110769723259,0.26014908248690444,0.0005636183784368038,-0.0015383500603655296,-0.08219006612279502,0.22433103322876374,-0.0003067647287940133,0.0002453707476877365,0.11549255642185721,-0.09237859591292177,0.0001008497152499155,-6.695830447698982e-05,-0.05225373847143444,0.03469342200878684,-246.41443619817795,167.9571317134214,-207.18578395579968,-39.228652242378274,13310.376412036625,-10999.309389426497,12154.84290073156,1155.5335113050642,4148.232916941826,1270.2065321606176,1439.0131923906042,2709.219724551222
305,26,21,40.0,73.33333333333334,0.0021333021465257656,-0.0014888901329637991,-0.3556689140584825,0.2482310991933501,0.0005018738512828122,-0.0013204763166957817,-0.07318612486810738,0.1925594337143854,-0.0004305165434265909,0.000347383791609393,0.16208335416430975,-0.13078505573379162,0.00010129914682337962,-6.975036190725277e-05,-0.05248660457167481,0.03614008388975142,-1618.2362846406797,1130.435343534333,-1374.3358140875064,-243.90047055317336,9763.864912201563,-9994.729071423279,9879.296991812422,-115.43207961085773,1378.359033055596,1508.8237758084258,-65.2323713764149,1443.591404432011
252,26,22,46.666666666666686,73.33333333333334,0.0010477170342669609,-0.0010594050664454444,-0.17467773162145608,0.1766263865361722,0.00048801457895969414,-0.0012563439222638957,-0.07116508625007975,0.18320727995107283,-0.00046134828670897784,0.0003909435021885119,0.17369106690437616,-0.14718466709575093,0.00012889247637869346,-0.00010074174186884549,-0.06678366651742661,0.052197793714403376,-1925.8075300311016,1314.3738317853636,-1620.0906809082326,-305.716849122869,5563.698860212029,-8138.8837808071,6851.291320509565,-1287.5924602975356,-1788.7821925639753,2944.0382599602563,-2366.410226262116,577.6280336981405
243,26,23,53.33333333333334,73.33333333333334,0.0006990978427328917,-0.0007011317592065277,-0.1165551588415993,0.1168942579535755,0.0005202751996356596,-0.0013047191547011182,-0.07586951507632554,0.19026163393390114,-0.0005127285669791994,0.00043258949192253205,0.19303501150129232,-0.16286378978371188,9.951293464007403e-05,-8.180624567423282e-05,-0.051561106031102394,0.04238665578973817,-2809.6155858699153,1989.5197666437782,-2399.567676256847,-410.04790961306855,4322.744701633437,-6917.165813407055,5619.955257520246,-1297.2105558868088,-2814.5669248524,4061.079372574113,-3437.8231487132566,623.2562238608566
190,26,24,60.0,73.33333333333334,0.00015395627932040102,-0.00015313671646806452,-0.02566793586531934,0.025531296510145057,0.0005115760039794036,-0.0011189789642420916,-0.07460094844763286,0.1631759335388427,-0.0004454774018941613,0.00037339240462875146,0.16771590454739346,-0.14057692854264217,8.05015063177292e-05,-7.999482445153296e-05,-0.041710625035073404,0.04144809557072314,-2633.5854730977835,1759.83298685707,-2196.7092299774267,-436.8762431203568,2215.0640427497256,-4218.531439798151,3216.7977412739383,-1001.7336985242127,-3717.7717189972864,4737.759509609572,-4227.765614303429,509.9938953061428
181,26,25,66.66666666666669,73.33333333333334,-1.4043088710582063e-06,2.191903429386311e-06,0.00023412952168326768,-0.00036543905124762275,0.0005650749105867314,-0.0012348943198388581,-0.08240246599883268,0.18007937584242573,-0.0004367654316462446,0.00038749260857367737,0.16443597168366883,-0.14588545474143647,7.99596263493426e-05,-6.142678851354114e-05,-0.041429858212075295,0.03182735156140544,-2592.9993319697073,2098.111243060416,-2345.5552875150615,-247.44404445464556,1797.5202077310037,-3999.6695005011625,2898.5948541160833,-1101.0746463850794,-4195.880713222504,5340.739549753738,-4768.3101314881205,572.4294182656172
128,26,26,73.33333333333334,73.33333333333334,-9.127332088814055e-05,0.00014617714379874146,0.015217292578861742,-0.024370980960076147,0.000511668352563364,-0.0009693274127633102,-0.07461441524806456,0.14135288556525882,-0.00034718568306059205,0.00032394960510117237,0.1307104706834177,-0.12196241788314635,8.397446706974417e-05,-6.401189696342001e-05,-0.043510086564614,0.03316678599139387,-1827.3303703713357,1681.5102566381418,-1754.4203135047387,-72.91005686659696,1292.541185219047,-2586.3004812846552,1939.420833251851,-646.8796480328041,-3870.00491373706,4792.465077824813,-4331.2349957809365,461.23008204387656
119,26,27,80.0,73.33333333333334,-0.00016393599474903283,0.00020763625526272353,0.02733177638359507,-0.03461758173765134,0.0005146447344560191,-0.0009310094393785442,-0.0750484483348537,0.13576513880845478,-0.0003160333276826586,0.00029679444515604036,0.11898205205033677,-0.11173888646727217,5.0481719030511055e-05,-4.7940592957892665e-05,-0.026156331103879542,0.024839685470399123,-1970.0985162230875,1670.586438822859,-1820.3424775229732,-149.75603870011423,1023.429088978188,-2226.686899116297,1625.0579940472426,-601.6289050690544,-3647.3928127740164,4599.683819809321,-4123.538316291669,476.1455035176523
66,26,28,86.66666666666669,73.33333333333334,-0.00010909131759785835,0.00018312317494599109,0.018187948915922902,-0.030530706059642317,0.00042855458149593,-0.0007646626108121115,-0.06249428822400729,0.11150748972839494,-0.0002246729113338219,0.00024979337070885776,0.08458615496864363,-0.09404365056508954,6.108045016833026e-05,-4.21535399925792e-05,-0.031647901641607135,0.021841212431378,-1079.1986723982693,1395.9089912003217,-1237.5538317992955,158.35515940102619,966.2562301092114,-1780.2092329633676,1373.2327315362895,-406.9765014270781,-2910.456773065155,3863.334278077424,-3386.89552557129,476.4387525061345
57,26,29,93.33333333333334,73.33333333333334,-0.00016046588942053355,0.0002050074370968531,0.02675323264760067,-0.034179299282521836,0.0004648649799361093,-0.0008428803825750968,-0.06778927888243912,0.12291365403944442,-0.00025312172561182955,0.0002384905987268749,0.09529672883759703,-0.08978831770467753,4.777462201069159e-05,-3.762027453826725e-05,-0.024753690160968556,0.019492370227072387,-1479.8598874064992,1324.9634983992405,-1402.4116929028698,-77.44819450362934,882.3582020318148,-1954.4211830354868,1418.3896925336508,-536.0314905018361,-3174.62882375754,4006.694695580879,-3590.6617596692095,416.0329359116695
4,26,30,100.0,73.33333333333334,-0.0001935288546457556,0.00027046289439761176,0.032265564295679325,-0.0450921797928031,0.0005548635552151897,-0.0009825622230061222,-0.08091338756331734,0.14328286153942119,-0.00017246790356906385,0.0002864934921989928,0.06493171220243056,-0.10786072421808622,6.664916204652844e-05,-4.411856402518444e-05,-0.03453324458367739,0.022859359598530502,-538.881489413313,1624.8298365592852,-1081.8556629862992,542.974173572986,1067.0451383853224,-2156.5703434300026,1611.8077409076625,-544.7626025223401,-3191.0984487754645,4798.960338079069,-3995.0293934272668,803.9309446518021
933,27,0,-100.0,80.0,0.0004632226113177685,-0.0005720043574939494,-0.07722951172342776,0.09536584819825746,-5.640025385353911e-05,-2.215137430782954e-06,0.008224608655277495,0.00032302405115333394,0.00014343756374732392,-6.097550448946198e-05,-0.05400220223891933,0.022956410015863037,-2.9577035422921745e-05,1.0879126418094375e-05,0.015324888820159562,-0.005636853066367514,1020.039798756236,-587.5146816060562,803.7772401811461,216.26255857508988,1604.508086910596,-2203.8640685113373,1904.1860777109666,-299.6779908003707,2311.142426354547,-1886.0520852246407,2098.597255789594,212.54517056495308
926,27,1,-93.33333333333333,80.0,0.00040899169008747413,-0.0003820028111116229,-0.06818801101815627,0.06368836464006133,-6.90936452117726e-05,-1.3796432513091958e-05,0.010075631820897534,0.00201187495633954,0.0001392173980278364,-6.340670347809963e-05,-0.05241336988070263,0.023871721849370916,-3.0206803893440458e-05,2.6318023620486326e-05,0.015651193727163924,-0.013636281668639406,953.1856258648277,-371.9878423107324,662.5867340877801,290.59889177704764,1354.5107141644594,-1512.5782069892828,1433.5444605768712,-79.03374641241169,2181.9105403162657,-1495.309115328349,1838.6098278223074,343.3007124939584
871,27,2,-86.66666666666667,80.0,0.0005672445478622085,-0.0005831100059516836,-0.09457228207092598,0.09721740679407584,-6.001725143443366e-05,1.229858352934335e-05,0.008752059997734112,-0.0017934500225080699,0.00013672884473298774,-7.155777838439706e-05,-0.051476464966816335,0.02694048559615246,-3.547572188391698e-05,1.0559369655256615e-05,0.018381203048653073,-0.005471175987177042,926.4443659314444,-679.799299732908,803.1218328321762,123.32253309926818,1988.6995236996734,-2200.3572624518015,2094.5283930757373,-105.82886937606406,2600.4358916017436,-2001.184321468529,2300.8101065351366,299.62578506660725
864,27,3,-80.0,80.0,0.0004377060621479457,-0.00041721950768035975,-0.07297533546971202,0.06955977120369713,-5.9184430563315295e-05,-1.7001672352541896e-05,0.008630613279379206,0.002479281422172779,0.00014561225664913637,-7.585390075711472e-05,-0.05482094317973797,0.028557914553767293,-3.0094743384387217e-05,2.012553670944658e-05,0.015593131287239992,-0.010427739227687667,1023.2016060752953,-563.9154758994194,793.5585409873574,229.64306508793794,1497.9566603671992,-1660.8263904228709,1579.391525395035,-81.43486502783583,2266.4112717079147,-1597.287643600117,1931.8494576540159,334.56181405389884
809,27,4,-73.33333333333333,80.0,0.00047772678968329937,-0.0005157921526718679,-0.07964768084071862,0.08599402345300859,-5.4948044500101015e-05,2.9887746676422285e-05,0.008012839154229187,-0.004358402723505101,0.000117601470793125,-6.472380122246644e-05,-0.044275280780368007,0.024367590413375634,-1.7014103778284154e-05,2.6796553105120087e-05,0.008815597812578351,-0.013884224406791499,948.6477154088569,-403.0380611365895,675.8428882727233,272.8048271361337,1662.9200300214204,-1881.18421806459,1772.0521240430053,-109.13209402158475,2114.642181844688,-1954.8119821507628,2034.7270819977252,79.91509984696256
802,27,5,-66.66666666666666,80.0,0.0005971815747031983,-0.0006855239240609668,-0.09956345026714938,0.11429208470490275,-5.226993556525164e-05,2.6220718414048763e-06,0.007622301941709956,-0.00038236556199870215,0.0001810890188757495,-0.00014027584461322786,-0.06817743947326456,0.05281185996286891,-2.869955344552103e-05,4.640981102310893e-05,0.014870234945858886,-0.02404653420885352,1400.1527488021113,-893.4715239189185,1146.8121363605148,253.34061244159642,2136.659667512995,-2628.642692753958,2382.6511801334764,-245.99151262048144,2840.36098796484,-2878.465355511156,2859.413171737998,-19.05218377315782
747,27,6,-60.0,80.0,0.0006018134670038046,-0.0006943182736929078,-0.10033568973040377,0.11575829838144973,-5.163032094566984e-05,4.2661246279082445e-05,0.0075290296676185095,-0.006221107733007999,0.00013575705671817206,-0.00011044834674886608,-0.05111060060368563,0.04158223133650952,-1.7762032948878506e-05,3.196260662450687e-05,0.00920312588024364,-0.016560936074866302,1138.4424038906911,-789.9860167449973,964.2142103178442,174.22819357284692,2151.35802031664,-2528.5851485286244,2339.971584422632,-188.61356410599228,2530.662544337601,-2727.3531477386923,2629.0078460381465,-98.34530170054563
740,27,7,-53.33333333333333,80.0,0.0005999040237633295,-0.0007809668774845532,-0.10001734307477314,0.1302045477631643,-3.6047617916714855e-05,2.2452786980975905e-05,0.005256670494601775,-0.0032741942371106647,0.0002358816166271983,-0.0002117958791051255,-0.0888060730589678,0.07973813552043184,-3.380256149070579e-05,5.4276724116996894e-05,0.017514280565124368,-0.02812265498288683,1820.6064532184362,-1440.9501179965976,1630.7782856075169,189.8281676109193,2207.932097745955,-2938.406786142214,2573.1694419440846,-365.23734419812945,3135.1881662294277,-3606.204374551739,3370.6962703905833,-235.50810416115564
685,27,8,-46.666666666666664,80.0,0.0003409164001841484,-0.0003505551499134251,-0.05683834614599382,0.05844534009885531,-1.4362809859508616e-05,6.796596411692442e-06,0.0020944673510047856,-0.0009911186892738772,0.0001132203894971658,-0.00010835548307486226,-0.04262586599676012,0.04079429793587582,-2.8425868375368127e-05,3.9798057983203566e-05,0.014728429210028432,-0.020620755431702078,750.9949146347308,-583.5979104794143,667.2964125570725,83.69850207765825,1270.115350753627,-1329.216082311369,1299.665716532498,-29.550365778871083,1729.3093646497355,-1798.5370691899022,1763.923216919819,-34.613852270083385
678,27,9,-40.0,80.0,0.0006037742626281607,-0.0008841478138745316,-0.1006625979705427,0.14740710468044238,-1.668146689044341e-05,2.949123248049754e-05,0.002432587224272868,-0.004300580748160598,0.00024686799632770296,-0.00024717025223205204,-0.09294228872633185,0.09305608377449176,-2.8166015488355513e-05,5.692158393792621e-05,0.014593790408467554,-0.029493048672486876,1990.117423822185,-1745.7382979315935,1867.927860876889,122.18956294529573,2288.9979869057993,-3315.1389705762413,2802.06847874102,-513.070491835221,3114.9585914254158,-4096.01698182593,3605.487786625673,-490.52919520025716
623,27,10,-33.33333333333333,80.0,0.0002647783444600425,-0.0003279451765799983,-0.04414443888957514,0.05467575468148366,5.536683247372961e-06,7.311304964275699e-06,-0.0008073909219650813,-0.0010661764439342486,9.516365271666914e-05,-0.00010039601117067668,-0.03582776147015903,0.037797669993686264,-3.79455519739785e-05,4.838511387758517e-05,0.019660907758528915,-0.025070007190446948,468.6054649577094,-407.82643255791436,438.2159487578119,30.389516199897514,1039.7566305633586,-1238.3420267309343,1139.0493286471465,-99.29269808378785,1463.7310499624164,-1764.9328267496876,1614.331938356052,-150.6008883936356
616,27,11,-26.666666666666657,80.0,0.000537317610462078,-0.0008419833561263149,-0.08958279600889053,0.14037735180479088,-4.153524879970883e-06,1.8218539564446922e-05,0.0006056908319318733,-0.002656731981692369,0.00024325712487285785,-0.000267104302239603,-0.09158284699106378,0.10056097002482438,-2.9679960895920973e-05,5.318320387459145e-05,0.015378218080780898,-0.027556064183713293,1925.0052376336564,-1951.7254709824463,1938.3653543080513,-13.36011667439493,2075.023803393562,-3194.4960000377305,2634.7599017156463,-559.7360983220842,2905.7760814463963,-4035.7568983481096,3470.766489897253,-564.9904084508566
561,27,12,-20.0,80.0,0.00026655918596529593,-0.00032893970402488796,-0.044441344775745684,0.05484156452557974,-4.676355739641413e-06,-7.912082670128696e-06,0.0006819330280194815,0.0011537852964101185,8.642207344003878e-05,-9.901331876095842e-05,-0.032536681228335376,0.037277105971312334,-1.707827778782459e-05,2.2416341443522907e-05,0.008848848594723641,-0.011614684685757748,631.5783342368246,-703.9302796089464,667.7543069228855,-36.1759726860609,1015.1599884835175,-1296.2887687377383,1155.7243786106278,-140.5643901271104,1286.7075875328824,-1526.732771444535,1406.7201794887087,-120.01259195582634
554,27,13,-13.333333333333329,80.0,0.0005254809742870635,-0.0007089641016263658,-0.08760936550288889,0.11820008363210618,6.468700922154029e-06,-2.799445282009296e-05,-0.0009433030874454316,0.004082311749195191,0.00015803045442813868,-0.0001858397324406821,-0.05949621798492019,0.06996601554783174,-4.126414739221062e-05,5.8724388640807886e-05,0.021380387249840094,-0.0304271443734614,1057.4048695208257,-1163.7549464020465,1110.5799079614362,-53.175038440610365,2049.613432694152,-2823.8734492504145,2436.743440972283,-387.1300082781313,2494.106527924152,-3201.0657006885253,2847.5861143063385,-353.47958638218665
499,27,14,-6.666666666666657,80.0,0.001106478246907645,-0.00035818755803040166,-0.18447453266190322,0.05971783228241081,0.00019452352138591466,-0.00033166660618998606,-0.028366536111703308,0.048365527698161256,0.0001354034949077762,-0.000157225138078318,-0.050977489611765896,0.05919302783546999,-1.5849546811441433e-05,2.0232503558994187e-06,0.008212200420432147,-0.0010483162465795208,1428.194792039597,-1589.455204788634,1508.8249984141155,-80.6302063745186,4891.703776190661,-2484.255134982133,3687.9794555863973,1203.7243206042642,3261.8856614447213,-1005.7187218399738,2133.8021916423477,1128.0834698023737
492,27,15,0.0,80.0,0.0011496068092353203,-0.00023498371782371827,-0.19166502321335616,0.03917701197455638,0.0003819473728230726,-0.0006442749582215826,-0.05569775761184846,0.09395187141405516,0.00013265176587553288,-0.00016347403801967735,-0.04994150277663198,0.06154564976788449,-3.5865051325347865e-05,1.594127843391776e-05,0.018582928147839968,-0.00825972975850276,1266.4788439673273,-1574.8019437288674,1420.6403938480973,-154.16154988077005,5668.774089007056,-3038.469349216786,4353.621719111921,1315.152369895135,3081.457441874956,-104.35722971287116,1592.9073357939137,1488.5501060810425
437,27,16,6.666666666666671,80.0,0.0028108175272314765,0.0004583464971467748,-0.46862579647008,-0.07641655504270305,0.0005194349845073893,-0.0011840894710102737,-0.07574699008496269,0.1726707212556801,0.00014288908169209,-0.00015238033438136724,-0.05379570654771157,0.05736902816470397,2.214666724896695e-05,1.3892422526207715e-06,-0.011474957123811722,-0.0007198146386632765,2631.1851844671364,-1650.8882880664682,2141.036736266802,490.1484482003341,12489.161973275683,-2159.404501578438,7324.28323742706,5164.8787358486225,6701.136164851385,3112.9112223382895,1794.1124712565477,4907.023693594837
430,27,17,13.333333333333343,80.0,0.0024248204897279815,-0.0007882416513510872,-0.4042715054559162,0.13141741436311824,0.0005755606952806995,-0.0011320513055915649,-0.08393156329288633,0.1650822173666924,6.782811916352826e-05,-8.813808427433041e-05,-0.025536321956825696,0.033182734895844924,6.368690928677897e-06,1.5924640162907854e-05,-0.0032998398594170607,-0.008251108892694523,1699.1317237556468,-1315.9259854066147,1507.5288545811309,191.60286917451606,11182.210373634387,-6746.811219682432,8964.51079665841,2217.6995769759774,5295.462554781813,-29.002719376990346,2662.2326370794017,2633.2299177024115
375,27,18,20.0,80.0,0.0036672229111556413,-0.00019439731927380207,-0.6114076210654393,0.03241035666447646,0.0006811208146374963,-0.001561749630784036,-0.09932494562709647,0.22774329285960843,-8.217032944527533e-07,-4.475348425734104e-05,0.0003093596009870304,0.01684905016944219,5.1808358072780224e-05,-8.478818680049821e-05,-0.0268437088459876,0.043931703005419,2087.683270295341,-2098.912162770191,2093.297716532766,-5.614446237425,16280.72741181281,-5896.121299442897,11088.424355627852,5192.303056184956,7582.2080417073275,3503.009112815367,2039.5994644459802,5542.608577261348
368,27,19,26.66666666666667,80.0,0.002971791553568372,-0.0010424194375677105,-0.4954637468429826,0.17379450442918482,0.0007540963083456298,-0.0014467510948196528,-0.10996665087072281,0.21097354645575325,-0.00011216377149787052,9.578913465694457e-05,0.042228064351245966,-0.036063246522701105,7.917954917206811e-05,-5.633848192871529e-05,-0.04102567314613015,0.029190923279113483,1249.3189496838938,-787.9029135773068,1018.6109316306004,230.70801805329353,13846.576444672128,-8737.33781022549,11291.957127448808,2554.619317223319,4812.6165957826815,1546.1170114857398,1633.249792148471,3179.3668036342106
313,27,20,33.33333333333334,80.0,0.0028280541778653422,-0.001050436392469933,-0.47149952948672585,0.17513110911444846,0.0006079274064831503,-0.0015951589777482848,-0.08865146284847743,0.23261523554488212,-0.00028561224263935395,0.00021360699985983433,0.107528946295349,-0.08041999671996519,0.00010880826846341402,-7.761997433566669e-05,-0.05637734117272709,0.0402176032827101,-10.153681089341562,-86.14120700159047,37.993762956124456,-48.14744404546602,12794.591714058433,-9241.08992333061,11017.840818694522,1776.7508953639117,3642.6699507562735,2644.6390696246617,499.0154405658059,3143.6545101904676
306,27,21,40.0,80.0,0.001978534495124487,-0.0014455561390230409,-0.32986570442175994,0.24100635862304373,0.0004729367330576377,-0.00114449490756736,-0.06896634824030017,0.16689681481121313,-0.0003868938286790902,0.0003219347142137866,0.14566002262923847,-0.12120384012745025,0.00010529219461135844,-7.64572016746963e-05,-0.054555541249383076,0.039615130401378575,-1259.4134830922899,922.8109099384517,-1091.1121965153707,-168.3012865769191,9083.859772641892,-9255.727147535386,9169.79346008864,-85.93368744674717,1239.1332223403817,1135.0236478023976,52.05478726899207,1187.0784350713898
251,27,22,46.666666666666686,80.0,0.001062918465851673,-0.0009790929626756718,-0.17721214835781665,0.16323657263659563,0.0004646459506634333,-0.001239431595289334,-0.06775733877705434,0.1807410273846026,-0.0004684421340872816,0.0003825620254340836,0.17636179952675965,-0.14402916033079527,0.0001116964496536889,-9.56279974874634e-05,-0.05787380811069265,0.049548185226641867,-2191.3177470285063,1335.077446182479,-1763.1975966054927,-428.1201504230137,5541.136666684067,-7776.397819658502,6658.7672431712845,-1117.6305764872177,-1600.9783104453793,3031.409655985502,-2316.1939832154408,715.2156727700614
244,27,23,53.33333333333334,80.0,0.000723335792607682,-0.0006850936325898167,-0.1205961641558301,0.11422034554665843,0.0005051321477612872,-0.001221355912773095,-0.07366126835749513,0.17810512763742836,-0.0005018785576033352,0.00042016007647113226,0.1889501373211805,-0.15818429168445222,0.00011098121750696632,-7.93982715211224e-05,-0.05750322150617335,0.041139000788127135,-2581.683391169468,1951.2487676295812,-2266.4660793995245,-315.2173117699434,4369.32989557336,-6583.402648146637,5476.366271859999,-1107.0363762866386,-2747.619155331718,3827.666463222888,-3287.642809277303,540.023653945585
189,27,24,60.0,80.0,0.0001528224425280016,-0.0001776100571927971,-0.025478900054649478,0.029611546714329504,0.000507854394723456,-0.0011258741886684322,-0.0740582420304328,0.16418143473116406,-0.00044800158917447565,0.00038349003287794066,0.1686662251498862,-0.14437854193177305,0.00010213796884018549,-7.625098471723524e-05,-0.052921227378309774,0.039508282236891026,-2406.3395353955043,1879.2339337585536,-2142.786734577029,-263.55280081847536,2201.7230663867635,-4332.670148482569,3267.1966074346665,-1065.4735410479027,-3890.747519819312,4713.992549880012,-4302.370034849662,411.6225150303501
182,27,25,66.66666666666669,80.0,9.593049198476549e-06,-1.39731911837644e-05,-0.0015993746579631733,0.0023296417445389846,0.0006110738562903387,-0.0013401375099582665,-0.0891102962144548,0.19542654173662294,-0.0004173141049246979,0.0003782579909099874,0.15711282388339912,-0.14240875256074298,8.059743182153227e-05,-5.611013652832653e-05,-0.041760327368650096,0.02907260960015563,-2394.8696458918266,2030.044918278885,-2212.457282085356,-182.4123638064708,1993.8278421254543,-4407.8395389072975,3200.833690516376,-1207.0058483909215,-4176.44123542013,5452.023879935984,-4814.232557678057,637.7913222579268
127,27,26,73.33333333333334,80.0,-9.535532762322873e-05,0.0001284478988444898,0.01589785388847869,-0.0214151215145565,0.0004958916014751348,-0.0009604014295522557,-0.07231375887354957,0.14005124747396336,-0.0003465409423577751,0.00031345520883420945,0.13046773498074976,-0.1180114269796602,7.464221184025024e-05,-5.753916727688097e-05,-0.03867472116073339,0.0298130400398208,-1938.085905493887,1664.2048482151613,-1801.145376854524,-136.9405286393628,1223.6254040388603,-2625.352884014976,1924.4891440269182,-700.8637399880579,-3769.6105835797066,4621.475079188361,-4195.542831384034,425.93224780432706
120,27,27,80.0,80.0,-0.0001430069178469807,0.00018236849801636895,0.02384243378572531,-0.030404884630895888,0.0005457472096976594,-0.0010463221288899423,-0.07958398974814641,0.15258069688522502,-0.0003133321660890006,0.0002785080098297589,0.11796510313646871,-0.10485430370582527,5.17503452561715e-05,-3.823219995005069e-05,-0.026813650391786202,0.019809430025923763,-1911.986989949201,1568.2268165244989,-1740.10690323685,-171.88008671235104,1206.3379221863215,-2703.4315879289725,1954.884755057647,-748.5468328713255,-3660.07400606134,4629.606772865463,-4144.840389463401,484.7663834020618
65,27,28,86.66666666666669,80.0,-0.0001039519507074198,0.00018422720704439047,0.01733110215192968,-0.030714772764943724,0.0004177598533622972,-0.000754277228754512,-0.060920139024789224,0.10999303372291126,-0.00022877308195159496,0.0002460360599841359,0.08612981087808937,-0.09262907652792644,6.044072313596911e-05,-3.712908715726498e-05,-0.03131643685800048,0.019237868993392575,-1124.8448478694995,1426.6220730709954,-1275.7334604702473,150.88861260074793,949.7223459693381,-1741.6003850683064,1345.6613655188223,-395.93901954948416,-2888.7418553773787,3784.276893852967,-3336.509374615173,447.7675192377942
58,27,29,93.33333333333334,80.0,-0.00015525192248489166,0.0001935720604132794,0.02588394839691134,-0.03227276765805407,0.0005284047644723517,-0.0009148950778844536,-0.07705501487022944,0.13341525014726657,-0.0002465431292529726,0.00021626591642598603,0.09281998089418503,-0.0814210409819458,4.9268223281202436e-05,-3.24192821748086e-05,-0.025527576829626666,0.01679755553098108,-1377.0660525270998,1159.4270159135517,-1268.2465342203259,-108.81951830677406,1112.3312703062163,-2237.3306538129527,1674.8309620595846,-562.4996917533682,-3284.373966743182,3986.8786313473806,-3635.6262990452815,351.2523323020994
3,27,30,100.0,80.0,-0.00017023529409728396,0.000266042946587671,0.028382009686069614,-0.044355276189946384,0.0005373184390891876,-0.0009827190040093438,-0.07835485805168622,0.1433057242449584,-0.00018474047087588578,0.0002809912649136106,0.06955215920654464,-0.1057892139186424,6.440575579668461e-05,-3.939326455753492e-05,-0.03337085792572776,0.02041101790544899,-670.4241911055176,1630.737047372296,-1150.5806192389068,480.1564281333892,1096.2867233355043,-2174.055693971169,1635.1712086533366,-538.8844853178324,-3136.974919712252,4722.959386858889,-3929.9671532855705,792.9922335733186
932,28,0,-100.0,86.66666666666669,0.0003837109070859664,-0.00045630171851799157,-0.06397314222831427,0.07607564496788138,-4.517442915206346e-05,4.68652568717435e-06,0.006587594480799787,-0.0006834160681263634,0.00014787719496348208,-6.445365107015329e-05,-0.055673660234563556,0.02426588272412773,-3.454445147219027e-05,2.4720276838771607e-05,0.01789867951926122,-0.012808433595212476,979.3583894628047,-416.02603086548066,697.6922101641427,281.666179298662,1336.9529970752926,-1736.6198451705345,1536.7864211229135,-199.83342404762095,2139.390816923686,-1724.594985589769,1931.9929012567277,207.3979156669585
927,28,1,-93.33333333333333,86.66666666666669,0.0003311103246950036,-0.00031998491682902485,-0.05520345526751248,0.05334860233887574,-8.1178477830472e-05,-4.733689672035132e-06,0.011837911459060864,0.0006902937910371623,0.0001335679226748816,-6.875141448167716e-05,-0.05028642277853709,0.025883929509508033,-3.2392502336226704e-05,8.779364416316159e-06,0.016783679966949017,-0.004548893479954438,848.4773810504468,-597.2110801178535,722.8442305841502,125.63315046629663,1015.5239661830769,-1249.2101903324462,1132.3670782577615,-116.84311207468465,1994.119394050164,-1248.480561322726,1621.299977686445,372.8194163637189
870,28,2,-86.66666666666667,86.66666666666669,0.00047218190233405753,-0.0005204128737316111,-0.07872322479716509,0.08676440042195435,-4.454255006304299e-05,7.468654756507791e-06,0.006495450246163146,-0.0010891220935488554,0.0001460532623843928,-6.72924489326725e-05,-0.054986975565409234,0.025334649735238055,-3.0460038073195228e-05,2.932213894111318e-05,0.01578240314672592,-0.015192818104196636,1040.321767325299,-406.9468372326918,723.6343022789954,316.68746504630366,1678.0075721819178,-1972.4981377652891,1825.2528549736035,-147.24528279168567,2327.5881597835473,-1947.9615761373389,2137.774867960443,189.81329182310424
865,28,3,-80.0,86.66666666666669,0.0004055862278286289,-0.00038580147455575305,-0.06762024471958333,0.06432168632130923,-6.881876085813635e-05,-1.7091495513289335e-05,0.010035546607097113,0.0024923799509000816,0.00016823945060361487,-0.00010060842020048755,-0.06333975981400194,0.03787763897172486,-3.487396854066131e-05,3.5943149020893496e-05,0.01806941375162956,-0.018623393275065667,1147.9667380889034,-583.3542392372876,865.6604886630955,282.3062494258079,1346.054958795949,-1542.0424710362483,1444.0487149160986,-97.99375612014967,2359.6094985111113,-1765.4261416669785,2062.517820089045,297.09167842206637
808,28,4,-73.33333333333333,86.66666666666669,0.0004661699643910645,-0.0005080132379257208,-0.07772090103207929,0.08469710535595354,-4.485649884601188e-05,8.541868615584125e-06,0.006541232059210035,-0.001245624296841139,0.0001439047557732152,-8.677595173649018e-05,-0.05417809339049407,0.032669911372752755,-1.5499304343976285e-05,3.179471411713444e-05,0.008030727639362207,-0.016473945138403945,1193.2303636194913,-541.5174288784546,867.3738962489729,325.8564673705184,1656.1370440164226,-1924.0955948942521,1790.1163194553374,-133.97927543891478,2187.062444808046,-2038.7635202978843,2112.9129825529653,74.14946225508095
803,28,5,-66.66666666666666,86.66666666666669,0.0006174833179904364,-0.0007199775983857617,-0.10294820239906163,0.120036278490289,-5.315053471336336e-05,-3.709573680459696e-06,0.0077507159625793895,0.0005409513205193477,0.0002188854597825389,-0.0001658825789511089,-0.08240726179062727,0.06245243116518293,-2.616243824849766e-05,3.233900366097414e-05,0.013555667486261897,-0.016755960446092778,1761.3324524673064,-1291.174278418904,1526.2533654431052,235.07908702420127,2217.6837591407852,-2787.577332076789,2502.630545608787,-284.94678646800185,3073.191837323697,-2979.734925292531,3026.463381308114,46.728456015583106
746,28,6,-60.0,86.66666666666669,0.000634052365556261,-0.0007240817489046134,-0.10571063113627426,0.1207205316611536,-3.198129976803754e-05,2.0003285725759843e-05,0.004663696648640534,-0.0029169939082419505,0.00016708289334113505,-0.00014436493821907162,-0.06290433245761329,0.05435134553490246,-2.4543844063969745e-05,3.1517063922818546e-05,0.012717017649719326,-0.016330084934095258,1348.4976367107345,-1106.6456997225885,1227.5716682166615,120.925968494073,2342.966659219819,-2722.2106469299865,2532.588653074903,-189.6219938550837,2784.788244156104,-2926.3793560572835,2855.583800106694,-70.79555595058969
741,28,7,-53.33333333333333,86.66666666666669,0.0006512473337736318,-0.0008767583029748738,-0.10857741476704229,0.1461751088652294,-2.6897736599047094e-05,5.347139997072192e-06,0.003922382296618249,-0.0007797506375610189,0.0002754334650212908,-0.00025520088661181773,-0.10369678132325055,0.09607950337639515,-3.555014421437225e-05,4.346883267954877e-05,0.018419763841635066,-0.022522711232916322,2161.672683060048,-1978.7944374686147,2070.233560264331,91.43912279571657,2440.260635298618,-3369.6636738602556,2904.962154579437,-464.70151928081873,3467.692520325651,-3960.280462150973,3713.986491238312,-246.29397091266105
684,28,8,-46.666666666666664,86.66666666666669,0.0003507439129754223,-0.0003994064563420907,-0.058476811099521686,0.06658993937004523,-1.5810059372765465e-06,1.0536702686305792e-05,0.0002305513579697097,-0.0015365224478761513,0.00015956202422252769,-0.00014815396787954042,-0.06007283222472499,0.05577786130014751,-1.7570578453688147e-05,4.0575984843143286e-05,0.0091039266599378,-0.021023826343587754,1284.6258540954548,-931.7165395399937,1108.1711968177242,176.45465727773052,1358.6428888542546,-1509.857367978306,1434.2501284162804,-75.60723956202571,1884.4365402673272,-2148.0954411236507,2016.265990695489,-131.82945042816175
679,28,9,-40.0,86.66666666666669,0.0006761317585000472,-0.0009866988335762096,-0.11272620181712242,0.16450464047596328,-2.671335795297199e-05,1.5507850394998332e-05,0.003895495144438127,-0.0022614437324105824,0.000309329578671558,-0.00030458315525092814,-0.11645818591374976,0.1146712250174819,-3.432577487456827e-05,5.287523573090184e-05,0.017785375582669568,-0.02739649519734569,2475.9990026066557,-2326.670457536676,2401.334730071666,74.66427253498978,2541.5038745673064,-3763.0267154085745,3152.2652949879403,-610.7614204206341,3699.6793923309415,-4599.708379695695,4149.693886013318,-450.0144936823767
622,28,10,-33.33333333333333,86.66666666666669,0.00035098561800498416,-0.00044485932117316497,-0.058517108703649984,0.074167942843038,1.0148856834921054e-05,8.953944878873549e-06,-0.0014799645402735384,-0.0013057156221476817,0.0001357914950896518,-0.00015171404918339236,-0.05112356616063488,0.05711818126609643,-2.195916262746161e-05,3.889756303517724e-05,0.011377804470182058,-0.020154177738424407,1034.1207113445294,-997.428169964141,1015.7744406543352,18.34627069019416,1393.7263689102708,-1689.8310662406927,1541.7787175754818,-148.05234866521096,1767.5154351886513,-2268.577597486497,2018.046516337574,-250.5310811489228
617,28,11,-26.666666666666657,86.66666666666669,0.0006264563191659651,-0.0009846295709432472,-0.10444420126126838,0.1641596483731024,-9.738236671502968e-06,1.5556038200081324e-05,0.001420085551805689,-0.002268470754661113,0.00032308978281963587,-0.0003324385230104626,-0.12163870702579481,0.12515837471447275,-4.743205053343535e-05,5.816713619104967e-05,0.02457619198622447,-0.030138412534208573,2433.4252875116813,-2504.4599680655497,2468.9426277886155,-35.51734027693419,2407.0919067377326,-3758.339775743027,3082.7158412403796,-675.6239345026472,3703.278151917407,-4780.315757944815,4241.796954931111,-538.5188030137042
560,28,12,-20.0,86.66666666666669,0.00028186363140349295,-0.0003402236949404945,-0.04699293621258723,0.05672285677559486,3.3189066355752067e-06,8.974034506771378e-06,-0.00048398201029190745,-0.0013086452069669071,8.856287889054125e-05,-0.00010736402603780568,-0.03334266402581141,0.0404210284656787,-2.493590334088264e-05,2.4762962925440188e-05,0.012920157171435758,-0.012830550738564062,567.3124528838501,-745.1200121305304,656.2162325071903,-88.90377962334014,1099.0146461638114,-1284.8823065415181,1191.9484763526648,-92.93383018885334,1379.4095112240307,-1656.5238264346006,1517.9666688293155,-138.55715760528494
555,28,13,-13.333333333333329,86.66666666666669,0.0005709365767344743,-0.0008016512688876461,-0.09518782539741158,0.13365309584636936,2.1469282524840837e-06,-1.7610526862363594e-05,-0.0003130773973729618,0.0025680680805500273,0.00021239286557873477,-0.00020151064495548202,-0.07996289243514448,0.07586589117862114,-5.755023912358378e-05,7.240075765153347e-05,0.029818776747956965,-0.03751334593341954,1349.7071121363358,-1166.0597386804566,1257.8834254083963,91.82368672793962,2214.993450535292,-3144.5893332393275,2679.79139188731,-464.7979413520177,3030.756504907103,-3652.717413845949,3341.736959376526,-310.98045446942297
498,28,14,-6.666666666666657,86.66666666666669,0.0008451924606455818,-0.000610062346580449,-0.14091238090103336,0.10171096141707145,0.00012562981688757816,-0.0002309478823925026,-0.018320060792947398,0.03367814544551372,0.00010416408242127362,-0.00015297474207971306,-0.0392162952157644,0.05759281420721502,-2.0209170328342867e-05,3.5498536598337314e-06,0.01047107270898106,-0.0018393024144207648,993.4995072651764,-1574.8171989924533,1284.1583531288147,-290.6588458636385,3659.8972080437748,-3116.354529026956,3388.125868535365,271.7713395084095,2610.242226230577,-1882.9673189321522,2246.6047725813646,363.6374536492125
493,28,15,0.0,86.66666666666669,0.00101011156874558,-0.0006955349013019727,-0.16840806414540938,0.11596113726258729,0.0002989955928662061,-0.00047406511945086133,-0.04360125306107847,0.0691308960191152,0.000165690014769124,-0.00016855419012458184,-0.06237993349004227,0.06345825476622924,-4.4540026222816565e-05,4.795244257895076e-05,0.023077733794194713,-0.02484582517042922,1369.1968488589682,-1325.7656352982417,1347.481242078605,21.71560678036326,4866.011070691978,-4237.195912534006,4551.603491612992,314.4075790789857,3147.918393154858,-1966.7658954846527,2557.3421443197553,590.5762488351028
436,28,16,6.666666666666671,86.66666666666669,0.0024691706691912724,0.00047199852619453164,-0.4116656667535536,-0.07869265191628386,0.000491680492395606,-0.0011431927220036824,-0.07169967078320605,0.16670692264006065,9.090394968370256e-05,-0.0001366757805710785,-0.034224043875866784,0.051456487064736864,1.0267521266339627e-05,-2.3685836946403086e-05,-0.005319959205354839,0.012272454376368933,1921.8204335145633,-1784.5490429883255,1853.1847382514443,68.63569526311892,11080.539993515396,-1974.5692716995047,6527.554632607451,4552.9853609079455,5694.698758461052,3328.0215412090083,1183.338608626022,4511.360149835031
431,28,17,13.333333333333343,86.66666666666669,0.002081620034416109,-0.001156730396031846,-0.3470523565210393,0.1928526835662264,0.0005461888629895626,-0.0010191339686214584,-0.0796483941654856,0.14861596334260793,0.0001063054856787682,-0.00012751124698604088,-0.04002250307906869,0.04800617054265495,1.4625009716384103e-05,1.7487829362488663e-05,-0.007577725241646261,-0.009061051483150522,2001.080844125081,-1709.5674319710931,1855.3241380480872,145.75670607699396,9779.571566476547,-7791.798126522254,8785.6848464994,993.8867199771462,4607.057582388844,-1466.0515021452873,3036.5545422670657,1570.5030401217782
374,28,18,20.0,86.66666666666669,0.0036334897156337937,-0.00018112718770516223,-0.605783547120491,0.030197930594349543,0.0006192617561280851,-0.0014838956792245744,-0.09030430275295284,0.21639018289832546,-1.4359886614008247e-05,1.5366218495657094e-06,0.005406293029513976,-0.0005785162667093743,4.7223210493835766e-05,-6.143903464701577e-05,-0.024467984711820594,0.03183369670828348,1880.4633926047752,-1391.925195861479,1636.194294233127,244.26909837164806,15945.54989470875,-5578.545481149258,10762.047687929004,5183.502206779746,7601.113644791245,3421.539184647679,2089.7872300717827,5511.326414719462
369,28,19,26.66666666666667,86.66666666666669,0.002723255818003432,-0.0013230570363253645,-0.45402731210397096,0.2205830337318292,0.0007239250544741526,-0.0013184870795089339,-0.10556690550120165,0.19226935173307313,-8.27876413566446e-05,6.884328921130756e-05,0.031168369251587016,-0.025918519038223727,7.700838443438835e-05,-2.799999878972208e-05,-0.039900717323498675,0.014507771393631618,1382.6770042840237,-728.6159091012042,1055.646456692614,327.03054759140974,12800.453079028388,-9389.32107156015,11094.88707529427,1705.5660037341186,4404.783058166687,162.71389611407386,2121.0345810263066,2283.74847714038
312,28,20,33.33333333333334,86.66666666666669,0.002714276303950331,-0.0010679919091744947,-0.45253022740022164,0.1780580041968988,0.0006131184935269387,-0.0015347949015260033,-0.08940845694892086,0.22381259956641916,-0.00026274970027692195,0.00020824074436109777,0.0989215243335064,-0.07839967786388805,9.869325197259706e-05,-8.907520279377422e-05,-0.051136399985777736,0.04615295481540553,34.285780553260274,-245.21334322635295,139.7495618898066,-105.46378133654633,12378.040838662188,-9112.683929306218,10745.362383984204,1632.6784546779845,3531.1080321692043,2519.5378353857463,505.785098391729,3025.3229337774756
307,28,21,40.0,86.66666666666669,0.001820690955147345,-0.001511628818420201,-0.3035496757493823,0.25202214378427545,0.0004108942059645696,-0.0009702997917063691,-0.05991895092450038,0.14149468344248223,-0.00035046739729640246,0.00029105546285801377,0.13194598940823904,-0.10957824127359367,0.00010849555742120526,-6.968126199346325e-05,-0.05621531472598688,0.03610428082561179,-986.8520628688456,788.141639236766,-887.4968510528058,-99.3552118160398,8282.079121227991,-8939.87263775013,8610.97587948906,-328.8967582610694,1136.5628890303267,348.98804499031286,393.78742202000694,742.7754670103197
250,28,22,46.666666666666686,86.66666666666669,0.0010820089022196666,-0.0009540212761607362,-0.18039494868592051,0.1590565648815272,0.0004527321415248118,-0.0012012744526855483,-0.06601999876413023,0.17517673389516716,-0.00044868124883870754,0.0003673557730567341,0.1689221073447772,-0.13830422263160072,9.237632116473162e-05,-8.444244322391165e-05,-0.04786337884180754,0.04375256125589237,-2244.051458692702,1358.3735355160402,-1801.212497104371,-442.8389615883309,5574.858340522381,-7555.548869678641,6565.203605100511,-990.3452645781299,-1272.9689963821547,2843.972078342584,-2058.470537362369,785.5015409802147
245,28,23,53.33333333333334,86.66666666666669,0.0007025947722859921,-0.0006562252916878984,-0.11713817477242548,0.10940735106485151,0.0004921905141267324,-0.0011154156375923503,-0.07177404507866746,0.16265630879954368,-0.000455028740047091,0.00039485236284681483,0.17131184748668812,-0.1486562975269905,0.00010581463022086554,-8.008823362654055e-05,-0.054826233275034296,0.04149649410699648,-2250.505425160027,1779.9943769175566,-2015.2499010387917,-235.2555241212351,4253.760432741734,-6128.854818124184,5191.307625432959,-937.5471926912251,-2487.751183331698,3532.148491555252,-3009.949837443475,522.1986541117769
188,28,24,60.0,86.66666666666669,0.0001658961722019598,-0.0002037875640877751,-0.02765858156080818,0.03397591932102196,0.0004884614878620678,-0.0011019811141517052,-0.0712302570706957,0.1606972095008705,-0.00045310015607910673,0.0003635997282762329,0.170585763058363,-0.13689012520442767,8.256713775074625e-05,-6.121024698277732e-05,-0.042780900388967744,0.031715153877071904,-2681.2131969305183,1884.0063745310772,-2282.6097857307977,-398.60341119972054,2183.9900808601124,-4354.890319601758,3269.4402002309353,-1085.450119370823,-3689.063243335602,4371.994143601636,-4030.528693468619,341.46545013301716
183,28,25,66.66666666666669,86.66666666666669,4.446341522293832e-05,-3.49058225715457e-05,-0.007413040217218414,0.005819576954234214,0.0006866822970857838,-0.0014000273526540475,-0.10013595291084276,0.20416002226098445,-0.0003930372918772698,0.0003635203957717482,0.14797294912776623,-0.13686025764505633,8.484903620593189e-05,-5.103775144206586e-05,-0.043963231194762864,0.02644443079898552,-2092.8072228569577,1929.5460936371542,-2011.176658247056,-81.63056460990174,2380.123012292536,-4686.1311398756325,3533.1270760840844,-1153.0040637915483,-4165.417885213327,5419.6388474284095,-4792.528366320868,627.1104811075411
126,28,26,73.33333333333334,86.66666666666669,-8.380589831061588e-05,9.795924231144538e-05,0.013972307154134462,-0.016331984380011367,0.0004676747749029777,-0.0009310879777652966,-0.06819901930779379,0.13577659172668335,-0.0003381281100404777,0.0002957634508055048,0.12730042329243138,-0.11135073176099955,6.1781316365198e-05,-4.756293013178903e-05,-0.03201104474879233,0.02464400524962013,-2023.054345433125,1630.0688083936057,-1826.5615769133653,-196.4927685197597,1174.2614696220871,-2646.7713583812374,1910.5164140016623,-736.2549443795751,-3532.3421806960573,4305.969599216825,-3919.1558899564416,386.81370926038403
121,28,27,80.0,86.66666666666669,-0.00012748567085687498,0.0001614597986939927,0.02125469670835219,-0.026918939428770685,0.000624469724829741,-0.0012368363475377228,-0.09106375863361756,0.18036257346530077,-0.00030024918349035913,0.00029111251239987747,0.1130395463037783,-0.10959971961453084,6.356499696922997e-05,-3.247824052102529e-05,-0.03293523159025924,0.01682810389689645,-1623.618583540621,1655.3510004953448,-1639.484792017983,15.866208477361852,1528.3611341408468,-3406.4900730559684,2467.4256035984076,-939.0644694575608,-3822.86891904331,5035.483334372528,-4429.176126707919,606.3072076646088
64,28,28,86.66666666666669,86.66666666666669,-0.00010335892560703183,0.00016719793084810804,0.01723223167837397,-0.027875613679205383,0.00040966107138692634,-0.0007381080587512412,-0.05973912816436274,0.10763515257040986,-0.0002305874613405021,0.00023978735931177406,0.08681289890704175,-0.09027652961745473,5.545088888469854e-05,-1.9712004760140135e-05,-0.0287310305101931,0.010213473968979763,-1201.6022592025413,1576.1306471494145,-1388.8664531759778,187.2641939734366,924.2716172944466,-1751.6975239377832,1337.984570616115,-413.7129533216683,-2839.8816722747565,3536.9345762880466,-3188.408124281402,348.52645200664506
59,28,29,93.33333333333334,86.66666666666669,-0.0001359844241569922,0.00017189497400204088,0.022671627902100994,-0.028658715238712926,0.0005908312468999633,-0.0009989813644043107,-0.0861584027561413,0.14567719495512604,-0.00024118378956062512,0.00022063020051761215,0.09080226574083061,-0.0830641318570757,4.4279090551899164e-05,-2.9051915729365065e-05,-0.022942533964703894,0.015052806077384207,-1355.822653487713,1193.072731247724,-1274.4476923677184,-81.37496111999451,1391.1595294516574,-2595.322671069158,1993.2411002604076,-602.0815708087503,-3311.762920578742,4121.011267422966,-3716.3870940008537,404.6241734221119
2,28,30,100.0,86.66666666666669,-0.00015747544096746813,0.0002756055287656151,0.026254658380668153,-0.045949571317977514,0.0005326860393643786,-0.0010023617457562838,-0.0776793349419799,0.14617014156131994,-0.0001916218857809689,0.0002811499064791683,0.07214291402477925,-0.10584894021127408,5.631037529858726e-05,-4.171938939762205e-05,-0.02917636025832176,0.021616263936581656,-821.3616139972361,1599.8808879149612,-1210.6212509560987,389.2596369588626,1127.490945397737,-2202.360405088399,1664.925675243068,-537.434729845331,-3067.1204059135043,4811.686205747301,-3939.4033058304026,872.2828999168983
931,29,0,-100.0,93.33333333333334,0.0002840563737798218,-0.0003024218496019858,-0.04735851513494898,0.05042044841639918,-5.241402119772733e-05,-3.557581880718457e-05,0.007643313335435916,0.0051878700411521934,0.00013378393026835636,-6.256354946213241e-05,-0.050367746564602744,0.02355428635688704,-4.416814332770711e-05,2.1799627381787522e-05,0.022885048356314257,-0.011295143721128165,710.596668241118,-400.31361178825364,555.4551400146859,155.14152822643217,928.0223483995289,-1280.2052674190231,1104.1138079092761,-176.0914595097471,1896.5244316156382,-1198.9861325441007,1547.7552820798694,348.76914953576875
928,29,1,-93.33333333333333,93.33333333333334,0.00023147672090731233,-0.00019676816125494147,-0.038592317590361476,0.032805628752028325,-8.106353694696254e-05,-4.8494496117236425e-06,0.01182115011986881,0.0007071745697011893,0.0001016301544034844,-5.9245802702859266e-05,-0.03826230736418204,0.02230520189957291,-3.151561512745162e-05,-3.5258036567332695e-06,0.016329334262920686,0.0018268412729179407,550.9867698628115,-617.6945541552885,584.34066200905,-33.353892146238536,629.8521860684746,-778.6391749911768,704.2456805298257,-74.39349446135111,1560.9390145473303,-783.6279236965869,1172.2834691219587,388.6555454253717
869,29,2,-86.66666666666667,93.33333333333334,0.00035167339995473973,-0.00036824926948385994,-0.05863177725145836,0.06139534336167793,-4.6823689770759074e-05,-2.257644171214716e-05,0.006828099128075964,0.0032922262795709364,0.00013358706422036382,-5.666360470081176e-05,-0.05029362929810763,0.021333041085595722,-2.4662523280281054e-05,2.4641813131764964e-05,0.012778509471642255,-0.012767778824742733,959.7008399795956,-332.59685700470607,646.1488484921508,313.55199148744475,1208.3850240069692,-1488.0357876232674,1348.2104058151183,-139.82538180814913,1909.5996684615184,-1391.2631366426263,1650.4314025520723,259.16826590944606
866,29,3,-80.0,93.33333333333334,0.00037648728690535657,-0.00034776920581630014,-0.06276880408550005,0.05798086125638764,-7.381859828458561e-05,-1.7385627687085336e-05,0.0107646515909034,0.002535271992284863,0.000147583484182622,-7.943547966930448e-05,-0.05556308230383616,0.029906328063435038,-3.0342502642700067e-05,1.9326625192396386e-05,0.015721503959940892,-0.010013795436470142,1010.9717571003074,-581.3989962846936,796.1853766925005,214.78638040780692,1215.8542775246647,-1396.9861943928902,1306.4202359587775,-90.56595843411276,2152.8523601076704,-1428.1299549954526,1790.4911575515616,362.3612025561089
807,29,4,-73.33333333333333,93.33333333333334,0.0004266165082249725,-0.00046172542218918657,-0.07112646019079277,0.07697989699708901,-3.4385388908549974e-05,-1.2107970955700474e-05,0.005014274722357421,0.0017656538032382245,0.00013722603260388178,-8.599099598954866e-05,-0.05166364912732017,0.03237438670064099,-1.3440871136363539e-05,2.4102907006501264e-05,0.00696418193593641,-0.01248855285310364,1151.0830889314168,-617.59180544825,884.3374471898335,266.74564174158337,1538.4888006079777,-1815.962415932471,1677.2256082702243,-138.73680766224663,2009.348898283625,-1807.7868530924811,1908.567875688053,100.78102259557193
804,29,5,-66.66666666666666,93.33333333333334,0.0005208100488760957,-0.0005741892402620838,-0.08683061835201172,0.09573011674912965,-4.469193680910947e-05,-1.6839794999775342e-06,0.00651723467869199,0.00024556755377007946,0.0002006850148896049,-0.00015350754049266039,-0.07555505320405424,0.057793405230214,-2.9721594699638563e-05,3.822873809164552e-05,0.015399789999805546,-0.019807636316905543,1535.216859563135,-1067.6028449600772,1301.409852261606,233.80700730152887,1872.1213498947413,-2220.111421796818,2046.1163858457796,-173.9950359510383,2734.1501804363697,-2585.1483982363497,2659.6492893363597,74.50089110001
745,29,6,-60.0,93.33333333333334,0.0005536984469046841,-0.0006629923039564333,-0.09231384576590675,0.11053556251342193,-3.3440448347420156e-05,1.9333843810398287e-05,0.004876478067435036,-0.002819372046723632,0.0001977414132560164,-0.0001756375817413617,-0.07444682906405226,0.06612505094314038,-1.3201484390226132e-05,2.1259409715454686e-05,0.0068401473524455835,-0.011015238194530971,1717.063045706424,-1475.1479854936604,1596.105515600042,120.9575301063818,2037.2582097866075,-2497.133482662269,2267.1958462244384,-229.93763643783086,2652.237302157513,-2850.5970954703052,2751.417198813909,-99.17989665639607
742,29,7,-53.33333333333333,93.33333333333334,0.000610533768529318,-0.0007373168433996407,-0.10178955794072407,0.12292711627185864,-2.3960146117000228e-05,5.276746668968197e-06,0.003494005995918543,-0.0007694854785228813,0.0002658431053099349,-0.0002286599088826235,-0.10008614732232074,0.08608720282759737,-3.946905943096922e-05,4.7254153712788346e-05,0.020450289860596275,-0.024484017467754565,2021.5320921599707,-1660.6228669218647,1841.0774795409177,180.45461261905302,2291.9763801525096,-2831.5513940931,2561.7638871228046,-269.7875069702952,3334.7934280084287,-3487.3518876331964,3411.0726578208123,-76.27922981238385
683,29,8,-46.666666666666664,93.33333333333334,0.00038115715259387235,-0.00048251642608659136,-0.06354737455707545,0.08044621975423734,-4.075236760383186e-06,8.70499730417684e-06,0.0005942744090973514,-0.0012694126582837627,0.00020196720539426136,-0.00020054421376019112,-0.0760377796888909,0.07550204358183656,-3.412995874280099e-06,3.4527294684944235e-05,0.00176839164470389,-0.017889789992190742,1822.8963872491101,-1481.0577903999144,1651.9770888245123,170.91929842459786,1475.7093792168957,-1842.983929075768,1659.3466541463317,-183.6372749294361,2082.5373642684185,-2587.597028961584,2335.067196615001,-252.52983234658268
680,29,9,-40.0,93.33333333333334,0.0006019253781103844,-0.0008505798909002997,-0.10035434780085718,0.1418105853449664,-2.2204089673444166e-05,1.7375890019204236e-05,0.0032379277686408353,-0.0025338519896773376,0.00029877211962768546,-0.0002890482145227745,-0.11248345277187466,0.10882254083005943,-3.311366691871751e-05,4.038189201533624e-05,0.01715734037238449,-0.020923260111563424,2376.721987815952,-2292.3375206732317,2334.529754244592,42.19223357136025,2270.9155768339488,-3235.667848042644,2753.2917124382966,-482.3761356043476,3431.663714062767,-4072.9046880503033,3752.2842010565355,-320.62048699376805
621,29,10,-33.33333333333333,93.33333333333334,0.0003986424847634521,-0.0005156909050224742,-0.06646256831658783,0.08597714321803135,-4.974378430279592e-06,1.5809399577509258e-05,0.0007253924068949199,-0.0023054173645667714,0.00015477884153268108,-0.0001786257375784879,-0.05827203198652648,0.0672500491069558,-9.523541969431448e-06,3.8694350421793395e-05,0.004934477704366324,-0.020048886228899145,1351.0359896457082,-1251.839540702491,1301.4377651740997,49.59822447160866,1531.4103981532628,-1942.5413585205647,1736.9758783369139,-205.56548018365095,1930.4945712970962,-2607.767651860383,2269.1311115787394,-338.6365402816434
618,29,11,-26.666666666666657,93.33333333333334,0.0006600853528016691,-0.0009853238436930297,-0.1100509091031585,0.1642753990816355,-2.062701975613217e-06,6.6980139001635156e-06,0.0003007950383688195,-0.0009767428217523355,0.00034022012975166874,-0.0003564940302534181,-0.1280880389530721,0.1342149309829705,-4.184621236894631e-05,5.125688555401404e-05,0.02168197532068746,-0.026557971789632196,2660.030422677732,-2795.7572063255147,2727.8938145016236,-67.86339182389133,2564.568606705656,-3794.9447461816144,3179.756676443635,-615.1880697379793,3819.9205148893448,-4834.496494012562,4327.208504450953,-507.2879895616086
559,29,12,-20.0,93.33333333333334,0.00031489264135510644,-0.0003994879004281395,-0.05249960676136469,0.06660351791056686,1.152687334965611e-05,7.80608314988363e-06,-0.0016809148158456416,-0.001138327838116992,0.00010980774380817883,-0.00015234902570532237,-0.0413410534424205,0.05735724089356357,-2.722548803675403e-05,3.6448458344109656e-05,0.014106470485358204,-0.018885211577250084,738.038409367667,-1016.903853836932,877.4711316022995,-139.43272223463248,1255.2606550343085,-1520.473423044316,1387.8670390393122,-132.60638400500375,1574.9526420155169,-2132.3692591500544,1853.6609505827855,-278.7083085672688
556,29,13,-13.333333333333329,93.33333333333334,0.0005845374741738575,-0.0008517374831376971,-0.09745539749467137,0.14200358171665625,6.397056258224104e-06,1.6985632502409346e-05,-0.0009328554514366882,-0.0024769423991858946,0.0002876919076726889,-0.0002689799861495577,-0.10831191059553187,0.10126713833384622,-5.204634177498273e-05,6.696487743281466e-05,0.026967016463709047,-0.034696827685380016,2068.224618795218,-1811.7623933271334,1939.9935060611756,128.2311127340422,2293.480302067683,-3233.8620608604824,2763.671181464083,-470.1908793963996,3407.4417304052045,-4173.474700618598,3790.4582155119015,-383.0164851066968
497,29,14,-6.666666666666657,93.33333333333334,0.0007223221901586314,-0.0005588679054972852,-0.12042717408429807,0.09317570948591239,0.00011841249861961771,-0.00020192446749845333,-0.01726759002838833,0.02944578454225994,0.00010224160546198331,-0.00013298466231870002,-0.03849250998933556,0.05006683355177117,-1.6102216723526233e-05,2.5489953190355455e-05,0.008343117473325765,-0.013207229632302368,981.1830891793453,-1119.0360941243591,1050.1095916518523,-68.92650247250691,3166.353877062755,-2818.347145782113,2992.350511422434,174.00336564032114,2265.436376409913,-1879.8153677914004,2072.6258721006566,192.81050430925632
494,29,15,0.0,93.33333333333334,0.0005585630365939976,-0.0006248519876818422,-0.09312488105922229,0.10417672352133496,9.625996398220377e-05,-0.00016533406560353224,-0.014037180310936738,0.024109962173329842,0.00016755735282458786,-0.00016095423465731053,-0.06308295970357465,0.060596979648134354,-5.177964142354944e-05,7.040565967719532e-05,0.026828829753121914,-0.036479616413037555,1066.6489490977137,-844.9852832839438,955.8171161908288,110.83183290688498,2470.9335926191243,-2947.440050507481,2709.1868215633026,-238.25322894417832,2503.715132387958,-2625.2800352197883,2564.497583803873,-60.78245141591515
435,29,16,6.666666666666671,93.33333333333334,0.0020326318913256604,4.095496118816763e-06,-0.3388849435349806,-0.0006828102898984707,0.00041612970405439877,-0.0009904147648424914,-0.06068242129851884,0.1444279642497927,9.901866385877877e-05,-8.9702088028517e-05,-0.03727911832460348,0.033771560060114975,1.243857925067484e-05,1.6946925424667226e-05,-0.006444859715372559,-0.008780790375471153,1841.4075000030168,-997.1284104912202,1419.2679552471186,422.1395447558983,9163.301413360343,-3249.2771490765435,6206.289281218444,2957.0121321418997,4757.512508872913,1692.4435466105977,1532.5344811311575,3224.9780277417553
432,29,17,13.333333333333343,93.33333333333334,0.0015667244290173024,-0.0008502344655356201,-0.26120780743833083,0.14175299525415627,0.0005285863446764874,-0.0008406940258683134,-0.0770814939375478,0.12259482695861548,0.00015812032474608791,-0.00017805456230093007,-0.059530052881152255,0.06703500974037199,2.160153892886028e-06,2.733670976954391e-05,-0.0011192507217020833,-0.01416409832618195,2126.2403798706023,-1853.8701065949467,1990.0552432327745,136.18513663782778,7757.114161446388,-6038.69016539749,6897.902163421939,859.2119980244488,3672.4741335545386,-1417.7558047933278,2545.1149691739333,1127.3591643806053
373,29,18,20.0,93.33333333333334,0.0033058244824018834,-0.0007191320944108711,-0.5511544652212826,0.119895314173035,0.0005872697631266236,-0.001360484048476886,-0.08563904675565405,0.19839359073678758,-2.0004614676135795e-06,1.3114326439804748e-05,0.0007531452844216993,-0.0049373573429976475,5.628324469902131e-05,-5.684373025002165e-05,-0.029162302952847184,0.02945270997409075,1970.8095083210073,-1362.799967996577,1666.8047381587921,304.0047701622152,14589.882191555416,-7229.463507926838,10909.672849741128,3680.209341814289,6816.694669572004,1761.701371821791,2527.4966488751065,4289.198020696897
370,29,19,26.66666666666667,93.33333333333334,0.0024191124271984855,-0.001026911370875616,-0.4033198444806765,0.17120896480062983,0.0007598616902788806,-0.0013111188956434787,-0.1108073919473912,0.19119488088138395,2.526339385489354e-05,-2.3015850551875586e-05,-0.009511308394757128,0.00866514031423876,5.441342939777459e-05,-2.201037373108186e-05,-0.028193486734585087,0.011404338720762484,1966.5958837838807,-1349.8420422622657,1658.2189630230732,308.3769207608075,11767.379891525077,-8244.864943380984,10006.12241745303,1761.2574740720465,4266.861872552066,391.61469177510634,1937.6235903884801,2329.2382821635865
311,29,20,33.33333333333334,93.33333333333334,0.0029336437530039596,-0.0014189182931098482,-0.4891036600533263,0.2365652372637314,0.0005572776777938703,-0.0013722892189142494,-0.08126542877056221,0.20011508843089898,-0.00026610113521850624,0.0002255706181683273,0.10018329191221984,-0.08492412882125046,9.397829232872775e-05,-4.5473141942328534e-05,-0.048693415714344004,0.023561213441610017,-1.107533703388537,363.9120299461999,-182.5097818247942,181.40224812140568,13032.787740241036,-9911.817110242331,11472.302425241684,1560.4853149993523,4249.47166549953,988.7381441839738,1630.366760657778,2619.1049048417517
308,29,21,40.0,93.33333333333334,0.0017588833936941807,-0.0016003979268409442,-0.2932449806088225,0.2668219284492669,0.0003550673141865132,-0.0007772152837688173,-0.05177795321716061,0.11333799252922784,-0.00026536965389317545,0.00020003598404248648,0.09990789959912888,-0.07531070232308748,0.00010546133765789046,-7.947205333152042e-05,-0.054643180133596515,0.04117722970543179,-333.3591887152258,-55.930268905050994,-138.7144599050874,-194.6447288101384,7874.673802716559,-8660.809613907324,8267.741708311942,-393.0679055953824,1571.5784999389987,-726.963166088758,1149.2708330138785,422.3076669251203
249,29,22,46.666666666666686,93.33333333333334,0.0012086259980607383,-0.001204782605498056,-0.20150483462138138,0.20086405560126186,0.0004308795862122366,-0.0010893116574350898,-0.06283333375318084,0.158849676622034,-0.00045395164422785966,0.00035192605808105566,0.1709063362332811,-0.13249515444306623,0.00010780638834062057,-7.55667262904215e-05,-0.055858232300813625,0.03915374419190998,-2078.255337389329,1293.943122669383,-1686.099230029356,-392.1561073599729,5989.390003325777,-8148.237080745821,7068.813542035799,-1079.423538710022,-1038.4081925937312,1784.8115760389637,-1411.6098843163475,373.20169172261626
246,29,23,53.33333333333334,93.33333333333334,0.0008159777671218371,-0.0007877377533245336,-0.13604164173402708,0.1313334033550234,0.000404750260816608,-0.0009443970263499333,-0.05902300558757519,0.1377173935618482,-0.00042587021165131926,0.00036818872918870153,0.16033407634863703,-0.13861781876583157,0.00010604773377025091,-8.536070497828809e-05,-0.05494701231616656,0.044228344548315174,-1996.8220780894653,1519.0605456967041,-1757.9413118930847,-238.8807661963806,4404.90160376881,-6075.23823737581,5240.06992057231,-835.1683168035001,-1840.761486205621,2697.122715560523,-2268.942100883072,428.180614677451
187,29,24,60.0,93.33333333333334,0.00018521378657088104,-0.0002646169796389726,-0.030879257514275033,0.04411753578502868,0.00046801741340370226,-0.001056929816444924,-0.06824898482011238,0.1541275707539799,-0.0004582427145453998,0.00036283510968875937,0.17252186316399107,-0.13660225718354355,8.637861335298835e-05,-5.771003362737622e-05,-0.04475575821396273,0.02990157182764213,-2683.675113073981,1917.2817286941474,-2300.4784208840642,-383.1966921899167,2190.5963184461157,-4439.199434434413,3314.8978764402646,-1124.3015579941487,-3647.6862745702892,4079.133239661779,-3863.409757116034,215.7234825457449
184,29,25,66.66666666666669,93.33333333333334,0.0001092028092309686,-9.636965863146443e-05,-0.01820653705081955,0.016066965427030587,0.0005860956915999694,-0.0012016020296532405,-0.08546783690852976,0.17522450304831225,-0.00037664411129785535,0.0003492451398732207,0.1418011498454797,-0.13148582687598248,9.490198325311126e-05,-6.418474587599784e-05,-0.04917201204822125,0.033256345013454876,-1856.725700976483,1718.6378623637552,-1787.681781670119,-69.04391930636393,2301.59488172172,-4273.809211786344,3287.7020467540324,-986.1071650323122,-3756.5671645197062,4828.832391780434,-4292.69977815007,536.1326136303637
125,29,26,73.33333333333334,93.33333333333334,-0.00010081568002926763,0.0001105629629998043,0.01680821607688003,-0.018433304934919882,0.0004522711721580658,-0.0008863555659301053,-0.06595277756591715,0.12925345474743258,-0.000341112046063536,0.00029341494845090113,0.12842383275628041,-0.11046655403378092,6.751223232264189e-05,-4.327333680780681e-05,-0.03498043125523855,0.022421418035122605,-1994.435074426199,1682.8187162676263,-1838.6268953469125,-155.80817907928633,1059.0558742439343,-2451.2125447794215,1755.134209511678,-696.0783352677436,-3600.576443068037,4190.776047235598,-3895.676245151817,295.09980208378033
122,29,27,80.0,93.33333333333334,-6.741029198631643e-05,0.00010983734012744479,0.011238794929346785,-0.018312327463703062,0.0005690874895495714,-0.0010979270818456857,-0.08298760328834662,0.16010602724698475,-0.0002698427505792368,0.0002676548942018726,0.10159195686811907,-0.10076826006601597,6.383136181015708e-05,-2.701954558788888e-05,-0.03307324446120586,0.013999764553303772,-1362.615936711782,1558.9979887616346,-1460.8069627367083,98.19102602492626,1581.019279188276,-3150.3480977311006,2365.6836884596883,-784.6644092714123,-3382.2327347806317,4417.115313665707,-3899.674024223169,517.4412894425375
63,29,28,86.66666666666669,93.33333333333334,-0.00011961199926135929,0.00015401010439000925,0.01994198053704431,-0.02567690970153277,0.0003837738680978541,-0.0006715877515383404,-0.05596410763369058,0.09793477966294624,-0.00023561268553228378,0.00021729761407886597,0.08870482432748843,-0.08180946047154607,5.173841938272548e-05,-3.202086344875635e-05,-0.026807471182746814,0.01659112095789711,-1304.3109251241488,1263.7659841467805,-1284.0384546354646,-20.27247048868412,775.6278870143531,-1589.1200496429076,1182.3739683286303,-406.74608131427726,-2820.477561189508,3326.1647223596497,-3073.321141774579,252.84358058507087
60,29,29,93.33333333333334,93.33333333333334,-8.166194732224248e-05,0.0001521349034313077,0.013614862841301785,-0.02536427199584772,0.0005150720542648229,-0.0009010524142004805,-0.07511076256143831,0.13139663349630346,-0.00022844502657290024,0.00020287271888479408,0.08600630269485611,-0.07637869263643621,5.349820248843284e-05,-1.1938241583141898e-05,-0.02771927590072948,0.006185617400588773,-1153.7050589944702,1273.9486108734127,-1213.8268349339414,60.12177593947126,1353.6368400881104,-2349.0645313497703,1851.3506857189404,-497.71384563082995,-2999.890617281194,3620.603026279729,-3310.2468217804617,310.3562044992675
1,29,30,100.0,93.33333333333334,-0.00011488053720524464,0.00023034149322919326,0.01915314058104097,-0.03840304988810781,0.0005255209131761427,-0.0009783171913499262,-0.0766344751259771,0.14266382666429203,-0.00018989136347496367,0.00026080177549445935,0.07149139699460662,-0.09818815836366845,5.681275653011297e-05,-4.8921244415934027e-05,-0.02943666141455258,0.02534779503415089,-789.7146077520993,1336.5412019252703,-1063.1279048386848,273.41329708658554,1267.3089446998135,-2300.910908001157,1784.1099263504852,-516.8009816506718,-2934.506901975915,4587.287601963371,-3760.897251969643,826.3903499937283
930,30,0,-100.0,100.0,0.00021184394949628376,-0.00019077397366304316,-0.0353190979486474,0.03180626436525108,-4.000736775613587e-05,-3.420139703900226e-05,0.005834103938192423,0.004987443972149941,0.00010277942076499029,-4.1439640826080454e-05,-0.0386949898000728,0.015601435259596882,-3.3803125758376194e-05,9.618948956998166e-06,0.017514572931792968,-0.004983911376680664,545.4285933430145,-322.4671168273405,433.9478550851775,111.48073825783703,689.4028283047279,-847.2086057807876,768.3057170427578,-78.90288873802984,1438.7989154665956,-707.9859155424174,1073.3924155045065,365.40649996208913
929,30,1,-93.33333333333333,100.0,0.0001858594666306685,-0.00014583012885038122,-0.030986906740648253,0.024313125850312933,-6.031008676928323e-05,-3.691169943192342e-05,0.008794762926622146,0.00538267581945908,8.352024796572762e-05,-3.236334824189275e-05,-0.031444185218002636,0.012184340219037448,-2.5383581109428485e-05,-2.835902553226288e-06,0.013152114564464584,0.0014693795612564589,460.04829145857417,-375.17283957098147,417.6105655147778,42.43772594379635,521.706901321004,-684.8013976669154,603.2541494939596,-81.54724817295568,1252.9436290518395,-442.099770882941,847.5216999673903,405.42192908444923
868,30,2,-86.66666666666667,100.0,0.000302437237655109,-0.00026087655677467346,-0.050423013947096605,0.0434939241037526,-5.376307497597999e-05,-2.4280692852506523e-05,0.00784004009857894,0.00354074996026509,0.00011023971210830516,-3.717175604250345e-05,-0.04150368336232988,0.013994637352591635,-3.3499885262727096e-05,1.8542369384271488e-05,0.017357453503995583,-0.009607445276820125,637.0422408401313,-200.98973691080323,419.01598887546726,218.02625196466403,992.1019826355712,-1080.7500494538206,1036.4260160446959,-44.324033409124695,1743.018041430685,-959.3219897713085,1351.1700156009967,391.8480258296882
867,30,3,-80.0,100.0,0.00030745901950833223,-0.0002685807169327591,-0.051260256670207005,0.04477837894837996,-6.07064189527232e-05,-1.1874744709288738e-05,0.008852558359861687,0.0017316434136776199,0.00011118893583956103,-5.305161968392045e-05,-0.041861052593694964,0.019973180110058553,-2.495746751614125e-05,4.847516794761644e-07,0.01293133031923814,-0.000251166673303595,742.9770320188894,-544.4011707409821,643.6891013799358,99.28793063895364,990.0798675266187,-1074.9256657868611,1032.5027666567398,-42.42289913012121,1711.7265869917824,-952.7964499612827,1332.2615184765325,379.4650685152498
806,30,4,-73.33333333333333,100.0,0.00038948663730962383,-0.0003766500867672485,-0.06493608491315078,0.06279594644326793,-4.367064201103307e-05,1.776380412527093e-05,0.006368303610798898,-0.0025904198505693355,0.00013017574308412636,-8.413149975522829e-05,-0.0490093154190354,0.03167431282121308,-1.479358849524666e-05,2.5914358730155708e-05,0.007665071759191586,-0.013427128875722085,1058.5388801174004,-539.9101688125661,799.2245244649832,259.31435565241713,1364.5792407172582,-1391.6493721111883,1378.1143064142234,-13.535065696965034,1907.5589277078548,-1659.127275551603,1783.3431016297288,124.21582607812593
805,30,5,-66.66666666666666,100.0,0.00041210301313287227,-0.00040567796005349293,-0.06870673776797184,0.06763553852166135,-6.156711048542168e-05,3.443198410439595e-06,0.00897806933801683,-0.0005021069501190233,0.00016027901751955784,-0.00010612464320252943,-0.060342770001264326,0.03995441845939099,-1.8812607846497693e-05,1.0116938050988744e-05,0.009747465205434673,-0.005241936813981361,1270.9324307035026,-928.1498858098881,1099.5411582566953,171.39127244680725,1396.2804164570284,-1555.8012551343684,1476.0408357956985,-79.76041933866998,2195.5401701416536,-1695.8124302884742,1945.6763002150637,249.8638699265897
744,30,6,-60.0,100.0,0.0005364107088175466,-0.0006033589838917663,-0.08943159533457742,0.10059336176907657,-4.395201055940344e-05,2.0413519112651278e-05,0.006409334387083332,-0.002976816494737266,0.00020299619533311477,-0.00016880564415623102,-0.07642517976267954,0.06355292363201415,-2.76723117785574e-05,3.704247969524567e-05,0.014337985377484196,-0.019192994660740103,1584.3209021523912,-1213.2368446350579,1398.7788733937246,185.54202875866667,1934.9525463859982,-2261.6871754155163,2098.3198609007572,-163.36731451475907,2769.474481346177,-2782.7758304621943,2776.1251559041857,-6.650674558008632
743,30,7,-53.33333333333333,100.0,0.0005488352481010892,-0.0006336728303751166,-0.09150304236417481,0.10564735418043167,-4.4945343689659764e-05,1.2871831847023004e-05,0.006554187924124059,-0.0018770443816301873,0.0002340219445672919,-0.00018994945624863812,-0.088105932983708,0.07151326809747974,-3.251218808405803e-05,3.9684792686423725e-05,0.016845693307794233,-0.020562068749432755,1799.00577838817,-1377.8264814855193,1588.4161299368448,210.5896484513254,1983.1896879019757,-2405.278847711365,2194.2342678066702,-211.04457990469461,3003.0990045430326,-2974.9506429043613,2989.024823723697,14.074180819335652
682,30,8,-46.666666666666664,100.0,0.00044370153023780935,-0.0005476648508840519,-0.07397491334397932,0.09130791111758668,-9.11306929282167e-06,1.5287979314586637e-05,0.00132892005728413,-0.0022293808697912898,0.00021649586112759193,-0.00023030391327852283,-0.08150761189095652,0.08670614709540032,-1.9626876594443617e-05,4.552209597527168e-05,0.010169366111105941,-0.02358657822551837,1778.3256643462971,-1628.369473935321,1703.347569140809,74.9780952054881,1698.0351905025286,-2073.407256590556,1885.7212235465422,-187.68603304401358,2456.8205697358894,-3011.837466466401,2734.3290181011453,-277.50844836525584
681,30,9,-40.0,100.0,0.0005046281753241002,-0.0006431806160712037,-0.08413274013394356,0.10723251351622257,-1.8973709359669497e-05,2.214427582096076e-05,0.002766855174579417,-0.0032292053694452927,0.00024560624847786555,-0.0002367503825702186,-0.09246725861022174,0.08913315107763739,-3.3753195694869645e-05,3.7042113683784556e-05,0.01748870243256679,-0.019192805017496,1880.9426683017791,-1810.6466716875605,1845.7946699946697,35.14799830710933,1900.9105612863746,-2418.8224899486777,2159.8665256175263,-258.95596433115156,2898.161225973206,-3245.1911868465777,3071.676206409892,-173.51498043668585
620,30,10,-33.33333333333333,100.0,0.00046097849448000557,-0.0005948384400487026,-0.07685536753573857,0.09917279760718066,1.014471605091507e-05,1.2484259014364301e-05,-0.0014793607073889615,-0.0018205262871848525,0.00020652860168970174,-0.00022593201007816132,-0.07775508050468104,0.08506018773421935,-3.748796139502454e-05,4.771859175616409e-05,0.019423814194304174,-0.024724658941006134,1499.227746019045,-1581.9219495212094,1540.5748477701272,-41.347101751082164,1822.9135395836406,-2262.113511360708,2042.5135254721743,-219.59998588853364,2541.9982334444844,-3122.20250685282,2832.1003701486525,-290.10213670416783
619,30,11,-26.666666666666657,100.0,0.0005581073780166211,-0.0007581350247624657,-0.09304891264018664,0.12639797011693962,7.658584783337263e-06,1.1255151462925928e-05,-0.0011168187799257508,-0.001641290771116468,0.00027848368729033667,-0.00029888627731993904,-0.10484514661574,0.11252643151902533,-4.3616030288882666e-05,5.6961326682426775e-05,0.022598979424280997,-0.02951364076808301,2078.573684986866,-2157.043334009182,2117.8085094980243,-39.234824511158195,2196.472541346905,-2900.7343867471122,2548.603464047009,-352.1309227001036,3223.1833008270855,-3996.1807980121544,3609.68204941962,-386.4987485925344
558,30,12,-20.0,100.0,0.00038030111762710195,-0.0005274310843766835,-0.06340465448925797,0.08793449222673304,-1.549697514909218e-05,3.0450938804373997e-05,0.002259857841647745,-0.004440530631336231,0.00016189130297970925,-0.0001978251062350384,-0.06094977254098496,0.0744783382800557,-3.4537848015410326e-05,4.1140511770693866e-05,0.017895258039064364,-0.02131632734231849,1111.655727233111,-1386.400978439273,1249.028352836192,-137.37262560308102,1423.5607457243889,-1941.9032653370632,1682.732005530726,-259.17125980633716,2135.3167919655584,-2790.980573647093,2463.1486828063257,-327.8318908407673
557,30,13,-13.333333333333329,100.0,0.0005407595006802574,-0.0007643268947470092,-0.0901566356584695,0.12743029255517485,-1.8357096567731822e-06,1.1456207002827037e-05,0.00026769371589851094,-0.0016706098436503657,0.00024506335767627207,-0.000251789389649994,-0.09226286794646965,0.09479512330149094,-3.9868133927556415e-05,6.260455239394497e-05,0.020657064211159495,-0.032437591913946,1824.5136886001003,-1687.9830192453403,1756.2483539227203,68.26533467738,2094.3869508145763,-2915.6012352612743,2504.9940930379253,-410.607142223349,2996.7232590198632,-3810.025257295259,3403.374258157561,-406.6509991376979
496,30,14,-6.666666666666657,100.0,0.0006255431254193661,-0.00041773729248656297,-0.10429195155359954,0.06964609744681192,0.00010966748132056877,-0.00021108947860383522,-0.015992341424807866,0.03078227905270634,0.00010281719982260706,-0.00013608300218983176,-0.03870921307782876,0.051233314436935296,-1.9930986367311827e-05,2.4597357989700026e-05,0.01032693594160753,-0.012744745072377491,906.2474417959758,-1113.6725217477162,1009.9599817718461,-103.71253997587024,2766.6998768681383,-2308.9798582387834,2537.839867553461,228.86000931467743,2065.8052349305835,-1500.5343860153935,1783.1698104729885,282.63542445759504
495,30,15,0.0,100.0,0.0005615789183859415,-0.00047362221969097693,-0.0936276956294023,0.07896335773429704,0.00010529378958989889,-0.0001564658713560814,-0.015354544599336203,0.022816751200314168,0.00016540803741571435,-0.0001728270566331003,-0.062273773027832754,0.065066928221806,-4.0980091997322436e-05,4.558848130405624e-05,0.0212332082887582,-0.02362097476893004,1178.2393965939373,-1181.6512213694152,1179.9453089816761,-1.7059123877389766,2513.6295488895203,-2345.5165577326266,2429.5730533110736,84.05649557844686,2396.9920684521558,-2124.1127271054925,2260.5523977788243,136.43967067333165
434,30,16,6.666666666666671,100.0,0.0014781145659727279,-0.0002506360613123192,-0.24643457251928272,0.041786605753912666,0.0003978295318909752,-0.0007840123352117228,-0.05801378518281602,0.11432917757376429,8.856842325735837e-05,-0.0001057508497280173,-0.033344751401045085,0.039813690533742785,-1.2057744325240977e-05,2.530562066818082e-05,0.006247535919811064,-0.013111720553455452,1277.5567375609094,-1033.892980255481,1155.724858908195,121.83187865271418,6975.357694891083,-3547.0583689790637,5261.208031935073,1714.1496629560097,3488.254254393295,406.29061667083744,1540.9818188612287,1947.2724355320663
433,30,17,13.333333333333343,100.0,0.0011564385749612623,-0.00040486574902567836,-0.19280403050344158,0.06750012487914493,0.0003432501081736596,-0.0006210734173854389,-0.05005470042636818,0.09056848959325245,0.00013070503670705613,-0.00015773461029683293,-0.04920858693845116,0.0593848368780986,-4.683558910589477e-06,1.8558016374240025e-05,0.002426714461444193,-0.009615552525508483,1597.0916940278596,-1540.8706390360205,1568.98116653194,28.11052749591954,5572.686889181313,-3611.057337152095,4591.872113166704,980.8147760146089,2939.7732549620296,-590.2142746802946,1764.9937648211621,1174.7794901408674
372,30,18,20.0,100.0,0.002438076889059835,-0.0010378933408920284,-0.40648164205675563,0.17303990344957898,0.0005674165239421838,-0.0010591070952790807,-0.08274393349507088,0.15444507404733138,-5.557612345032092e-07,7.118205082844219e-06,0.00020923619865060423,-0.0026799029516354897,5.256400398501563e-05,-1.8245183328211707e-05,-0.027235235225384,0.009453462864353989,1646.9246855988981,-942.7604800857611,1294.8425828423296,352.08210275656853,11203.405655813007,-7453.653224830797,9328.529440321901,1874.876215491105,4638.545797412947,-88.50525453288155,2363.5255259729142,2275.0202714400325
371,30,19,26.66666666666667,100.0,0.002017405357565334,-0.0009535912275426437,-0.336346341707654,0.1589848662122888,0.0006272977892996706,-0.001004605891426669,-0.09147616322274346,0.14649739576042842,3.4696166954209e-05,-4.453646859717094e-05,-0.013062613278046984,0.016767346860606283,4.7723792169009816e-05,2.414303101292191e-07,-0.02472735345543397,-0.00012509342493736088,1781.8678649884203,-1122.2386157884418,1452.053240388431,329.8146245999892,9794.846994614403,-6956.805696571292,8375.826345592848,1419.0206490215555,3626.235362448864,-405.42053790565996,2015.827950177262,1610.4074122716022
310,30,20,33.33333333333334,100.0,0.0024510937911172296,-0.0011339137105873666,-0.4086518491353446,0.1890486346425106,0.0005820156770118869,-0.0012493850617229104,-0.08487286576918097,0.1821924989753545,-0.00025835375585807737,0.00021121343926834625,0.09726651379557175,-0.07951885520754837,7.313339059314186e-05,-1.494589501456058e-05,-0.037892948493838216,0.007743987054172855,-323.9304960049219,740.2935070134234,-532.1120015091726,208.18150550425077,11265.06560042319,-8414.41416257151,9839.73988149735,1425.3257189258402,3135.663688185408,1139.729508473347,997.9670898560304,2137.6965983293776
309,30,21,40.0,100.0,0.0019574500364177173,-0.0010681957732814524,-0.3263504562212364,0.1780919928776186,0.0005717614121972943,-0.0011049218898522206,-0.08337753003245513,0.16112605028840485,-0.00020642573200008158,0.0001522940977921994,0.07771635152994114,-0.057336561315665446,8.495173292176845e-05,-2.502098575514629e-05,-0.04401644192835691,0.01296424132390395,93.95104337002252,199.28454515167724,-52.66675089082736,146.61779426084988,9352.153465945825,-7699.000893201976,8525.5771795739,826.5762863719242,2054.457410936668,747.7756777403501,653.340866598159,1401.1165443385091
248,30,22,46.666666666666686,100.0,0.0011824120632064263,-0.001155544964002499,-0.19713438866368294,0.19265504568204078,0.0003915443450555978,-0.000937259861829519,-0.05709724317255275,0.13667661127669797,-0.00044808872833498897,0.00034055455001658167,0.1686990318041965,-0.12821394342542103,0.00010220314938124366,-7.724250976577125e-05,-0.05295499967937617,0.04002202578535504,-2118.140913944813,1257.6193116384247,-1687.8801127916188,-430.26080115319405,5759.79756842585,-7462.262891077578,6611.030229751714,-851.2326613258642,-942.6906136344724,1516.499733683757,-1229.5951736591146,286.90456002464236
247,30,23,53.33333333333334,100.0,0.0010102616740155824,-0.0009936264600290778,-0.16843309003237206,0.16565962988124144,0.0003620741805200982,-0.000824325506692177,-0.05279973467302474,0.12020787556581286,-0.0004143452781803457,0.00032602942251668156,0.1559951028480416,-0.12274543955305009,0.00010575368931256763,-7.52621590032266e-05,-0.054794657674879954,0.03899593730735311,-1855.452500834559,1256.8248379453164,-1556.1386693899376,-299.3138314446213,5009.928045200809,-6473.455834656114,5741.691939928462,-731.7638947276528,-1174.1534991045382,1587.2574384745105,-1380.7054687895243,206.55196968498615
186,30,24,60.0,100.0,0.00020352267762954726,-0.00025123027860046775,-0.03393175685716276,0.04188567499168321,0.00045488321056130174,-0.001054929453745005,-0.06633367999438775,0.1538358663865107,-0.000441295988133867,0.0003535903879147167,0.16614166175053596,-0.13312175094904116,8.740782233155575e-05,-5.655195811349223e-05,-0.04528902711477461,0.02930153270127765,-2525.405251891959,1856.3519450788626,-2190.8785984854107,-334.5266534065481,2220.2835757451617,-4382.621748388905,3301.452662067033,-1081.1690863218716,-3489.1662403149467,4052.2723168085518,-3770.719278561749,281.55303824680254
185,30,25,66.66666666666669,100.0,0.00020182149192870193,-0.0002295890902873358,-0.03364813136519161,0.03827760758369694,0.00046193589853767896,-0.0011360340572586234,-0.06736214342513956,0.1656630050687792,-0.00039639039130107053,0.0003619212151786194,0.1492353433603556,-0.1362581889013427,8.931329324931957e-05,-7.332023944411252e-05,-0.046276317745739856,0.03798976136998877,-2114.1682858458057,1706.104072742529,-1910.1361792941675,-204.03210655163832,2244.1532098443745,-4567.793076262618,3405.9731430534966,-1161.819933209122,-3289.9517088383395,4466.99879279175,-3878.475250815045,588.5235419767052
124,30,26,73.33333333333334,100.0,-7.411641436888674e-05,8.234321639442073e-05,0.012356854679690388,-0.013728445547566756,0.0004368615630011901,-0.0008898692941780123,-0.06370565993458169,0.12976584676316844,-0.00031916107731350503,0.0002619346314679215,0.12015960529165655,-0.09861466252191138,6.391177757829013e-05,-4.143958888597108e-05,-0.03311491066231105,0.021471289578213346,-1844.986449384939,1422.248460621529,-1633.617455003234,-211.36899438170508,1113.3717963853028,-2575.277269231714,1844.3245328085084,-730.9527364232056,-3353.44834368231,3946.999650844009,-3650.2239972631596,296.7756535808494
123,30,27,80.0,100.0,-4.862198690527812e-05,6.286346449014177e-05,0.008106366606403806,-0.01048073766089592,0.00048140295273464874,-0.001002077282995689,-0.0702009409748266,0.1461286595692536,-0.0003065604546279894,0.00027090093928710076,0.11541565010430957,-0.10199034986306477,5.8273493021498446e-05,-3.990298126876297e-05,-0.030193519700244184,0.020675119828364952,-1774.5047669226033,1463.011236456269,-1618.7580016894362,-155.74676523316714,1358.2714145082214,-3016.853828946183,2187.562621727202,-829.2912072189808,-3280.6859666324185,4189.605613352496,-3735.145789992457,454.45982336003885
62,30,28,86.66666666666669,100.0,-9.629817152096783e-05,0.00015757203025357853,0.01605504693578409,-0.026270761962880602,0.00036240200775495386,-0.000619564215373014,-0.052847540321563684,0.09034840909563296,-0.0002345654214541737,0.00020151426696255712,0.08831054430023363,-0.07586725481275902,4.7422152973504396e-05,-2.8900539489181516e-05,-0.024571063716830197,0.014974372792315047,-1346.8227821894304,1187.4102262902181,-1267.1165042398243,-79.70627794960615,794.0718591762709,-1406.465561014479,1100.268710095375,-306.196850919104,-2672.1052761985165,3109.4397757281645,-2890.7725259633407,218.66724976482396
61,30,29,93.33333333333334,100.0,-7.819120174476099e-05,0.00013577912500921228,0.013036212361562435,-0.02263739996815974,0.00039699966872271884,-0.0007043542304098637,-0.05789276977366447,0.10271297563400546,-0.00022195483531877426,0.0001937696422029781,0.08356283801574331,-0.07295151376414455,4.1373279809574076e-05,-2.6965635149741866e-05,-0.02143693254381077,0.01397183168379756,-1287.6840697758637,1099.8329504485657,-1193.7585101122147,-93.92555966364898,977.9626116387624,-1769.3100698504484,1373.6363407446054,-395.673729105843,-2592.50294470079,3192.6229302793663,-2892.562937490078,300.0599927892881
0,30,30,100.0,100.0,-0.00014949862305316266,0.00022341969524982064,0.02492474542396687,-0.03724903221899095,0.0005777274856454773,-0.0010677520512151668,-0.08424753709744759,0.1557057311287882,-0.00020539123285952805,0.0002526452031081652,0.07732687732008513,-0.0951173248938741,4.787797449706318e-05,-3.2487162050393594e-05,-0.024807240672041892,0.01683272645097329,-1015.8948748292398,1416.4770715473903,-1216.185973188315,200.29109835907525,1302.481338610725,-2619.746850014956,1961.1140943128407,-658.6327557021156,-3157.44174219925,4606.892894558582,-3882.167318378916,724.7255761796662
